fp_sol,normalized_hash,label,n_assessments,n_positive,n_negative,n_assessed_types,assessed_types,positive_types,assessed_swcs,source_datasets,source_path
002d5f79eff9f8d6d47a61fdaf5bf0c6,97cc995702f62b145df3a82af50d3a1d928362ff476348acb021a89746d4387e,0,5,0,5,4,bad_randomness|denial_service|reentrancy|unchecked_low_calls,,104|107|113|120|128,CodeSmells,C:\Users\Exauce\Documents\smart-contract-cgt\source\002d5f79eff9f8d6d47a61fdaf5bf0c6.sol
007c010f1192c459d19859ee01c41a34,1195baf722ef81e047d6e61f86f81ea89dfc5edb7065e855012dc003a092e11e,0,5,0,5,4,bad_randomness|denial_service|reentrancy|unchecked_low_calls,,104|107|113|120|128,CodeSmells,C:\Users\Exauce\Documents\smart-contract-cgt\source\007c010f1192c459d19859ee01c41a34.sol
01271d3f726e5ffa37cb1e5a63cb46cf,d267e4d3ba30b6b7ab4d10b69ccb79e8971ced90711ff18e4ec64694c76ae441,0,7,0,7,6,arithmetic|bad_randomness|denial_service|front_running|reentrancy|unchecked_low_calls,,101|104|107|113|114|120,Zeus|eThor,C:\Users\Exauce\Documents\smart-contract-cgt\source\01271d3f726e5ffa37cb1e5a63cb46cf.sol
012b77d1fa64612af6fef88f508da29f,28d6727649a1c2e69c59312baef4e73b9a50c1e6dda21c10f0cc7464c245b866,0,7,0,7,6,arithmetic|bad_randomness|denial_service|front_running|reentrancy|unchecked_low_calls,,101|104|107|113|114|120,Zeus|eThor,C:\Users\Exauce\Documents\smart-contract-cgt\source\012b77d1fa64612af6fef88f508da29f.sol
0159c822c3534814c305794c27890468,936eed0c1bdb70cf456f605d3b14f7a3e33950f6cfef29466d5b43fee582619e,1,7,3,4,6,arithmetic|bad_randomness|denial_service|front_running|reentrancy|unchecked_low_calls,arithmetic|front_running|unchecked_low_calls,101|104|107|113|114|120,Zeus|eThor,C:\Users\Exauce\Documents\smart-contract-cgt\source\0159c822c3534814c305794c27890468.sol
015dae34f46e9ffa688fe4f48b39805d,19c2b2e6eb26c12b7344193cfab45bff55b66c036965d5c5b588aa604fe70822,1,8,2,6,6,arithmetic|bad_randomness|denial_service|front_running|reentrancy|unchecked_low_calls,reentrancy|unchecked_low_calls,101|104|107|113|114|120,ContractFuzzer|Zeus|eThor,C:\Users\Exauce\Documents\smart-contract-cgt\source\015dae34f46e9ffa688fe4f48b39805d.sol
018e9418a46c3e7cccb7975b4f3b785d,2e9c315c0929f07afb4b99c1fb2f448223131a30bfce53f4d5765ecd96f4a86c,1,5,2,3,5,arithmetic|bad_randomness|denial_service|front_running|unchecked_low_calls,arithmetic|front_running,101|104|113|114|120,Zeus,C:\Users\Exauce\Documents\smart-contract-cgt\source\018e9418a46c3e7cccb7975b4f3b785d.sol
01a5db3b517a437d31f790564d8a0149,3acecbb898fb36d3160808f6aa092a8174c37730018c396e38091222c80c3a2d,0,4,0,4,3,bad_randomness|denial_service|unchecked_low_calls,,104|113|120|128,CodeSmells,C:\Users\Exauce\Documents\smart-contract-cgt\source\01a5db3b517a437d31f790564d8a0149.sol
01affacb32dcc51263a8bd96d85c0929,cab2dbea203cd56da4ebe84027e1d1a3e0bb26248138edf998a17728cd7695c6,0,5,0,5,4,bad_randomness|denial_service|reentrancy|unchecked_low_calls,,104|107|113|120|128,CodeSmells,C:\Users\Exauce\Documents\smart-contract-cgt\source\01affacb32dcc51263a8bd96d85c0929.sol
01d3a06244c775067a25e643e2e3af73,22b8d6609013987e7732b631f19b2723bc2b883a2a598e0a04e7d61ef4eb60d7,0,5,0,5,4,bad_randomness|denial_service|reentrancy|unchecked_low_calls,,104|107|113|120|128,CodeSmells,C:\Users\Exauce\Documents\smart-contract-cgt\source\01d3a06244c775067a25e643e2e3af73.sol
01d6874c297e4148ee3263503ff762b8,37040906a83e5705e0b44cccdd2aa6839cb75f69794e776c3f080ff72ee2d7ea,0,4,0,4,3,bad_randomness|denial_service|unchecked_low_calls,,104|113|120|128,CodeSmells,C:\Users\Exauce\Documents\smart-contract-cgt\source\01d6874c297e4148ee3263503ff762b8.sol
01dd4a2eacf1f751bcf9070bca20c3a2,f6cfa14c0ad926e59d54820077b789e973f2818d55224a511ec08e4d62b2ce8a,1,1,1,0,1,reentrancy,reentrancy,107,Doublade,C:\Users\Exauce\Documents\smart-contract-cgt\source\01dd4a2eacf1f751bcf9070bca20c3a2.sol
0222f84964a3db6d24ca1b21b09fa6f1,159735b1db04dcfca9807cf37f382767b08aa6940f2028dcfe8a338d8ffe6cdf,0,5,0,5,5,bad_randomness|denial_service|front_running|reentrancy|unchecked_low_calls,,104|107|113|114|120,NPChecker,C:\Users\Exauce\Documents\smart-contract-cgt\source\0222f84964a3db6d24ca1b21b09fa6f1.sol
023f3948c8f45b566e362749fd58f978,92d114c6df29f57d598850e9d0d25f4c7c03c1c736aeef46ad24fe8d2c96c3b9,1,1,1,0,1,unchecked_low_calls,unchecked_low_calls,104,ContractFuzzer,C:\Users\Exauce\Documents\smart-contract-cgt\source\023f3948c8f45b566e362749fd58f978.sol
02acbeead59dad91370efebd635b0f1a,be5636201691f77f3636f17d603a4741edf0c64c6998886a7f0847c88c220f55,1,8,3,5,5,bad_randomness|denial_service|front_running|reentrancy|unchecked_low_calls,bad_randomness|reentrancy|unchecked_low_calls,104|107|113|114|120|128,CodeSmells|Zeus|eThor,C:\Users\Exauce\Documents\smart-contract-cgt\source\02acbeead59dad91370efebd635b0f1a.sol
02c4733fb2afbf2b94e03fff0c790760,0f5af74e02a72066d3f3600d55271b2d9466ffa3932c168418fbf64762eff550,1,6,1,5,6,arithmetic|bad_randomness|denial_service|front_running|reentrancy|unchecked_low_calls,arithmetic,101|104|107|113|114|120,Zeus,C:\Users\Exauce\Documents\smart-contract-cgt\source\02c4733fb2afbf2b94e03fff0c790760.sol
02ee0441682fa5ce7f0bf91b3bede6a4,98a56dde6386abd8ecb859f57f7ab612383e84635284ce691ad947c19784d6f0,1,7,3,4,6,arithmetic|bad_randomness|denial_service|front_running|reentrancy|unchecked_low_calls,arithmetic|front_running|unchecked_low_calls,101|104|107|113|114|120,Zeus|eThor,C:\Users\Exauce\Documents\smart-contract-cgt\source\02ee0441682fa5ce7f0bf91b3bede6a4.sol
032cf60cd0f1caefc33e33f687f018ff,72891e39726792ccf3b0aa3a6aa62bc9f9b133db17f73ac16d27cebdfc13dada,0,5,0,5,4,bad_randomness|denial_service|reentrancy|unchecked_low_calls,,104|107|113|120|128,CodeSmells,C:\Users\Exauce\Documents\smart-contract-cgt\source\032cf60cd0f1caefc33e33f687f018ff.sol
038fd9b9bdfc5609cc410cc8f022da05,3a83568d8276ea9f6be746757c90d41d333e435b28bc12043834186dea6cfa5f,0,5,0,5,4,bad_randomness|denial_service|reentrancy|unchecked_low_calls,,104|107|113|120|128,CodeSmells,C:\Users\Exauce\Documents\smart-contract-cgt\source\038fd9b9bdfc5609cc410cc8f022da05.sol
03cb12826f2844106216a23484264edf,2e9af0ea8da76f9986ef6c54f69b1e7c05cc7e711f3af87c37897bc253baf041,0,5,0,5,4,bad_randomness|denial_service|reentrancy|unchecked_low_calls,,104|107|113|120|128,CodeSmells,C:\Users\Exauce\Documents\smart-contract-cgt\source\03cb12826f2844106216a23484264edf.sol
03db73cf0a20259b803a8b76d4f08a93,8b0e2e7f0b911762a010998434b3a045668cb7a1cd0d7f7eb8bfa25842d8c79a,1,1,1,0,1,bad_randomness,bad_randomness,120,ContractFuzzer,C:\Users\Exauce\Documents\smart-contract-cgt\source\03db73cf0a20259b803a8b76d4f08a93.sol
03dd87f7eb98c47880114e522233a79c,8d4695b1aa1e0daaeea55bcfc3127a6a8159f79cca48b3875aec0af9d762446c,0,5,0,5,4,bad_randomness|denial_service|reentrancy|unchecked_low_calls,,104|107|113|120|128,CodeSmells,C:\Users\Exauce\Documents\smart-contract-cgt\source\03dd87f7eb98c47880114e522233a79c.sol
03e584696500384845f74db42ea96459,681959e2f971c3de8c64aecfa0e5e011980977e17cd040b60b50bc612b865265,1,1,1,0,1,front_running,front_running,114,EthRacer,C:\Users\Exauce\Documents\smart-contract-cgt\source\03e584696500384845f74db42ea96459.sol
04045504816e9b4137a6838c8a53dde4,6442c9618ac3b1b9984c6847f1aa4ad6b91b6cbf930af0b5f189f2f213805ace,1,5,1,4,4,bad_randomness|denial_service|reentrancy|unchecked_low_calls,reentrancy,104|107|113|120|128,CodeSmells,C:\Users\Exauce\Documents\smart-contract-cgt\source\04045504816e9b4137a6838c8a53dde4.sol
0414ecc31e3039518177942a1ac278ae,f8115bb202983db63d17f15b34d3057ee5603aabee89072b2344a0a19e410627,1,6,1,5,6,arithmetic|bad_randomness|denial_service|front_running|reentrancy|unchecked_low_calls,arithmetic,101|104|107|113|114|120,Zeus,C:\Users\Exauce\Documents\smart-contract-cgt\source\0414ecc31e3039518177942a1ac278ae.sol
04260850c2b912fffccfdf966c6d5be8,67cf829d0129e8875b82abf3c6b04bccc26bdd20248a352a7978f342c180d2e3,1,7,2,5,6,arithmetic|bad_randomness|denial_service|front_running|reentrancy|unchecked_low_calls,denial_service|reentrancy,101|104|107|113|114|120,Zeus|eThor,C:\Users\Exauce\Documents\smart-contract-cgt\source\04260850c2b912fffccfdf966c6d5be8.sol
0450981ed4e1a1aae348f25d6c0d44f5,2ff6142ed760a8a027b7362e83868ec94884cc6ea4a3201b207f2e494fd494f7,1,6,1,5,6,arithmetic|bad_randomness|denial_service|front_running|reentrancy|unchecked_low_calls,arithmetic,101|104|107|113|114|120,Zeus,C:\Users\Exauce\Documents\smart-contract-cgt\source\0450981ed4e1a1aae348f25d6c0d44f5.sol
0492b47530c98d3fcd26dd33dc3f9889,b858f5106abba4a93a71bf52d4b40cddeb9796266104202a3b5af584c47ef0ab,1,7,3,4,6,arithmetic|bad_randomness|denial_service|front_running|reentrancy|unchecked_low_calls,arithmetic|denial_service|front_running,101|104|107|113|114|120,Zeus|eThor,C:\Users\Exauce\Documents\smart-contract-cgt\source\0492b47530c98d3fcd26dd33dc3f9889.sol
04a8004f4d161150f9a5bad912ea1df3,d632fbb026067a0f6dae997c1005e3ac4ce4de8276ac47cb7808e5c63b867a5a,0,1,0,1,1,arithmetic,,101,SWCregistry,C:\Users\Exauce\Documents\smart-contract-cgt\source\04a8004f4d161150f9a5bad912ea1df3.sol
04e5b942f9b5fbebcc69a7a63d290bf1,2d4d9085fdc11f4463355666a4f927c90a87eefbcae9885f40cd708e609b57a6,1,6,1,5,6,arithmetic|bad_randomness|denial_service|front_running|reentrancy|unchecked_low_calls,arithmetic,101|104|107|113|114|120,Zeus,C:\Users\Exauce\Documents\smart-contract-cgt\source\04e5b942f9b5fbebcc69a7a63d290bf1.sol
054dfb94bef344e5a4fd141d5f95ff03,e672691c370e6c72927f558293d0bf2b7f655e3866700ecdd5d943d1807874e9,0,5,0,5,5,bad_randomness|denial_service|front_running|reentrancy|unchecked_low_calls,,104|107|113|114|120,NPChecker,C:\Users\Exauce\Documents\smart-contract-cgt\source\054dfb94bef344e5a4fd141d5f95ff03.sol
0560aa97c1cfa7d21268ac72dbfe6c53,2d92a9dff6c4ef8e2de5aae3f21162f6b85f7ede7e9460c988ff487fa74c3872,0,6,0,6,6,arithmetic|bad_randomness|denial_service|front_running|reentrancy|unchecked_low_calls,,101|104|107|113|114|120,Zeus,C:\Users\Exauce\Documents\smart-contract-cgt\source\0560aa97c1cfa7d21268ac72dbfe6c53.sol
056e44e7eb5f00cae045e0b5a34b9c3d,37f923a3ad8eed17246c5b7b288bdf979d3be78528e8094fa7958ca478b79bcd,1,2,2,0,2,time_manipulation|unchecked_low_calls,time_manipulation|unchecked_low_calls,104|116,ContractFuzzer,C:\Users\Exauce\Documents\smart-contract-cgt\source\056e44e7eb5f00cae045e0b5a34b9c3d.sol
057f2154fa41078bb9bb201bd191882a,219bdc88b7cea8f6160831edeb6211947b7be7cb56bd1c315471929bc3813d5a,1,6,3,3,4,bad_randomness|denial_service|reentrancy|unchecked_low_calls,bad_randomness|unchecked_low_calls,104|107|113|120,Doublade|Zeus|eThor,C:\Users\Exauce\Documents\smart-contract-cgt\source\057f2154fa41078bb9bb201bd191882a.sol
05a003ac70180ed550cad30aee1c1826,02b39ecfee48771a9b4019f239a0e91d2fe804d9cc76a7a8a5e09f42bf7fb5e9,1,7,3,4,6,arithmetic|bad_randomness|denial_service|front_running|reentrancy|unchecked_low_calls,arithmetic|denial_service|reentrancy,101|104|107|113|114|120,Zeus|eThor,C:\Users\Exauce\Documents\smart-contract-cgt\source\05a003ac70180ed550cad30aee1c1826.sol
05c3997da5f9cc17542746ebfc98afcd,5b7fef5c372369d43f1cee9ce36d1436b6fe9e89efd801aded2cbdd55d5ef3b8,0,1,0,1,1,front_running,,114,EthRacer,C:\Users\Exauce\Documents\smart-contract-cgt\source\05c3997da5f9cc17542746ebfc98afcd.sol
05d427196fdd78746f35bd4be005f118,fdf7af37669aa55155b900fa526c1df5d1bf45dd0af7e744a0bc05d3ca0c2378,1,7,4,3,6,arithmetic|bad_randomness|denial_service|front_running|reentrancy|unchecked_low_calls,arithmetic|bad_randomness|front_running|unchecked_low_calls,101|104|107|113|114|120,Zeus|eThor,C:\Users\Exauce\Documents\smart-contract-cgt\source\05d427196fdd78746f35bd4be005f118.sol
05fecfbf66b19b64ef7b468b71052fd5,2c745de7f347e5ab873ae8ff1bb2ab6d7fa336dd568fb7384d30c262374f15c1,1,1,1,0,1,unchecked_low_calls,unchecked_low_calls,104,Doublade,C:\Users\Exauce\Documents\smart-contract-cgt\source\05fecfbf66b19b64ef7b468b71052fd5.sol
062a6dad6b11f3c60a7bb9e37d0276d5,55190435fd6bb3cb56272c58531103fd2c0df81fb5cc8fd4893820a84c2d73bb,0,6,0,6,6,arithmetic|bad_randomness|denial_service|front_running|reentrancy|unchecked_low_calls,,101|104|107|113|114|120,Zeus,C:\Users\Exauce\Documents\smart-contract-cgt\source\062a6dad6b11f3c60a7bb9e37d0276d5.sol
0656292491c3f9c8b491925d00b04d75,9df3f01dd207eedc0f3ec6b8b5d94ecd2f2921f0916f5698066111c935a98409,1,1,1,0,1,time_manipulation,time_manipulation,116,ContractFuzzer,C:\Users\Exauce\Documents\smart-contract-cgt\source\0656292491c3f9c8b491925d00b04d75.sol
06656896f605b885441aaf85085ca135,d16fc56e3c204872097e72e9563fdf9595c488bdbbed33f511019f85ae03aa43,0,5,0,5,4,bad_randomness|denial_service|reentrancy|unchecked_low_calls,,104|107|113|120|128,CodeSmells,C:\Users\Exauce\Documents\smart-contract-cgt\source\06656896f605b885441aaf85085ca135.sol
06e98fd1a644fe1e46ff58974127a1bb,abf6e449d1c91072bcfaae314c2771c84ab2eb38c4ac7f144c8a7cc9aacdeac2,1,1,1,0,1,front_running,front_running,114,SolidiFI,C:\Users\Exauce\Documents\smart-contract-cgt\source\06e98fd1a644fe1e46ff58974127a1bb.sol
070e579dfbb0928cf87687b00e9a7921,ddd6eb747c6c0f3b943914f8eb60d95dcf55b583d0c94cb619c0dd68802c346c,1,7,1,6,6,arithmetic|bad_randomness|denial_service|front_running|reentrancy|unchecked_low_calls,arithmetic,101|104|107|113|114|120,Zeus|eThor,C:\Users\Exauce\Documents\smart-contract-cgt\source\070e579dfbb0928cf87687b00e9a7921.sol
07601b034f8e36319188e57a49bd5ce8,8fbd18b6e7b509b4fa9f5548c0d43718dc8249b477b44af38010e007dff05224,0,1,0,1,1,reentrancy,,107,Doublade,C:\Users\Exauce\Documents\smart-contract-cgt\source\07601b034f8e36319188e57a49bd5ce8.sol
0761a37c97dccdc9d7f9d036e8588207,2a0ed95782da85398079d130ce973ebdd9df13f7ca2fb03bc29f469aa292718b,1,1,1,0,1,front_running,front_running,114,SolidiFI,C:\Users\Exauce\Documents\smart-contract-cgt\source\0761a37c97dccdc9d7f9d036e8588207.sol
07645408707f4f4bf4775fa41370f6f9,607984f77596a7da2bc5754ad6f45db37e425fed792981a8259384b37f8e9144,0,1,0,1,1,arithmetic,,101,JiuZhou,C:\Users\Exauce\Documents\smart-contract-cgt\source\07645408707f4f4bf4775fa41370f6f9.sol
07a549b14805e8b9b1e5ad1445ec4c87,a7d75e1fc6eb915bb4f7f1841416071573ad20a7336202dedb0836f06bd6ebaf,1,1,1,0,1,time_manipulation,time_manipulation,116,ContractFuzzer,C:\Users\Exauce\Documents\smart-contract-cgt\source\07a549b14805e8b9b1e5ad1445ec4c87.sol
07dfae0441fd39d7c11c113600f30091,638ad832b2746b86ad033cd155e11b9531041c28305e13c7584ef4be62ef9cc6,1,1,1,0,1,arithmetic,arithmetic,101,SolidiFI,C:\Users\Exauce\Documents\smart-contract-cgt\source\07dfae0441fd39d7c11c113600f30091.sol
07e178810f331d9443ca152241111e46,b459c38904b5b85a41ac320531f6073c8fff070d00169004043c98896003e633,0,1,0,1,1,reentrancy,,107,Doublade,C:\Users\Exauce\Documents\smart-contract-cgt\source\07e178810f331d9443ca152241111e46.sol
0805ef8166adf1ace157ce8006233e05,fb52127d38a9538b33ab4fbc23ed4d28e77dbba3e33918c208c0e6d5a90a33a6,0,5,0,5,4,bad_randomness|denial_service|reentrancy|unchecked_low_calls,,104|107|113|120|128,CodeSmells,C:\Users\Exauce\Documents\smart-contract-cgt\source\0805ef8166adf1ace157ce8006233e05.sol
080c2fe0268e8167dcfd7ddb008bdee5,83b7dc34076c35254c8e692d89129044100c9a8df650939a259147074a120aef,1,6,1,5,6,arithmetic|bad_randomness|denial_service|front_running|reentrancy|unchecked_low_calls,arithmetic,101|104|107|113|114|120,Zeus,C:\Users\Exauce\Documents\smart-contract-cgt\source\080c2fe0268e8167dcfd7ddb008bdee5.sol
081234acd7c565a6692e5ecd767fa464,09bc98ff5924265dfce6b3fa5e6ad1cca374abbc03f2eab1c0673152a3d2051e,1,1,1,0,1,front_running,front_running,114,SolidiFI,C:\Users\Exauce\Documents\smart-contract-cgt\source\081234acd7c565a6692e5ecd767fa464.sol
082ed9ae36dd6c067358fd3d5e33bfac,fc76bb6179195dcaf40d60799ae67cb0b960dfb6569ab59aca455fa74cef8a37,1,5,1,4,4,bad_randomness|denial_service|reentrancy|unchecked_low_calls,bad_randomness,104|107|113|120|128,CodeSmells,C:\Users\Exauce\Documents\smart-contract-cgt\source\082ed9ae36dd6c067358fd3d5e33bfac.sol
0844098b324a67a70124607068ac7531,addb6e0b96567a6370073b28bc38316b74e83cf306406a26185f9eb0718e07e2,0,5,0,5,4,bad_randomness|denial_service|reentrancy|unchecked_low_calls,,104|107|113|120|128,CodeSmells,C:\Users\Exauce\Documents\smart-contract-cgt\source\0844098b324a67a70124607068ac7531.sol
088a6b121b5742a6ec67c97e98ff5d78,8e2b285e0c96dccd59b7c5e1d6fe7de3ecc01f12fe24e9509939280969667670,1,7,1,6,6,arithmetic|bad_randomness|denial_service|front_running|reentrancy|unchecked_low_calls,unchecked_low_calls,101|104|107|113|114|120,ContractFuzzer|Zeus|eThor,C:\Users\Exauce\Documents\smart-contract-cgt\source\088a6b121b5742a6ec67c97e98ff5d78.sol
08a89586e0406a9fd58d7c8c32bdb6bc,ccab6561b0dc1e7abc1c149869d7cc5e098c73db14d959a5cfe66246dd0c3685,1,7,2,5,6,arithmetic|bad_randomness|denial_service|front_running|reentrancy|unchecked_low_calls,arithmetic|reentrancy,101|104|107|113|114|120,Zeus|eThor,C:\Users\Exauce\Documents\smart-contract-cgt\source\08a89586e0406a9fd58d7c8c32bdb6bc.sol
08b942799b942be102d17f6b72a76167,9c333eb374d8ab365f99ea032e67507d45463a6b0706c59280d0e09de87f28b5,1,7,3,4,6,arithmetic|bad_randomness|denial_service|front_running|reentrancy|unchecked_low_calls,arithmetic|denial_service|reentrancy,101|104|107|113|114|120,Zeus|eThor,C:\Users\Exauce\Documents\smart-contract-cgt\source\08b942799b942be102d17f6b72a76167.sol
08eb775fc54c0cd052126e5c0c54ce24,ac47a5c3a5c0ef071ae6f4e73b53b54a2728bf5e6af07ffa55e7ae4b737507f7,0,6,0,6,6,arithmetic|bad_randomness|denial_service|front_running|reentrancy|unchecked_low_calls,,101|104|107|113|114|120,Zeus,C:\Users\Exauce\Documents\smart-contract-cgt\source\08eb775fc54c0cd052126e5c0c54ce24.sol
0901241c8dd29426865fcbbe5ba3b634,f5c15c7b83c4527b120094181e62a9e7da11abfb21402d8a895eb31360521c0c,0,5,0,5,4,bad_randomness|denial_service|reentrancy|unchecked_low_calls,,104|107|113|120|128,CodeSmells,C:\Users\Exauce\Documents\smart-contract-cgt\source\0901241c8dd29426865fcbbe5ba3b634.sol
0904f5cd5104cac94777d76aa749a177,b8a0903438fd51c44a15ca33ea6142fb07850bcedc687841f9cb0f9be2236b3e,1,6,1,5,6,arithmetic|bad_randomness|denial_service|front_running|reentrancy|unchecked_low_calls,arithmetic,101|104|107|113|114|120,Zeus,C:\Users\Exauce\Documents\smart-contract-cgt\source\0904f5cd5104cac94777d76aa749a177.sol
0915cc5a3af79fd77f0e6fa6f9cea662,dc66cfe5de2b0c8456a1407c58eea9a67593ac8623b3c881b7d53f4aefa5ecf2,0,1,0,1,1,front_running,,114,EthRacer,C:\Users\Exauce\Documents\smart-contract-cgt\source\0915cc5a3af79fd77f0e6fa6f9cea662.sol
09738c4cdd6175ff110a53fbdf539ab8,fb96990e02368dfe1cf15169cdb1e29c031b7c63eb89ab81722bf358e08cf0d5,0,5,0,5,4,bad_randomness|denial_service|reentrancy|unchecked_low_calls,,104|107|113|120|128,CodeSmells,C:\Users\Exauce\Documents\smart-contract-cgt\source\09738c4cdd6175ff110a53fbdf539ab8.sol
0999db04d3a85b942cb70b14f4c343bb,876d78bc73f9586b124479d6dc0c5d0a4b7937e6efa58dc66b5d47fcafef59a6,0,5,0,5,4,bad_randomness|denial_service|reentrancy|unchecked_low_calls,,104|107|113|120|128,CodeSmells,C:\Users\Exauce\Documents\smart-contract-cgt\source\0999db04d3a85b942cb70b14f4c343bb.sol
09abd8e8b828291ae4117d74efb2c3b2,d32483427778ddfed443a76dfdc81f3adf8e0e7dda294765d54604b7d9dcbb8c,1,1,1,0,1,front_running,front_running,114,EthRacer,C:\Users\Exauce\Documents\smart-contract-cgt\source\09abd8e8b828291ae4117d74efb2c3b2.sol
09bcbbdaf41339b5d100fc390eca9522,7abbe1fc894a48278db60fe190f649ac9b22080ef025c594dfef9990966c6a0b,0,5,0,5,4,bad_randomness|denial_service|reentrancy|unchecked_low_calls,,104|107|113|120|128,CodeSmells,C:\Users\Exauce\Documents\smart-contract-cgt\source\09bcbbdaf41339b5d100fc390eca9522.sol
09d2c64d42e6c6dda41415f5e10bf41c,d3f174dcb64aa625c8a67b7827ddbc8fb7b6f95bbdf30d57fd7be1e84c523923,0,5,0,5,4,bad_randomness|denial_service|reentrancy|unchecked_low_calls,,104|107|113|120|128,CodeSmells,C:\Users\Exauce\Documents\smart-contract-cgt\source\09d2c64d42e6c6dda41415f5e10bf41c.sol
09d9fb10fea1891a5e3a58df71e34a01,5135c6a0d4bf652bf073c6626d0367261008ac54d7b2bd82d2091d25f6dfbda4,1,7,3,4,6,arithmetic|bad_randomness|denial_service|front_running|reentrancy|unchecked_low_calls,arithmetic|front_running|unchecked_low_calls,101|104|107|113|114|120,Zeus|eThor,C:\Users\Exauce\Documents\smart-contract-cgt\source\09d9fb10fea1891a5e3a58df71e34a01.sol
09f84bfb308def5ee3e34c2fcfeeccc1,eb2956718ba4ac3f5134b46824e9aa48c0df55f7d3d772104d71ba27cd72a6b5,0,5,0,5,4,bad_randomness|denial_service|reentrancy|unchecked_low_calls,,104|107|113|120|128,CodeSmells,C:\Users\Exauce\Documents\smart-contract-cgt\source\09f84bfb308def5ee3e34c2fcfeeccc1.sol
0a657914023ad144786c19dd4d3c02c8,eae8e2de3cdb602480d6df59bcf563b68c68e3e1204dc4e8da24a3b529b15494,1,1,1,0,1,unchecked_low_calls,unchecked_low_calls,104,Doublade,C:\Users\Exauce\Documents\smart-contract-cgt\source\0a657914023ad144786c19dd4d3c02c8.sol
0a7dcd7ad58d91e0373b21e4e4522cdf,8cddfe7bbcbe6e1d048dd0bd96e8c881943516ede520030614a42d5d422f34ea,1,1,1,0,1,reentrancy,reentrancy,107,Doublade,C:\Users\Exauce\Documents\smart-contract-cgt\source\0a7dcd7ad58d91e0373b21e4e4522cdf.sol
0adbb9434478f6977b5a383b1c5515a2,230aee5b22c2a88edb788377f77f70c7cee0c8007c5dd2f9872486fd73da1782,0,5,0,5,4,bad_randomness|denial_service|reentrancy|unchecked_low_calls,,104|107|113|120|128,CodeSmells,C:\Users\Exauce\Documents\smart-contract-cgt\source\0adbb9434478f6977b5a383b1c5515a2.sol
0afa93cb250f9661bf341fbd139b1185,5590adfd66c9c88473f7ff777338da7822c7c67ee7c3cd57ebd4fcd2b45000e0,1,7,3,4,6,arithmetic|bad_randomness|denial_service|front_running|reentrancy|unchecked_low_calls,arithmetic|front_running|unchecked_low_calls,101|104|107|113|114|120,Zeus|eThor,C:\Users\Exauce\Documents\smart-contract-cgt\source\0afa93cb250f9661bf341fbd139b1185.sol
0b1332e23b1204f98d5d2284a541dabe,c3e3e9117f46d366afc1d99aa68bdcc698702191f59e28dec231221584e1cdde,1,2,1,1,2,reentrancy|unchecked_low_calls,unchecked_low_calls,104|107,Doublade,C:\Users\Exauce\Documents\smart-contract-cgt\source\0b1332e23b1204f98d5d2284a541dabe.sol
0b2d384962f5196008851f821bf8310d,678bf4fb1727b8f3669c881f33bfeff5bd3e15691eaf7e0440cdd3f073c0b6bc,0,5,0,5,4,bad_randomness|denial_service|reentrancy|unchecked_low_calls,,104|107|113|120|128,CodeSmells,C:\Users\Exauce\Documents\smart-contract-cgt\source\0b2d384962f5196008851f821bf8310d.sol
0b419171a9e801be37173bc22c35e29b,7679b19ca12b427e9c00bb4cd4c1be113418a921c2a05e6baa91eeae3fdb90c5,0,6,0,6,6,arithmetic|bad_randomness|denial_service|front_running|reentrancy|unchecked_low_calls,,101|104|107|113|114|120,Zeus,C:\Users\Exauce\Documents\smart-contract-cgt\source\0b419171a9e801be37173bc22c35e29b.sol
0b9bae8c156e39c97860eae7a7481d84,f6f3ed7c51cd0f7553d199c419f2f5c4d34eb11e0f0949405e88983943844979,1,7,3,4,6,arithmetic|bad_randomness|denial_service|front_running|reentrancy|unchecked_low_calls,arithmetic|denial_service|reentrancy,101|104|107|113|114|120,Zeus|eThor,C:\Users\Exauce\Documents\smart-contract-cgt\source\0b9bae8c156e39c97860eae7a7481d84.sol
0bb4abd4e814830462937febb9ed8bbb,cac75b0e99054bae32e8a45142464a97045f5b773ff3666b92ad0c076a03a8b8,1,5,3,2,4,bad_randomness|denial_service|reentrancy|unchecked_low_calls,bad_randomness|denial_service,104|107|113|120|128,CodeSmells,C:\Users\Exauce\Documents\smart-contract-cgt\source\0bb4abd4e814830462937febb9ed8bbb.sol
0be49522c8bcffb5b644e6dfc79f2d74,c279122ddbbc27b3265b16017e505bacea1f3ea71e66ce34ec1f8ba65f8fd662,1,7,1,6,6,arithmetic|bad_randomness|denial_service|front_running|reentrancy|unchecked_low_calls,denial_service,101|104|107|113|114|120,Zeus|eThor,C:\Users\Exauce\Documents\smart-contract-cgt\source\0be49522c8bcffb5b644e6dfc79f2d74.sol
0bf0ebe31b1e67618bc28a9d3738a2e4,792dc76a71c09ccbd8eaceb76ac76234e4b5df071121a569ff87f2b9727f2e8d,1,7,3,4,6,arithmetic|bad_randomness|denial_service|front_running|reentrancy|unchecked_low_calls,arithmetic|denial_service|reentrancy,101|104|107|113|114|120,Zeus|eThor,C:\Users\Exauce\Documents\smart-contract-cgt\source\0bf0ebe31b1e67618bc28a9d3738a2e4.sol
0bf4f7d5f0d218b8bb43d1b754bf02f4,82c361e11c705fb588d6e79a417c76c21f740de22c88a3af1aba6d272fd7e954,1,6,1,5,6,arithmetic|bad_randomness|denial_service|front_running|reentrancy|unchecked_low_calls,arithmetic,101|104|107|113|114|120,Zeus,C:\Users\Exauce\Documents\smart-contract-cgt\source\0bf4f7d5f0d218b8bb43d1b754bf02f4.sol
0cb6ae6c3b6734c9b6607b04dc465c48,cb7d951cdcc5ee25840c1e54285e8711b832fc32cb5feb882164027ca5e4f67c,1,7,1,6,6,arithmetic|bad_randomness|denial_service|front_running|reentrancy|unchecked_low_calls,arithmetic,101|104|107|113|114|120,Zeus|eThor,C:\Users\Exauce\Documents\smart-contract-cgt\source\0cb6ae6c3b6734c9b6607b04dc465c48.sol
0cbe4bd55d5b922ebf9bae686624901f,b752e115cd500292d2ac8d9c84e20a24406a6477cb6598908218ef7cdce2287e,1,1,1,0,1,front_running,front_running,114,EthRacer,C:\Users\Exauce\Documents\smart-contract-cgt\source\0cbe4bd55d5b922ebf9bae686624901f.sol
0cd3887e363031fd0f04b1d477509287,bed55f0f9830f2ac9bab7aeec1bb058d8c1906ddc65f6ffbf428330c5ee81a2e,0,1,0,1,1,denial_service,,128,JiuZhou,C:\Users\Exauce\Documents\smart-contract-cgt\source\0cd3887e363031fd0f04b1d477509287.sol
0d2598d06a3dc507babe4fccc4325eb3,0445bf78ef3646494760003fc6e331647b9e4694bef75261b471b6a4bcd933a7,0,5,0,5,4,bad_randomness|denial_service|reentrancy|unchecked_low_calls,,104|107|113|120|128,CodeSmells,C:\Users\Exauce\Documents\smart-contract-cgt\source\0d2598d06a3dc507babe4fccc4325eb3.sol
0d4de131c1e985c11824b47cb8944e42,4573c4467e107ea783afdad853bcc4763ad1cba4be40fdea06897d6416c887c5,1,7,3,4,6,arithmetic|bad_randomness|denial_service|front_running|reentrancy|unchecked_low_calls,arithmetic|front_running|unchecked_low_calls,101|104|107|113|114|120,Zeus|eThor,C:\Users\Exauce\Documents\smart-contract-cgt\source\0d4de131c1e985c11824b47cb8944e42.sol
0d723ab4aa14119693f9deaaf0c196d6,0d998dd37f467da216132a70a46d31bfd4c4fefc1b161b9abd6de3cdbf0d9aeb,1,6,1,5,6,arithmetic|bad_randomness|denial_service|front_running|reentrancy|unchecked_low_calls,arithmetic,101|104|107|113|114|120,Zeus,C:\Users\Exauce\Documents\smart-contract-cgt\source\0d723ab4aa14119693f9deaaf0c196d6.sol
0d8fa90a6d3b16bb345153356933a128,b59056922a99be3768d013c004fefe8614668c63dc30b34db52c7d0c90754821,1,1,1,0,1,unchecked_low_calls,unchecked_low_calls,104,SolidiFI,C:\Users\Exauce\Documents\smart-contract-cgt\source\0d8fa90a6d3b16bb345153356933a128.sol
0db12d1b91cbb09e7a3e59f1b5473b25,acef2ebed69f2aa2dc2314c8472f6bcb232def7f3fee9066a2cb3f2a96a7eaaf,1,1,1,0,1,front_running,front_running,114,EthRacer,C:\Users\Exauce\Documents\smart-contract-cgt\source\0db12d1b91cbb09e7a3e59f1b5473b25.sol
0dbc325aa6f6923e3a4a925e3830c38a,5fe61ebea99dfc1499e04b80014c7e25bc1e077dae773e3273aa6ba37c26afad,1,1,1,0,1,time_manipulation,time_manipulation,116,SolidiFI,C:\Users\Exauce\Documents\smart-contract-cgt\source\0dbc325aa6f6923e3a4a925e3830c38a.sol
0ddd1c046d2a572672c87f87e287a176,15df950dd76f34167469a49a7ae69afb88c6cbb964a93e97614479718e5f4537,1,1,1,0,1,reentrancy,reentrancy,107,SolidiFI,C:\Users\Exauce\Documents\smart-contract-cgt\source\0ddd1c046d2a572672c87f87e287a176.sol
0dea312ad4b04180f48247a9a9ab83df,5b314998c4da99309ace2940426ea107505f9439a6fbd3e3d87692dc0e7cdb2f,1,7,1,6,6,arithmetic|bad_randomness|denial_service|front_running|reentrancy|unchecked_low_calls,arithmetic,101|104|107|113|114|120,Zeus|eThor,C:\Users\Exauce\Documents\smart-contract-cgt\source\0dea312ad4b04180f48247a9a9ab83df.sol
0e1b80c5f3440ddd47be788830589f56,c85ae272d59d5568c4329fc4023a8de2de1f4f8f5cf23e626ecefb3fe8563b26,0,5,0,5,4,bad_randomness|denial_service|reentrancy|unchecked_low_calls,,104|107|113|120|128,CodeSmells,C:\Users\Exauce\Documents\smart-contract-cgt\source\0e1b80c5f3440ddd47be788830589f56.sol
0e4761efae928537e0069102e852d975,cd2336c451ddeed92c976145590983e37dcbf1a6e5f94eceb747fd374b12d609,1,7,3,4,6,arithmetic|bad_randomness|denial_service|front_running|reentrancy|unchecked_low_calls,arithmetic|denial_service|reentrancy,101|104|107|113|114|120,Zeus|eThor,C:\Users\Exauce\Documents\smart-contract-cgt\source\0e4761efae928537e0069102e852d975.sol
0e77d524393ec9fa869420efaea92a4e,0bae3375888b3e03143e0af8d037154bf1870b3bfdc6555a3a627ad22158cda9,1,7,3,4,6,arithmetic|bad_randomness|denial_service|front_running|reentrancy|unchecked_low_calls,arithmetic|bad_randomness|denial_service,101|104|107|113|114|120,Zeus|eThor,C:\Users\Exauce\Documents\smart-contract-cgt\source\0e77d524393ec9fa869420efaea92a4e.sol
0ea0295a3a95fb2863442c4b18252bd8,bb17a321b59751d08e61b6a682380e71a17e8ac08292ed1269f40aa7dde92fab,1,7,4,3,6,arithmetic|bad_randomness|denial_service|front_running|reentrancy|unchecked_low_calls,arithmetic|bad_randomness|front_running|unchecked_low_calls,101|104|107|113|114|120,Zeus|eThor,C:\Users\Exauce\Documents\smart-contract-cgt\source\0ea0295a3a95fb2863442c4b18252bd8.sol
0eb1fc37f587269ee4b223e2eb439acc,1236cc57456801abc870a6e0e42281fe3a5b08432674d2fc646f4006ce039b95,0,5,0,5,4,bad_randomness|denial_service|reentrancy|unchecked_low_calls,,104|107|113|120|128,CodeSmells,C:\Users\Exauce\Documents\smart-contract-cgt\source\0eb1fc37f587269ee4b223e2eb439acc.sol
0ef334fcec6f55741d06af6797035a20,f92ccbb8fab71c2dbdb7017e0f9928db88288e21a8a0f46e00864f9355fc01a9,1,6,1,5,6,arithmetic|bad_randomness|denial_service|front_running|reentrancy|unchecked_low_calls,arithmetic,101|104|107|113|114|120,Zeus,C:\Users\Exauce\Documents\smart-contract-cgt\source\0ef334fcec6f55741d06af6797035a20.sol
0f77d5a3a5121cabb56b39ee1e11aac4,9f10708d17042315c4dd50352b19430d15fe43e9e00f0abb4c0020f7997076fe,1,1,1,0,1,unchecked_low_calls,unchecked_low_calls,104,SolidiFI,C:\Users\Exauce\Documents\smart-contract-cgt\source\0f77d5a3a5121cabb56b39ee1e11aac4.sol
0f7db6bbb35fa3a203c4b3c1356cfd47,7f6bf29bf10ecbb3484979df2a8d7bb45a5e108eabe0b194a03717a46c7c296f,1,1,1,0,1,bad_randomness,bad_randomness,120,ContractFuzzer,C:\Users\Exauce\Documents\smart-contract-cgt\source\0f7db6bbb35fa3a203c4b3c1356cfd47.sol
0fbab693f1d854ab81e71b92c52bcfdf,d9628b44466a7b58cb9c0015d04fd3198414a528448c66f240ab9c134e4e18ee,1,7,3,4,6,arithmetic|bad_randomness|denial_service|front_running|reentrancy|unchecked_low_calls,arithmetic|denial_service|reentrancy,101|104|107|113|114|120,Zeus|eThor,C:\Users\Exauce\Documents\smart-contract-cgt\source\0fbab693f1d854ab81e71b92c52bcfdf.sol
0ff11b304c2e7f92e378fdd21395dd89,dc7a2b221c61cd88b521be35796e7d8ff494f9165395d4d4ca8f84276783184f,0,5,0,5,4,bad_randomness|denial_service|reentrancy|unchecked_low_calls,,104|107|113|120|128,CodeSmells,C:\Users\Exauce\Documents\smart-contract-cgt\source\0ff11b304c2e7f92e378fdd21395dd89.sol
100d53aa3384faa6ee27ce526aea434f,cf40b9c09cfa35a2eea51c9a812af186184154da61e953a71a07892bc19a89db,0,6,0,6,6,arithmetic|bad_randomness|denial_service|front_running|reentrancy|unchecked_low_calls,,101|104|107|113|114|120,Zeus,C:\Users\Exauce\Documents\smart-contract-cgt\source\100d53aa3384faa6ee27ce526aea434f.sol
102a618824753eaad17a77509c445010,82004bd0cc8bfc41cc402cba3ba716ca264f1d7cb9f6b12c9740283e44e5b857,1,1,1,0,1,denial_service,denial_service,113,JiuZhou,C:\Users\Exauce\Documents\smart-contract-cgt\source\102a618824753eaad17a77509c445010.sol
10343475be320666b3b64f6794c90ebd,c3cfe79e71fe28d55ce6668f094939147cca1152dc63468651162fbfd973e22c,1,1,1,0,1,unchecked_low_calls,unchecked_low_calls,104,Doublade,C:\Users\Exauce\Documents\smart-contract-cgt\source\10343475be320666b3b64f6794c90ebd.sol
10a0dbd8490e8e1d2369b66bf7ea6c0c,def0b4b274f7b1c0448c586a92ba86d8d1f69938d3913bac20b2b787f9a2aee5,1,1,1,0,1,unchecked_low_calls,unchecked_low_calls,104,SBcurated,C:\Users\Exauce\Documents\smart-contract-cgt\source\10a0dbd8490e8e1d2369b66bf7ea6c0c.sol
10b1bb45baab82b31094e99ad248881f,1b9f09a5d85cb675a30c6eccc03c564c26c36a17be375e13ded9eb1c6d070b46,1,6,1,5,6,arithmetic|bad_randomness|denial_service|front_running|reentrancy|unchecked_low_calls,arithmetic,101|104|107|113|114|120,Zeus,C:\Users\Exauce\Documents\smart-contract-cgt\source\10b1bb45baab82b31094e99ad248881f.sol
10b7a74f271efb1a1d249bb1fd6cca40,ca245a37af682682d3f58c5d6a206dcc10a7bba968cee034f061284c5db540c5,0,5,0,5,4,bad_randomness|denial_service|reentrancy|unchecked_low_calls,,104|107|113|120|128,CodeSmells,C:\Users\Exauce\Documents\smart-contract-cgt\source\10b7a74f271efb1a1d249bb1fd6cca40.sol
10b85e6a3876d6ae377495f68666844d,8d5a6e34c4e1f1703202cd5487ef97a3ef3bac1d2f3147e31fccd1ad711d58f7,1,1,1,0,1,time_manipulation,time_manipulation,116,ContractFuzzer,C:\Users\Exauce\Documents\smart-contract-cgt\source\10b85e6a3876d6ae377495f68666844d.sol
10d8ebaeb96ae9d85c7674ef39621efd,5e47779da9e9920ed300b0b248d68a65cb03dd8165670e719528f3c254163c0c,0,5,0,5,4,bad_randomness|denial_service|reentrancy|unchecked_low_calls,,104|107|113|120|128,CodeSmells,C:\Users\Exauce\Documents\smart-contract-cgt\source\10d8ebaeb96ae9d85c7674ef39621efd.sol
10e497422f3c9e6016ceee18efbf511a,673cce46f34ebf3c97380a76c3fe762881e447378730b53d1629ae0e445ef41d,1,6,1,5,6,arithmetic|bad_randomness|denial_service|front_running|reentrancy|unchecked_low_calls,arithmetic,101|104|107|113|114|120,Zeus,C:\Users\Exauce\Documents\smart-contract-cgt\source\10e497422f3c9e6016ceee18efbf511a.sol
110268472a8346dcd64fd38fa5f1adc4,36f98823983163a710e8af409e939eec425450277c46afbf054dd48bf5efb1ba,1,5,1,4,4,bad_randomness|denial_service|reentrancy|unchecked_low_calls,reentrancy,104|107|113|120|128,CodeSmells,C:\Users\Exauce\Documents\smart-contract-cgt\source\110268472a8346dcd64fd38fa5f1adc4.sol
1103114e849561bb06a6bc4d7d000a0f,726a92af439b4956522d64dc77f554aa6d5cd75edc36ed7a63d4c4d964d060b5,0,5,0,5,4,bad_randomness|denial_service|reentrancy|unchecked_low_calls,,104|107|113|120|128,CodeSmells,C:\Users\Exauce\Documents\smart-contract-cgt\source\1103114e849561bb06a6bc4d7d000a0f.sol
110a2d9d5afe9c2cee6d98fe6f0d6dbb,95c5b3ace0a39b4ea70bad8a0c9b570e3503aa2ef1cf8740696114127415c1ff,1,1,1,0,1,arithmetic,arithmetic,101,EverEvolvingG,C:\Users\Exauce\Documents\smart-contract-cgt\source\110a2d9d5afe9c2cee6d98fe6f0d6dbb.sol
1149b94c18c82d758c7807100f960103,47abab41240b4f1d3fad2927dd0a7352d32d2508ca1f4746ac11e38bf5915574,1,1,1,0,1,unchecked_low_calls,unchecked_low_calls,104,Doublade,C:\Users\Exauce\Documents\smart-contract-cgt\source\1149b94c18c82d758c7807100f960103.sol
1175ad3ce91bd4ef1b25ab52b6134707,e37578bb443516df92d0cc26d80630fea09a7fcd242fe98c8543f7d5cafd0aa8,1,7,3,4,6,arithmetic|bad_randomness|denial_service|front_running|reentrancy|unchecked_low_calls,arithmetic|front_running|unchecked_low_calls,101|104|107|113|114|120,Zeus|eThor,C:\Users\Exauce\Documents\smart-contract-cgt\source\1175ad3ce91bd4ef1b25ab52b6134707.sol
11bbcf09e384758384ba86083aad9376,0e40c3a17a699df7083991b3c0cad161c0d80da9c796079a6111bac697025b48,1,7,3,4,6,arithmetic|bad_randomness|denial_service|front_running|reentrancy|unchecked_low_calls,arithmetic|front_running|unchecked_low_calls,101|104|107|113|114|120,Zeus|eThor,C:\Users\Exauce\Documents\smart-contract-cgt\source\11bbcf09e384758384ba86083aad9376.sol
121176e78c672c5ffa433a6df7bdb7f9,a6e1c5c4c63cc1b1fe621ffc968d51ced3fe2fc1ad6838d3f636fc7cfd558f01,0,7,0,7,6,arithmetic|bad_randomness|denial_service|front_running|reentrancy|unchecked_low_calls,,101|104|107|113|114|120,Zeus|eThor,C:\Users\Exauce\Documents\smart-contract-cgt\source\121176e78c672c5ffa433a6df7bdb7f9.sol
121a74e190e7b54f05a84a2673463b55,c6898a414bbe152763c00a4978a29a246aa056703a2bd0267319558390ddf3fc,0,5,0,5,4,bad_randomness|denial_service|reentrancy|unchecked_low_calls,,104|107|113|120|128,CodeSmells,C:\Users\Exauce\Documents\smart-contract-cgt\source\121a74e190e7b54f05a84a2673463b55.sol
12232158c649c2dd6591ae7adf8d4b0d,46e3bec5e6512f71ce7d4d8d66ac3f134d04349c72162ee6b5b623060c96a660,1,1,1,0,1,unchecked_low_calls,unchecked_low_calls,104,Doublade,C:\Users\Exauce\Documents\smart-contract-cgt\source\12232158c649c2dd6591ae7adf8d4b0d.sol
122b525afcf7856fb49713ec903fab2a,2aae9197a13f669712a0e952fa8fad05d4557484a04c58463375b1e5e8d70597,1,8,1,7,6,arithmetic|bad_randomness|denial_service|front_running|reentrancy|unchecked_low_calls,unchecked_low_calls,101|104|107|113|114|120,Doublade|Zeus|eThor,C:\Users\Exauce\Documents\smart-contract-cgt\source\122b525afcf7856fb49713ec903fab2a.sol
122f7f7df3fb82cafd2f7a2fca99eb90,9427e4c9a9d749f402cc457e6e3064650c701a6ff87eecdaf7dceab170bd6dea,1,7,1,6,6,arithmetic|bad_randomness|denial_service|front_running|reentrancy|unchecked_low_calls,arithmetic,101|104|107|113|114|120,Zeus|eThor,C:\Users\Exauce\Documents\smart-contract-cgt\source\122f7f7df3fb82cafd2f7a2fca99eb90.sol
12645b34852f3ce8d47bc4bd68ec5bf2,8252d7654d20ab257393fc3f6b53592d7250a4ae6313bcd469462f375ad49c8c,0,5,0,5,4,bad_randomness|denial_service|reentrancy|unchecked_low_calls,,104|107|113|120|128,CodeSmells,C:\Users\Exauce\Documents\smart-contract-cgt\source\12645b34852f3ce8d47bc4bd68ec5bf2.sol
1268bd79d09ef5075c1c8cde6708bffd,74ffecc2fda056edcd7e60b6ff886a63fff325bc7bf1526464ec8c653e552987,1,5,1,4,4,bad_randomness|denial_service|reentrancy|unchecked_low_calls,bad_randomness,104|107|113|120|128,CodeSmells,C:\Users\Exauce\Documents\smart-contract-cgt\source\1268bd79d09ef5075c1c8cde6708bffd.sol
1275a60f21eca2a024c57a0645803fc6,9c3f3b5285747f3b37cbf162367af64d7fe6d42acd73b680559f87fe166300b9,0,6,0,6,6,arithmetic|bad_randomness|denial_service|front_running|reentrancy|unchecked_low_calls,,101|104|107|113|114|120,Zeus,C:\Users\Exauce\Documents\smart-contract-cgt\source\1275a60f21eca2a024c57a0645803fc6.sol
12803fafb23a0322fc24fb5325b01bca,e6caffdc65d91b4ce3347f048f35a3efeba7ba7e9a6188e31078e2f356bc3118,1,6,3,3,6,arithmetic|bad_randomness|denial_service|front_running|reentrancy|unchecked_low_calls,arithmetic|front_running|unchecked_low_calls,101|104|107|113|114|120,Zeus,C:\Users\Exauce\Documents\smart-contract-cgt\source\12803fafb23a0322fc24fb5325b01bca.sol
128276820c8c0ab59833175062042fde,28af508dd4063cc9ec93a9af13682a25216141573a1a4e79ed72ee70669d96e3,1,6,1,5,5,arithmetic|bad_randomness|front_running|reentrancy|unchecked_low_calls,reentrancy,101|104|107|114|120,Zeus|eThor,C:\Users\Exauce\Documents\smart-contract-cgt\source\128276820c8c0ab59833175062042fde.sol
12a26b92d91099ce48b97195faf7740f,d3990e0ba53800ee2e7d85046705745d392feb6b82c3b0d4eca707cd5a13afae,0,5,0,5,4,bad_randomness|denial_service|reentrancy|unchecked_low_calls,,104|107|113|120|128,CodeSmells,C:\Users\Exauce\Documents\smart-contract-cgt\source\12a26b92d91099ce48b97195faf7740f.sol
12ac60470e43cb8582624a857408482f,37578529e7cb899cb411e35bd7f1391b761202871adc17ad14602e40508ad5d7,1,1,1,0,1,unchecked_low_calls,unchecked_low_calls,104,ContractFuzzer,C:\Users\Exauce\Documents\smart-contract-cgt\source\12ac60470e43cb8582624a857408482f.sol
12de64547b4d36f769b484cac18ccb72,1de539fa1a0f0c9deae3b420a24a6a2b5e57ccc394a1761ee8a5d38855e13e2c,1,1,1,0,1,bad_randomness,bad_randomness,120,ContractFuzzer,C:\Users\Exauce\Documents\smart-contract-cgt\source\12de64547b4d36f769b484cac18ccb72.sol
12fbb734b83f3ac481e48bb4c986d35e,ef31a4f033dc06ea44f644b6f1f70a3c5ad6149a7cc2625caa2a192da854394d,1,7,1,6,6,arithmetic|bad_randomness|denial_service|front_running|reentrancy|unchecked_low_calls,arithmetic,101|104|107|113|114|120,Zeus|eThor,C:\Users\Exauce\Documents\smart-contract-cgt\source\12fbb734b83f3ac481e48bb4c986d35e.sol
133aefc4f4e851bf0a66685b388461e0,e468f6c5217a31ee041a47b65ef3f4bc37f566bdf5ea386926d82e0b11d70ca9,1,7,1,6,6,arithmetic|bad_randomness|denial_service|front_running|reentrancy|unchecked_low_calls,arithmetic,101|104|107|113|114|120,Zeus|eThor,C:\Users\Exauce\Documents\smart-contract-cgt\source\133aefc4f4e851bf0a66685b388461e0.sol
135bb133e250c101c1bb70d988989f15,180ade692e950e39b291019565b315ad267bb36717d8488dcfcfba2fecaa0d40,1,1,1,0,1,bad_randomness,bad_randomness,120,ContractFuzzer,C:\Users\Exauce\Documents\smart-contract-cgt\source\135bb133e250c101c1bb70d988989f15.sol
1363857dbcc713fefdfa2e181e11e1ab,879c8d7bd85c658599f54a07fc6896f44ad22539e79a9b34e388f1b526b91cc3,1,7,4,3,6,arithmetic|bad_randomness|denial_service|front_running|reentrancy|unchecked_low_calls,arithmetic|bad_randomness|denial_service|front_running,101|104|107|113|114|120,Zeus|eThor,C:\Users\Exauce\Documents\smart-contract-cgt\source\1363857dbcc713fefdfa2e181e11e1ab.sol
1363980726cde1238d7f474dd0e146e9,51edda3ee3e7d176b6137a0a0c6a7ad8825060fbd3a65da78a12e0dc137f150b,1,7,3,4,6,arithmetic|bad_randomness|denial_service|front_running|reentrancy|unchecked_low_calls,arithmetic|denial_service|reentrancy,101|104|107|113|114|120,Zeus|eThor,C:\Users\Exauce\Documents\smart-contract-cgt\source\1363980726cde1238d7f474dd0e146e9.sol
1364094cf4b69a0af5d2f20e4209bd68,e1c92ca983db9ad40dd44fdc7cf503827b7eb8a1b80ca5a66dabba02aa77f7b9,1,1,1,0,1,time_manipulation,time_manipulation,116,ContractFuzzer,C:\Users\Exauce\Documents\smart-contract-cgt\source\1364094cf4b69a0af5d2f20e4209bd68.sol
13756dcaa931f496a490936b90088471,9a3230a9de8e3a900839bbd5a8cc3ddf6cf87bf41bd4bccba1f6f9d1b79d1c57,1,7,3,4,6,arithmetic|bad_randomness|denial_service|front_running|reentrancy|unchecked_low_calls,arithmetic|front_running|unchecked_low_calls,101|104|107|113|114|120,Zeus|eThor,C:\Users\Exauce\Documents\smart-contract-cgt\source\13756dcaa931f496a490936b90088471.sol
137b1dc5533b87fbf343fda96a48374c,3da05ad96f196111c6bdb0c16c4138ef5fa065aefe39e5a90e8ae03ec33fbe05,1,7,4,3,6,arithmetic|bad_randomness|denial_service|front_running|reentrancy|unchecked_low_calls,arithmetic|bad_randomness|front_running|unchecked_low_calls,101|104|107|113|114|120,Zeus|eThor,C:\Users\Exauce\Documents\smart-contract-cgt\source\137b1dc5533b87fbf343fda96a48374c.sol
13ad1dbd6f3646ec41535cd1dc3bc01f,355c546d040747dd5f2ea08b7be5a8de700c67adac02f871a9c8c549208883ba,1,1,1,0,1,unchecked_low_calls,unchecked_low_calls,104,ContractFuzzer,C:\Users\Exauce\Documents\smart-contract-cgt\source\13ad1dbd6f3646ec41535cd1dc3bc01f.sol
1447d0e6626f4acc11c127a76405ed54,e0f5275e74e0a3f450e33656905280e02ef219a47b81bc39ba1119d9f56af57b,1,1,1,0,1,time_manipulation,time_manipulation,116,ContractFuzzer,C:\Users\Exauce\Documents\smart-contract-cgt\source\1447d0e6626f4acc11c127a76405ed54.sol
148d743b221f86c98f6a20b7ca1427e3,9cfa2b2c05c1904420a0676c123087067555b7743bedba9678d7636e032ec772,0,6,0,6,6,arithmetic|bad_randomness|denial_service|front_running|reentrancy|unchecked_low_calls,,101|104|107|113|114|120,Zeus,C:\Users\Exauce\Documents\smart-contract-cgt\source\148d743b221f86c98f6a20b7ca1427e3.sol
149203d00c4bb5664dda100d6eb2db6b,5bf239eddc4db5b22ffec34bcc5757972814593779ff193f431093075c31f15e,1,1,1,0,1,reentrancy,reentrancy,107,SolidiFI,C:\Users\Exauce\Documents\smart-contract-cgt\source\149203d00c4bb5664dda100d6eb2db6b.sol
14e3d9c49f3c25df62c27c465e6e470c,0b56d756f250a9904d7b002ac44b16dcce3a5e362a23bae4accbbb0a983b43de,1,6,1,5,6,arithmetic|bad_randomness|denial_service|front_running|reentrancy|unchecked_low_calls,arithmetic,101|104|107|113|114|120,Zeus,C:\Users\Exauce\Documents\smart-contract-cgt\source\14e3d9c49f3c25df62c27c465e6e470c.sol
1512c703a2926d6c8eb14aef79821976,57e81add9426ce0b7cc51b064bd1aae186920453900ca459f80d898b7ff6a316,1,7,2,5,6,arithmetic|bad_randomness|denial_service|front_running|reentrancy|unchecked_low_calls,arithmetic|bad_randomness,101|104|107|113|114|120,Zeus|eThor,C:\Users\Exauce\Documents\smart-contract-cgt\source\1512c703a2926d6c8eb14aef79821976.sol
154a050ab0b1d12ebd63f35d588770ca,31afdd76089e6953217275ca358850194e0c4b1409418e1b4f0352411ebd6ed5,0,5,0,5,4,bad_randomness|denial_service|reentrancy|unchecked_low_calls,,104|107|113|120|128,CodeSmells,C:\Users\Exauce\Documents\smart-contract-cgt\source\154a050ab0b1d12ebd63f35d588770ca.sol
157b31a99f78f28a4c608530ae3c17a3,d5c432aae11d49e7ab6d8fad0b43c709fe1c0428c78d3f10ab5520dc35e03be9,1,6,1,5,6,arithmetic|bad_randomness|denial_service|front_running|reentrancy|unchecked_low_calls,arithmetic,101|104|107|113|114|120,Zeus,C:\Users\Exauce\Documents\smart-contract-cgt\source\157b31a99f78f28a4c608530ae3c17a3.sol
15804183f73c4c7e1d0a6dccc2760aa0,430a3d154acae5934a2e5ec86f01e1604279b51723462c723e8fa4504c4c55c4,1,7,4,3,6,arithmetic|bad_randomness|denial_service|front_running|reentrancy|unchecked_low_calls,arithmetic|bad_randomness|front_running|unchecked_low_calls,101|104|107|113|114|120,Zeus|eThor,C:\Users\Exauce\Documents\smart-contract-cgt\source\15804183f73c4c7e1d0a6dccc2760aa0.sol
15fd65226e58cafbc4f3b01783999988,e7176803a87e416de6ac067fdecd1040f5682da8200abb9bd8d77dcbda4b31f1,1,5,1,4,4,bad_randomness|denial_service|reentrancy|unchecked_low_calls,bad_randomness,104|107|113|120|128,CodeSmells,C:\Users\Exauce\Documents\smart-contract-cgt\source\15fd65226e58cafbc4f3b01783999988.sol
160b5628c19386cb7ca4da92e9da26f0,b8248c73bbe187336aac9613e91d8434ee2e99129785ed6f34a98277495cb830,1,1,1,0,1,time_manipulation,time_manipulation,116,SolidiFI,C:\Users\Exauce\Documents\smart-contract-cgt\source\160b5628c19386cb7ca4da92e9da26f0.sol
167cbd1a1c2dd4af161622f0d084616d,bffd15017cb2db9c8af53817f9c9690f46dfc3ae90f3e3c1aa21cff0be23a71b,1,6,3,3,6,arithmetic|bad_randomness|denial_service|front_running|reentrancy|unchecked_low_calls,arithmetic|denial_service|front_running,101|104|107|113|114|120,Zeus,C:\Users\Exauce\Documents\smart-contract-cgt\source\167cbd1a1c2dd4af161622f0d084616d.sol
16912ed8e7b7d660b8b58e0fa4fc09e7,250f940ef58a7db766bbdf8a3a68b8766d41f6c3c034f05dc8b028d30ced789f,1,7,3,4,6,arithmetic|bad_randomness|denial_service|front_running|reentrancy|unchecked_low_calls,arithmetic|denial_service|front_running,101|104|107|113|114|120,Zeus|eThor,C:\Users\Exauce\Documents\smart-contract-cgt\source\16912ed8e7b7d660b8b58e0fa4fc09e7.sol
16cc936bc3009b2406b09f117e055dd7,f215819043cc8c8eddad21231f468fb322dfe740591733f33b7a8755e0ad24b9,0,5,0,5,4,bad_randomness|denial_service|reentrancy|unchecked_low_calls,,104|107|113|120|128,CodeSmells,C:\Users\Exauce\Documents\smart-contract-cgt\source\16cc936bc3009b2406b09f117e055dd7.sol
170efd3c08dd99667ce0bafd8e9ef6e3,79ffeaa9eedb5242daee3d85743cc93921e58499bdd81be946843e2b780ffe43,1,1,1,0,1,time_manipulation,time_manipulation,116,SolidiFI,C:\Users\Exauce\Documents\smart-contract-cgt\source\170efd3c08dd99667ce0bafd8e9ef6e3.sol
17272b14978f10ec7183fc4d41a8e2aa,d9ec84f20169c25ada2dbf3b5c46cd9f6310c139037fc235c37ac77d7bed951e,1,7,2,5,6,arithmetic|bad_randomness|denial_service|front_running|reentrancy|unchecked_low_calls,arithmetic|reentrancy,101|104|107|113|114|120,Zeus|eThor,C:\Users\Exauce\Documents\smart-contract-cgt\source\17272b14978f10ec7183fc4d41a8e2aa.sol
173c653e053a60550dcad5fb32a8b4d7,ff74d3b10a94bafbfc218c8bf4fefc987935ff84af9be25cfe861157ef14b30b,0,5,0,5,4,bad_randomness|denial_service|reentrancy|unchecked_low_calls,,104|107|113|120|128,CodeSmells,C:\Users\Exauce\Documents\smart-contract-cgt\source\173c653e053a60550dcad5fb32a8b4d7.sol
1747ee8fa9b98991cd355a630179493b,87686a84dc475bc95574e027eb6106f0c9381facef1f58f93c8f9259c98fa86e,0,5,0,5,5,arithmetic|bad_randomness|denial_service|front_running|unchecked_low_calls,,101|104|113|114|120,Zeus,C:\Users\Exauce\Documents\smart-contract-cgt\source\1747ee8fa9b98991cd355a630179493b.sol
174f52fe89187ef41341a3cece0ebb0e,0ff43fb91092128fbea719fa391a4b815402e5ad17b43f1b0ff019d56ceff49d,1,5,1,4,4,bad_randomness|denial_service|reentrancy|unchecked_low_calls,bad_randomness,104|107|113|120|128,CodeSmells,C:\Users\Exauce\Documents\smart-contract-cgt\source\174f52fe89187ef41341a3cece0ebb0e.sol
1755295f8936cd9cb482c178a155c89c,66539e313dd6cde9ef93f945c05f20a5bf1246a6c45958bf23d8a67ab4dec2b4,1,1,1,0,1,time_manipulation,time_manipulation,116,ContractFuzzer,C:\Users\Exauce\Documents\smart-contract-cgt\source\1755295f8936cd9cb482c178a155c89c.sol
177cc199d3f91975d6ef41a0bdc10092,0706658f6bb9f36dba9e952a4ac1b8ae3ab54a46347567a5969aa697c2922c72,0,5,0,5,4,bad_randomness|denial_service|reentrancy|unchecked_low_calls,,104|107|113|120|128,CodeSmells,C:\Users\Exauce\Documents\smart-contract-cgt\source\177cc199d3f91975d6ef41a0bdc10092.sol
179babe8268751b61dac7ec6bc2f70b6,cd0c03406d77f625edb18e09f15cb4037c494ca4fd67bd72730ac2b564ee65e3,1,6,2,4,6,arithmetic|bad_randomness|denial_service|front_running|reentrancy|unchecked_low_calls,arithmetic|front_running,101|104|107|113|114|120,Zeus,C:\Users\Exauce\Documents\smart-contract-cgt\source\179babe8268751b61dac7ec6bc2f70b6.sol
17b9b05e6a5a9ebc217790cca9af537d,380f5b12ea0864db8a5a0eab9f34a255beeac79138467b8c3fefbe483c479e06,1,5,2,3,5,arithmetic|bad_randomness|denial_service|front_running|unchecked_low_calls,arithmetic|front_running,101|104|113|114|120,Zeus,C:\Users\Exauce\Documents\smart-contract-cgt\source\17b9b05e6a5a9ebc217790cca9af537d.sol
17d819d205be082067eab3cdf21a1269,bab34603466f49963b5c5e115b183c805ef6563416e9181ff82adcc175fffaae,0,6,0,6,6,arithmetic|bad_randomness|denial_service|front_running|reentrancy|unchecked_low_calls,,101|104|107|113|114|120,Zeus,C:\Users\Exauce\Documents\smart-contract-cgt\source\17d819d205be082067eab3cdf21a1269.sol
17f2e87d6f62e815dc918d768df6804f,927b8acd938e07951545f795f247031f8eb9e78f48b50ff7f86bdb85d05e68c9,0,5,0,5,4,bad_randomness|denial_service|reentrancy|unchecked_low_calls,,104|107|113|120|128,CodeSmells,C:\Users\Exauce\Documents\smart-contract-cgt\source\17f2e87d6f62e815dc918d768df6804f.sol
1824868f49295ba740d6eaf203f06c1c,6e240b9e1c0c437aabde9561bb90df442aa160c73fa1556f063779e2b7c5342a,0,5,0,5,4,bad_randomness|denial_service|reentrancy|unchecked_low_calls,,104|107|113|120|128,CodeSmells,C:\Users\Exauce\Documents\smart-contract-cgt\source\1824868f49295ba740d6eaf203f06c1c.sol
1845d80140a52e9de0820449f2585dd2,e2baec2e1a2cc6c0fc6fee90ef3e33c963dbd68af164484e23574056f041ed8f,0,7,0,7,6,arithmetic|bad_randomness|denial_service|front_running|reentrancy|unchecked_low_calls,,101|104|107|113|114|120,Zeus|eThor,C:\Users\Exauce\Documents\smart-contract-cgt\source\1845d80140a52e9de0820449f2585dd2.sol
18e16f1661507f25e2055363a186a1ca,cd15cc5fb18ac062c6f47cb56db3772e2325186c3800a6ae91e800ac12801729,1,1,1,0,1,unchecked_low_calls,unchecked_low_calls,104,ContractFuzzer,C:\Users\Exauce\Documents\smart-contract-cgt\source\18e16f1661507f25e2055363a186a1ca.sol
1911c4c3b3a9a2814a7b7a52f1de6008,9119d7b928f8732dc2817b10a9c172965f60c5ee9eb28c8393e9ccc9d7b0a4ba,1,1,1,0,1,reentrancy,reentrancy,107,SolidiFI,C:\Users\Exauce\Documents\smart-contract-cgt\source\1911c4c3b3a9a2814a7b7a52f1de6008.sol
192e7e538fc0727b62d991da15d80812,381d260108c9ef29d8f9df7d13ddc51c40845fba040a966c63b6c650f112be15,0,5,0,5,4,bad_randomness|denial_service|reentrancy|unchecked_low_calls,,104|107|113|120|128,CodeSmells,C:\Users\Exauce\Documents\smart-contract-cgt\source\192e7e538fc0727b62d991da15d80812.sol
192ebc941e9c75a7f08c778e61026f15,834da53efc4facb35b5a1366978ec7c8500e67cd9844a4957fff17c903b4fbc6,0,4,0,4,3,bad_randomness|denial_service|unchecked_low_calls,,104|113|120|128,CodeSmells,C:\Users\Exauce\Documents\smart-contract-cgt\source\192ebc941e9c75a7f08c778e61026f15.sol
19639693abc81de17442b5bc2f32d291,3e7fe74f1ea232c5ba95765b12b0385e354e5cbf2394ac94935d944d63f53fdf,0,5,0,5,4,bad_randomness|denial_service|reentrancy|unchecked_low_calls,,104|107|113|120,Zeus|eThor,C:\Users\Exauce\Documents\smart-contract-cgt\source\19639693abc81de17442b5bc2f32d291.sol
196fdafa09f4801b6d5ff867976a19c3,22202b542d4df7022601111440d2e1d39efc858a8fe7f4abba0d9f254dd531dd,1,1,1,0,1,time_manipulation,time_manipulation,116,SolidiFI,C:\Users\Exauce\Documents\smart-contract-cgt\source\196fdafa09f4801b6d5ff867976a19c3.sol
19923f55954365aea2560fcde3ab2ec1,b1fded36e5cbec4aa0d078972b1747d466b7c723b427ff5a3654e7950f8ff44e,1,1,1,0,1,time_manipulation,time_manipulation,116,ContractFuzzer,C:\Users\Exauce\Documents\smart-contract-cgt\source\19923f55954365aea2560fcde3ab2ec1.sol
199832775fad71987d1043563af86276,c8c1b7b627b9373c46887fb8f074cfd92e4bbe36c0292e0eec78efb46904116b,1,1,1,0,1,front_running,front_running,114,EthRacer,C:\Users\Exauce\Documents\smart-contract-cgt\source\199832775fad71987d1043563af86276.sol
19efef66cab39a1dba87b292291afa64,7ab8d3558d739d24bc2ea7cd9c503472d6206de88d23a60eef083c94cb6407e5,1,7,3,4,6,arithmetic|bad_randomness|denial_service|front_running|reentrancy|unchecked_low_calls,arithmetic|front_running|unchecked_low_calls,101|104|107|113|114|120,Zeus|eThor,C:\Users\Exauce\Documents\smart-contract-cgt\source\19efef66cab39a1dba87b292291afa64.sol
19fdaa8a712d044813629765252a5dcf,4ae4b918542ca5082018f83014e01a11fe57bdc8a251cf41d73922f157bc8d87,0,4,0,4,3,bad_randomness|denial_service|unchecked_low_calls,,104|113|120|128,CodeSmells,C:\Users\Exauce\Documents\smart-contract-cgt\source\19fdaa8a712d044813629765252a5dcf.sol
1a1e8791945e23036040b2f0182bfcc9,915d9480a63a7a2f423fcd3fe4e4caaa4539053787549e68114b1d17ffee2958,1,7,3,4,6,arithmetic|bad_randomness|denial_service|front_running|reentrancy|unchecked_low_calls,arithmetic|front_running|unchecked_low_calls,101|104|107|113|114|120,Zeus|eThor,C:\Users\Exauce\Documents\smart-contract-cgt\source\1a1e8791945e23036040b2f0182bfcc9.sol
1a397f4ae99ceec62088e8a666f48c2f,cda91093443db135125c17fae272c0833e2255d3e2b3172b5eee3cb1fbdaf1c0,0,5,0,5,4,bad_randomness|denial_service|reentrancy|unchecked_low_calls,,104|107|113|120|128,CodeSmells,C:\Users\Exauce\Documents\smart-contract-cgt\source\1a397f4ae99ceec62088e8a666f48c2f.sol
1a5d927054ea9dbfcc7903c503f2924a,7d4fbc7ce888386031bbc6f717ff8e71d800e1f74124b7bedaac95ef44e226a0,1,6,2,4,6,arithmetic|bad_randomness|denial_service|front_running|reentrancy|unchecked_low_calls,arithmetic|reentrancy,101|104|107|113|114|120,Zeus,C:\Users\Exauce\Documents\smart-contract-cgt\source\1a5d927054ea9dbfcc7903c503f2924a.sol
1a7e2df711b625fad09263bd59dc6a64,13de809de2b40fa9ffc2b872914f79c12f3989409481e425864ade4da838edd3,1,6,1,5,6,arithmetic|bad_randomness|denial_service|front_running|reentrancy|unchecked_low_calls,front_running,101|104|107|113|114|120,Zeus,C:\Users\Exauce\Documents\smart-contract-cgt\source\1a7e2df711b625fad09263bd59dc6a64.sol
1aa60b405a7fde603292ce637bb8cbfd,47706c3343417af3c84ce8bed3206610f669a80fb8c2466be4eaa022424581aa,0,5,0,5,4,bad_randomness|denial_service|reentrancy|unchecked_low_calls,,104|107|113|120|128,CodeSmells,C:\Users\Exauce\Documents\smart-contract-cgt\source\1aa60b405a7fde603292ce637bb8cbfd.sol
1ab6fc88bb9686fa8c7cdfb095d09d9a,50bbb252c22b9f127786649d29468ece22940b8c41a6dca8faf0044aacf8c657,0,5,0,5,4,bad_randomness|denial_service|reentrancy|unchecked_low_calls,,104|107|113|120|128,CodeSmells,C:\Users\Exauce\Documents\smart-contract-cgt\source\1ab6fc88bb9686fa8c7cdfb095d09d9a.sol
1b15a0a530394a1ff5768af418ebfecc,4a9ded03d9ff55fefd361df32af46c0a6b7782a13dcf7441306279dd98f0517c,1,1,1,0,1,arithmetic,arithmetic,101,SolidiFI,C:\Users\Exauce\Documents\smart-contract-cgt\source\1b15a0a530394a1ff5768af418ebfecc.sol
1b1bfab3b26b94f0cfc340fde62736c8,6e20490ff54dc5781435962730334407f1d9119afa3e69fd33ca9e8fd430bbac,1,1,1,0,1,unchecked_low_calls,unchecked_low_calls,104,Doublade,C:\Users\Exauce\Documents\smart-contract-cgt\source\1b1bfab3b26b94f0cfc340fde62736c8.sol
1b29598c14a80baa9fba38d86be02c17,d4f3f00dd09d5368118fbe3f50d5c9e69e641954bf6a64049a81fe6190a4ae75,0,5,0,5,4,bad_randomness|denial_service|reentrancy|unchecked_low_calls,,104|107|113|120|128,CodeSmells,C:\Users\Exauce\Documents\smart-contract-cgt\source\1b29598c14a80baa9fba38d86be02c17.sol
1b3486dac06eb803b92f74b3f15e66e5,77c31ceacf9b92d885bf4691b328cb7e4c1b76f197b966eac91f6e3ea34f959a,1,1,1,0,1,arithmetic,arithmetic,101,SolidiFI,C:\Users\Exauce\Documents\smart-contract-cgt\source\1b3486dac06eb803b92f74b3f15e66e5.sol
1b3e25c38211fee7f1105a9fe7dae37b,cfb27821146e617a9cdf628ac7fef119aa173fb25cfc4db638aad32aa6844b12,1,6,3,3,6,arithmetic|bad_randomness|denial_service|front_running|reentrancy|unchecked_low_calls,arithmetic|bad_randomness|denial_service,101|104|107|113|114|120,Zeus,C:\Users\Exauce\Documents\smart-contract-cgt\source\1b3e25c38211fee7f1105a9fe7dae37b.sol
1b6fbdc64282f1734f814c740fcb09ac,49348df0c28591ad2f196168e5a19e8565c5ab6beaadbfb935aab09e776be5f2,1,1,1,0,1,bad_randomness,bad_randomness,120,NotSoSmartC,C:\Users\Exauce\Documents\smart-contract-cgt\source\1b6fbdc64282f1734f814c740fcb09ac.sol
1bc6fe7dfbdaeebba03e846152507e7a,e099be247994dec337bd3d5a435234b202768d8b426998c0d441cbded9d0fe1a,0,7,0,7,6,arithmetic|bad_randomness|denial_service|front_running|reentrancy|unchecked_low_calls,,101|104|107|113|114|120,Zeus|eThor,C:\Users\Exauce\Documents\smart-contract-cgt\source\1bc6fe7dfbdaeebba03e846152507e7a.sol
1bcbb73f4dd99f5db6ed785dbed8d178,1f790066e6a936cf1190a6b700f4563b0708d9eb25383e2c53eefcb2b11a4fd6,1,1,1,0,1,unchecked_low_calls,unchecked_low_calls,104,SolidiFI,C:\Users\Exauce\Documents\smart-contract-cgt\source\1bcbb73f4dd99f5db6ed785dbed8d178.sol
1bcbd72be9eea3b997b11d96f9d32e06,afcb3be7343db92f6350226d4a22d0806d30b5298f22714e24282c4b919fd3e7,0,5,0,5,4,bad_randomness|denial_service|reentrancy|unchecked_low_calls,,104|107|113|120|128,CodeSmells,C:\Users\Exauce\Documents\smart-contract-cgt\source\1bcbd72be9eea3b997b11d96f9d32e06.sol
1bd25758bfe88039f2335c7f6bbaad6f,aab9bcb0c4ee5fcfc3f01c71a18ddf10e8362c8e0814875b0a313946924e3f36,1,1,1,0,1,time_manipulation,time_manipulation,116,ContractFuzzer,C:\Users\Exauce\Documents\smart-contract-cgt\source\1bd25758bfe88039f2335c7f6bbaad6f.sol
1c59a8e31586848281fa3c90d1aec39f,c6de5d539fdc130544d0d737cb30313f088ab2b80e862f6758a89979c9de3d26,0,5,0,5,4,bad_randomness|denial_service|reentrancy|unchecked_low_calls,,104|107|113|120|128,CodeSmells,C:\Users\Exauce\Documents\smart-contract-cgt\source\1c59a8e31586848281fa3c90d1aec39f.sol
1ca17455b5cfa6b1822ae605ee81d3b8,0654d7a934bf8ee9935a2c8048648c70b9633b95164a1acf8999cea70fd4799c,1,5,2,3,5,arithmetic|bad_randomness|denial_service|front_running|unchecked_low_calls,arithmetic|front_running,101|104|113|114|120,Zeus,C:\Users\Exauce\Documents\smart-contract-cgt\source\1ca17455b5cfa6b1822ae605ee81d3b8.sol
1ca318bb82d5b2a6ebf9b840b5dd7b13,52975ffd7ca683b24f31a60e52c1b4187e9ebcef3c76ddceae85b4ba468f9561,0,1,0,1,1,arithmetic,,101,JiuZhou,C:\Users\Exauce\Documents\smart-contract-cgt\source\1ca318bb82d5b2a6ebf9b840b5dd7b13.sol
1cb35513403e2b0b4e06bfdd7b56639b,8292e0e90119a27c41a044eb683fa822ea9b06ff0c22fa52420a4f4cba87f1a6,0,1,0,1,1,front_running,,114,EthRacer,C:\Users\Exauce\Documents\smart-contract-cgt\source\1cb35513403e2b0b4e06bfdd7b56639b.sol
1ce43114b74f2ce8e1f215f9e15d7829,c091d392f160b04ea0dc49493ee571c3b92e5083a93e89b1cba6fc66d71c39c3,1,1,1,0,1,bad_randomness,bad_randomness,120,ContractFuzzer,C:\Users\Exauce\Documents\smart-contract-cgt\source\1ce43114b74f2ce8e1f215f9e15d7829.sol
1cf130ed8e308a1667380df4f5484b8f,f94b9ae87b758dacfe667ce2f9392e913970719a45fac0fc44b7da5feec70454,1,1,1,0,1,arithmetic,arithmetic,101,SolidiFI,C:\Users\Exauce\Documents\smart-contract-cgt\source\1cf130ed8e308a1667380df4f5484b8f.sol
1d911a75645a7e93361992321040b1b9,b3bff8bd011085c0256bbc0c0fb683ba8ce5f945d7ef9ae233001424df7c328f,1,11,1,10,6,arithmetic|bad_randomness|denial_service|front_running|reentrancy|unchecked_low_calls,arithmetic,101|104|107|113|114|120,NPChecker|Zeus,C:\Users\Exauce\Documents\smart-contract-cgt\source\1d911a75645a7e93361992321040b1b9.sol
1dd873d489f631b58ac42e2782a6adce,5de00eecbee03048b3266da53db670b813b4cafa4251b19d4d28ce48c9e728aa,1,7,2,5,6,arithmetic|bad_randomness|denial_service|front_running|reentrancy|unchecked_low_calls,arithmetic|denial_service,101|104|107|113|114|120,Zeus|eThor,C:\Users\Exauce\Documents\smart-contract-cgt\source\1dd873d489f631b58ac42e2782a6adce.sol
1e25239c7d3418f4f5b7308dc29e67f7,6de32159525747618bc662cb318bd38b63e01e54a25a4ef723d8925f80211140,1,1,1,0,1,time_manipulation,time_manipulation,116,ContractFuzzer,C:\Users\Exauce\Documents\smart-contract-cgt\source\1e25239c7d3418f4f5b7308dc29e67f7.sol
1e36c4a459324e00d3115867d64b0791,83eeae9294d33076e1b4a500aab635fed813438d7f1f14aaa5c80f35f5303c9e,1,5,1,4,4,bad_randomness|denial_service|reentrancy|unchecked_low_calls,bad_randomness,104|107|113|120|128,CodeSmells,C:\Users\Exauce\Documents\smart-contract-cgt\source\1e36c4a459324e00d3115867d64b0791.sol
1e5b9e324fd9066b6f39c70806045141,cbe6083341587541a2416c6556040d25bb62ef52dfc598bd27c18c268646ca92,1,1,1,0,1,reentrancy,reentrancy,107,SolidiFI,C:\Users\Exauce\Documents\smart-contract-cgt\source\1e5b9e324fd9066b6f39c70806045141.sol
1eb0caa5ff79f53a933d523a7b1a1e68,6734fe46df947c024b6a866ae54e921e0805da3a2c401b573dd673e869391ae5,1,7,4,3,6,arithmetic|bad_randomness|denial_service|front_running|reentrancy|unchecked_low_calls,arithmetic|bad_randomness|front_running|unchecked_low_calls,101|104|107|113|114|120,Zeus|eThor,C:\Users\Exauce\Documents\smart-contract-cgt\source\1eb0caa5ff79f53a933d523a7b1a1e68.sol
1eccb68da9ed57a82aabfc9fd9d8883e,7263bd1db2894ae3a47c17c0f5ec1364f3e4159b9c89c22fdb7fbcf846b110b4,0,5,0,5,4,bad_randomness|denial_service|reentrancy|unchecked_low_calls,,104|107|113|120|128,CodeSmells,C:\Users\Exauce\Documents\smart-contract-cgt\source\1eccb68da9ed57a82aabfc9fd9d8883e.sol
1f2b49ce9ff60b83121a8ff88446e392,f8cb7c738c6f38fc68248242797ccd99ed0928ca13aacd35b6360251b20993d5,0,4,0,4,3,bad_randomness|denial_service|unchecked_low_calls,,104|113|120|128,CodeSmells,C:\Users\Exauce\Documents\smart-contract-cgt\source\1f2b49ce9ff60b83121a8ff88446e392.sol
1f6fd8e88ecc856d109ae0b6d96acb74,1c68b64c5142eea8ce771fef4640a65e768232f429a3b077228b6e247f7a8ef0,1,1,1,0,1,unchecked_low_calls,unchecked_low_calls,104,ContractFuzzer,C:\Users\Exauce\Documents\smart-contract-cgt\source\1f6fd8e88ecc856d109ae0b6d96acb74.sol
1f8f2b3eef8cb8fd8efff41c0c7bfea6,c750ad3c5f691d274b4fc60ec255b83eb26c1b49daa7ba6599d9aeb0a6967d31,1,6,2,4,6,arithmetic|bad_randomness|denial_service|front_running|reentrancy|unchecked_low_calls,arithmetic|denial_service,101|104|107|113|114|120,Zeus,C:\Users\Exauce\Documents\smart-contract-cgt\source\1f8f2b3eef8cb8fd8efff41c0c7bfea6.sol
1f9bf5bc7de330d8b76d15e80d4b606a,91bcfb8f52b1d12fe76620e62b4fa5a2576d59a98f53b710951460dc18eda09e,1,7,1,6,6,arithmetic|bad_randomness|denial_service|front_running|reentrancy|unchecked_low_calls,arithmetic,101|104|107|113|114|120,Zeus|eThor,C:\Users\Exauce\Documents\smart-contract-cgt\source\1f9bf5bc7de330d8b76d15e80d4b606a.sol
1fccc49820463b6455a167ee50fbdebd,9a14d7171e56d083ee9dd4b6fe29829761eecb10817dd34789f30c23e6054ae3,1,2,1,1,2,denial_service|reentrancy,denial_service,107|113,Doublade,C:\Users\Exauce\Documents\smart-contract-cgt\source\1fccc49820463b6455a167ee50fbdebd.sol
1fcecaf0692abbfda4bf068199f2e07f,ffb725dbf13e54e9109dee0e5d0a2345ddeb91094f159bc92ececdb926f83a79,1,1,1,0,1,time_manipulation,time_manipulation,116,ContractFuzzer,C:\Users\Exauce\Documents\smart-contract-cgt\source\1fcecaf0692abbfda4bf068199f2e07f.sol
2000e562b993f759d1fbd9e441af4dda,e91d22c6104de44fa0e87804bd5f38af86fbb18c91f012f76a0c38b9a43c2fd3,0,5,0,5,4,bad_randomness|denial_service|reentrancy|unchecked_low_calls,,104|107|113|120|128,CodeSmells,C:\Users\Exauce\Documents\smart-contract-cgt\source\2000e562b993f759d1fbd9e441af4dda.sol
200348aa3e402b99db035a6c79936461,6c54fc47f6efec40200b63c1f09e4190163512a0a69a4178c7e02859257a69cf,1,5,1,4,4,bad_randomness|denial_service|reentrancy|unchecked_low_calls,bad_randomness,104|107|113|120|128,CodeSmells,C:\Users\Exauce\Documents\smart-contract-cgt\source\200348aa3e402b99db035a6c79936461.sol
20400850daaa1b6b70f946f8eb84df63,af9deaaa35da69f328b9b0b7027b53e38b0147cbb7232aacf7f8acd941396c58,1,1,1,0,1,arithmetic,arithmetic,101,EverEvolvingG,C:\Users\Exauce\Documents\smart-contract-cgt\source\20400850daaa1b6b70f946f8eb84df63.sol
20786ce94afac4b2f7de903430d6dcdf,dbebf625d1ed12ac4877a05df8498494a47e557a157fc0bf6d6f384a3e9c1beb,1,7,3,4,6,arithmetic|bad_randomness|denial_service|front_running|reentrancy|unchecked_low_calls,arithmetic|front_running|unchecked_low_calls,101|104|107|113|114|120,Zeus|eThor,C:\Users\Exauce\Documents\smart-contract-cgt\source\20786ce94afac4b2f7de903430d6dcdf.sol
207a94d45ef3759b3c256f2eca789e8a,450d82d4f7af6c8132319e71f2e16e1945859e29707a24afed4bc985dde75b4c,0,5,0,5,4,bad_randomness|denial_service|reentrancy|unchecked_low_calls,,104|107|113|120|128,CodeSmells,C:\Users\Exauce\Documents\smart-contract-cgt\source\207a94d45ef3759b3c256f2eca789e8a.sol
20b25014c3fa8106a5d0df915e92145e,2072ad3d7873b43a1b3672dd215abf8dba256c2c0dfbd59de3617ee21ca31178,1,5,1,4,4,bad_randomness|denial_service|reentrancy|unchecked_low_calls,bad_randomness,104|107|113|120|128,CodeSmells,C:\Users\Exauce\Documents\smart-contract-cgt\source\20b25014c3fa8106a5d0df915e92145e.sol
20b8df51247bc0a0e6ee48ec1845b5a1,1007b1c257d8be6aabf110088170bfee6eb4d676194f3c695e3c0925063f09f3,1,7,3,4,6,arithmetic|bad_randomness|denial_service|front_running|reentrancy|unchecked_low_calls,arithmetic|front_running|unchecked_low_calls,101|104|107|113|114|120,Zeus|eThor,C:\Users\Exauce\Documents\smart-contract-cgt\source\20b8df51247bc0a0e6ee48ec1845b5a1.sol
20e59e5e3c572f2ca9615794ce9420af,c7787b350d349b102decd36a2181b9e826072637b752d87b42161d8d2949883b,1,1,1,0,1,front_running,front_running,114,SolidiFI,C:\Users\Exauce\Documents\smart-contract-cgt\source\20e59e5e3c572f2ca9615794ce9420af.sol
211b71004fe7728e2d991129d5b717ec,213701643a65bbc5da4f8a5d96152a0860a877a7345d287ecf245008a0f8263e,1,6,2,4,6,arithmetic|bad_randomness|denial_service|front_running|reentrancy|unchecked_low_calls,denial_service|front_running,101|104|107|113|114|120,Zeus,C:\Users\Exauce\Documents\smart-contract-cgt\source\211b71004fe7728e2d991129d5b717ec.sol
2130c1d63bf4b83ef1554ce5a233ed74,f17989e878b6bc1c8ae78cb39ac8a43331cf6a3aa9a86989d83e04de30e36572,1,1,1,0,1,arithmetic,arithmetic,101,SolidiFI,C:\Users\Exauce\Documents\smart-contract-cgt\source\2130c1d63bf4b83ef1554ce5a233ed74.sol
21696030663934632d50ff16763f0b02,78aaeb51ba5c3d2c28742db6855042dd5a4e0a1c99a5d2879ab7801bd5cfd108,0,5,0,5,4,bad_randomness|denial_service|reentrancy|unchecked_low_calls,,104|107|113|120|128,CodeSmells,C:\Users\Exauce\Documents\smart-contract-cgt\source\21696030663934632d50ff16763f0b02.sol
21710e27b1c3edac6f77eab471f72c08,daaeff77c99cdb5cc758ae8597475dcf2a67f6375b15a573e346271c91753936,1,1,1,0,1,front_running,front_running,114,EthRacer,C:\Users\Exauce\Documents\smart-contract-cgt\source\21710e27b1c3edac6f77eab471f72c08.sol
21985a992947eae31639ec0add23d5ab,b585af0528804385174efd1e4489cf97b221adfe06a4c3fecba29e49419b47e4,1,1,1,0,1,reentrancy,reentrancy,107,SolidiFI,C:\Users\Exauce\Documents\smart-contract-cgt\source\21985a992947eae31639ec0add23d5ab.sol
2233572df7d303e2c07807a96a9d719e,8649c3439d9c83b542f991f7f0381c3b0f5f25ce62d18ad84fdf7d78f2ce603d,0,2,0,2,1,reentrancy,,107,Doublade,C:\Users\Exauce\Documents\smart-contract-cgt\source\2233572df7d303e2c07807a96a9d719e.sol
223c13af348bf2f03ebc84cf49708349,a59ebd7edf2607d227058073a85f92e9845caffce55b28266d304f90ddf4dd94,0,5,0,5,4,bad_randomness|denial_service|reentrancy|unchecked_low_calls,,104|107|113|120|128,CodeSmells,C:\Users\Exauce\Documents\smart-contract-cgt\source\223c13af348bf2f03ebc84cf49708349.sol
224dd16e9c18ec57ea619074ea799b27,8d668d264ef9a06b63313131bda6bb099557c198457af4f2893ef2c0e0985e38,1,6,1,5,6,arithmetic|bad_randomness|denial_service|front_running|reentrancy|unchecked_low_calls,arithmetic,101|104|107|113|114|120,Zeus,C:\Users\Exauce\Documents\smart-contract-cgt\source\224dd16e9c18ec57ea619074ea799b27.sol
22694af690cc92b66e8e52de58817bd4,762805a6d50a9f2b0d95ad51d6ebedf69cd4567ce08f04677fa0ac977648a936,0,5,0,5,4,bad_randomness|denial_service|reentrancy|unchecked_low_calls,,104|107|113|120|128,CodeSmells,C:\Users\Exauce\Documents\smart-contract-cgt\source\22694af690cc92b66e8e52de58817bd4.sol
22a40766e884da7c8bf43e353b7ac448,21687661092ac439edbc0f02148fab041db402cc2c58b03f950cf9f15963a1ad,0,4,0,4,3,bad_randomness|denial_service|unchecked_low_calls,,104|113|120|128,CodeSmells,C:\Users\Exauce\Documents\smart-contract-cgt\source\22a40766e884da7c8bf43e353b7ac448.sol
22bc0231c2d4e19d42c82c6435d51bd8,41ac4821140857d040737fa94a63dbd868ba17c8f6a98ddb6b42bfb7097c842a,0,6,0,6,6,arithmetic|bad_randomness|denial_service|front_running|reentrancy|unchecked_low_calls,,101|104|107|113|114|120,Zeus,C:\Users\Exauce\Documents\smart-contract-cgt\source\22bc0231c2d4e19d42c82c6435d51bd8.sol
22c1562cb5fc3a89b074535b97230a33,681e8948367aa4d1f4db94e72c8cac2731cd0e659579ba7d5efa1bba0654e868,0,6,0,6,6,arithmetic|bad_randomness|denial_service|front_running|reentrancy|unchecked_low_calls,,101|104|107|113|114|120,Zeus,C:\Users\Exauce\Documents\smart-contract-cgt\source\22c1562cb5fc3a89b074535b97230a33.sol
22dd304af7517a4983badf7362644e6c,84ea639d7fbf985e2f7760a7c81aac8e2d18fecaa7108fcb988c50ab5b06ec4c,1,7,1,6,6,arithmetic|bad_randomness|denial_service|front_running|reentrancy|unchecked_low_calls,arithmetic,101|104|107|113|114|120,Zeus|eThor,C:\Users\Exauce\Documents\smart-contract-cgt\source\22dd304af7517a4983badf7362644e6c.sol
22dd83f9ff98f87ccd30bb50dcb18b4b,0529cc7f59e7974e4ec794d714f62eddcee5796f998262c9acf0a6d7ea3b4a0c,0,1,0,1,1,denial_service,,128,JiuZhou,C:\Users\Exauce\Documents\smart-contract-cgt\source\22dd83f9ff98f87ccd30bb50dcb18b4b.sol
22dec759b9ff15aaae33c4341a363f28,976f8b9a72d0b59bdee54d547ce711f2ab22f97d11f6f10e3e3fb09930eaa718,1,7,3,4,6,arithmetic|bad_randomness|denial_service|front_running|reentrancy|unchecked_low_calls,arithmetic|front_running|unchecked_low_calls,101|104|107|113|114|120,Zeus|eThor,C:\Users\Exauce\Documents\smart-contract-cgt\source\22dec759b9ff15aaae33c4341a363f28.sol
23138a73345d9ec8ae9cac971091051f,d964b06d910b390c6af8c81f1509b32e9c4bad98e5b786fa9b353488a00eb503,1,7,3,4,6,arithmetic|bad_randomness|denial_service|front_running|reentrancy|unchecked_low_calls,arithmetic|front_running|unchecked_low_calls,101|104|107|113|114|120,Zeus|eThor,C:\Users\Exauce\Documents\smart-contract-cgt\source\23138a73345d9ec8ae9cac971091051f.sol
232e2875e6043c78541ba9f517f4eb4e,ece11cf6b8393dc6acb90de825b10c14a58d4b7ac73c9296863f20065f119b14,1,7,3,4,6,arithmetic|bad_randomness|denial_service|front_running|reentrancy|unchecked_low_calls,arithmetic|front_running|unchecked_low_calls,101|104|107|113|114|120,Zeus|eThor,C:\Users\Exauce\Documents\smart-contract-cgt\source\232e2875e6043c78541ba9f517f4eb4e.sol
2333f0818c09f6c1e77878e4890b2138,238096a64ace2bde13e892a0a4ae26875033bec5834c0c2e505f44b66dd8ea3e,1,1,1,0,1,front_running,front_running,114,EthRacer,C:\Users\Exauce\Documents\smart-contract-cgt\source\2333f0818c09f6c1e77878e4890b2138.sol
235f2a0a01a57075c2ee55316e94f26e,8e710a84d522341d5a7c9f9ab0504c5ace227c247e8ebfb091bbe72969bc1260,0,5,0,5,4,bad_randomness|denial_service|reentrancy|unchecked_low_calls,,104|107|113|120|128,CodeSmells,C:\Users\Exauce\Documents\smart-contract-cgt\source\235f2a0a01a57075c2ee55316e94f26e.sol
2397a31c1941261c210dcbd348b6b993,4e782848b7dc2d643ef5e536758123427f2f4939fefddc09307e2ac48d9db52d,0,6,0,6,6,arithmetic|bad_randomness|denial_service|front_running|reentrancy|unchecked_low_calls,,101|104|107|113|114|120,Zeus,C:\Users\Exauce\Documents\smart-contract-cgt\source\2397a31c1941261c210dcbd348b6b993.sol
23a3cb62fda4329258d822b9666cf64b,1bbe1ce10616ab59778595605ca72b6d082923a28f5b0b36a1bb8b395c5b8351,1,1,1,0,1,reentrancy,reentrancy,107,ContractFuzzer,C:\Users\Exauce\Documents\smart-contract-cgt\source\23a3cb62fda4329258d822b9666cf64b.sol
23c3d45b9850f875e28bc9a94b6dfcb4,0e8e816da892dd9a9417d2c05b684d92fa3d2bb4046546d348ed3ba7e4c29ade,1,5,1,4,4,bad_randomness|denial_service|reentrancy|unchecked_low_calls,bad_randomness,104|107|113|120|128,CodeSmells,C:\Users\Exauce\Documents\smart-contract-cgt\source\23c3d45b9850f875e28bc9a94b6dfcb4.sol
23cdcd6d3e6ea50e02950ca2383949f3,9f580c7650c5c86aaf8566209bead16e7fba7a26134790acaa2b14bed4726efb,1,1,1,0,1,arithmetic,arithmetic,101,SolidiFI,C:\Users\Exauce\Documents\smart-contract-cgt\source\23cdcd6d3e6ea50e02950ca2383949f3.sol
244dae4d20ed64a10f8c412410b0c541,7f5c5b81ed0c2fdd25e047b9bedc094e5f4a6ce849d36e4cfe883a8ceade5545,1,1,1,0,1,reentrancy,reentrancy,107,Doublade,C:\Users\Exauce\Documents\smart-contract-cgt\source\244dae4d20ed64a10f8c412410b0c541.sol
24673a9442923184ce224f682e454f21,5431a3b8d5b285b981c677a811f3cf056cda159f4c7b8d2e3abb0062e519c551,0,1,0,1,1,reentrancy,,107,Doublade,C:\Users\Exauce\Documents\smart-contract-cgt\source\24673a9442923184ce224f682e454f21.sol
247b1cdf6739b7f047ee143b701f5418,3eff8a28b0569da779482178d479caeddc3703d61f6f202d11781dd0f8e8571c,1,7,3,4,6,arithmetic|bad_randomness|denial_service|front_running|reentrancy|unchecked_low_calls,arithmetic|denial_service|reentrancy,101|104|107|113|114|120,Zeus|eThor,C:\Users\Exauce\Documents\smart-contract-cgt\source\247b1cdf6739b7f047ee143b701f5418.sol
247b3fa1cda607f4deeaafbae42a024b,89abd6bc239540aa1a244a1204b8e9e8b1cd02f14f0d95f3c8458cfb85169eda,1,1,1,0,1,bad_randomness,bad_randomness,120,ContractFuzzer,C:\Users\Exauce\Documents\smart-contract-cgt\source\247b3fa1cda607f4deeaafbae42a024b.sol
2484e44d0b37c2d9ac67f865e1d4a4da,25b98e130cd79d8e70b186f96856298b00676c9edc0761cc6c88d8a4a7252438,0,5,0,5,4,bad_randomness|denial_service|reentrancy|unchecked_low_calls,,104|107|113|120|128,CodeSmells,C:\Users\Exauce\Documents\smart-contract-cgt\source\2484e44d0b37c2d9ac67f865e1d4a4da.sol
24b1d5da3702313312718bdaeb86f28d,dbf83067c8a052413ed36b9ce7884ec7f91b32338b1c8e2eed17f884c9d3aa0a,0,5,0,5,4,bad_randomness|denial_service|reentrancy|unchecked_low_calls,,104|107|113|120|128,CodeSmells,C:\Users\Exauce\Documents\smart-contract-cgt\source\24b1d5da3702313312718bdaeb86f28d.sol
24d4b9e3b066487e442c7820cfb1c087,f26c0277b37de8f8afda3640d9004392e82c35bb53ee3607accad3c6bc6748d3,1,6,1,5,6,arithmetic|bad_randomness|denial_service|front_running|reentrancy|unchecked_low_calls,front_running,101|104|107|113|114|120,Zeus,C:\Users\Exauce\Documents\smart-contract-cgt\source\24d4b9e3b066487e442c7820cfb1c087.sol
24d500e6bb35ad74aabe2a925db0d7d8,abe3fc4daaf79fa163f81980b62bbd1f93f291052d9d658de53439db0b1247bf,0,7,0,7,6,arithmetic|bad_randomness|denial_service|front_running|reentrancy|unchecked_low_calls,,101|104|107|113|114|120,Zeus|eThor,C:\Users\Exauce\Documents\smart-contract-cgt\source\24d500e6bb35ad74aabe2a925db0d7d8.sol
24e18c72fa5d744951c4e5fb8dc88585,8b5c047b38a5289ca91fad68902d4be43e8f92b6a4e9ed6883a4a8294f0e37b1,0,1,0,1,1,reentrancy,,107,Doublade,C:\Users\Exauce\Documents\smart-contract-cgt\source\24e18c72fa5d744951c4e5fb8dc88585.sol
251488856f4508e81cddb3f74472609e,a1f0255ca75ffde6904df28e899b2638d8c4491cef47caa47c3557497b60c965,0,5,0,5,4,bad_randomness|denial_service|reentrancy|unchecked_low_calls,,104|107|113|120|128,CodeSmells,C:\Users\Exauce\Documents\smart-contract-cgt\source\251488856f4508e81cddb3f74472609e.sol
254b01ed37a09e85ceddd48aa6ff12ff,75ee27339c0888927c525a395a4811c58d95753d689fba1f27e487ec4da2fad1,1,1,1,0,1,time_manipulation,time_manipulation,116,SolidiFI,C:\Users\Exauce\Documents\smart-contract-cgt\source\254b01ed37a09e85ceddd48aa6ff12ff.sol
2568a6115e0d55f9999caffdcee026ff,5d5460a9a09c572398070394e60378c4b40a4d40ef2b1e24212e0e9a51c63ab9,0,6,0,6,6,arithmetic|bad_randomness|denial_service|front_running|reentrancy|unchecked_low_calls,,101|104|107|113|114|120,Zeus,C:\Users\Exauce\Documents\smart-contract-cgt\source\2568a6115e0d55f9999caffdcee026ff.sol
257a376ef76f8a57ef0160de3e272342,6e18f91096a89443b56859c23bcc99bd7d8e04c9a4c5abfc3ed5bbf9aa3407d7,0,1,0,1,1,reentrancy,,107,Doublade,C:\Users\Exauce\Documents\smart-contract-cgt\source\257a376ef76f8a57ef0160de3e272342.sol
2596839d2345f66c2722d4cfed4eec5e,82c0a8c85ad0c1121827054728f0c07eba143c756d233fcbfd1474263a99bc04,1,7,1,6,6,arithmetic|bad_randomness|denial_service|front_running|reentrancy|unchecked_low_calls,reentrancy,101|104|107|113|114|120,Zeus|eThor,C:\Users\Exauce\Documents\smart-contract-cgt\source\2596839d2345f66c2722d4cfed4eec5e.sol
25b97750b535cd33a76ac258e8342ff8,cb5578cda1390dd2290e03446706de780ff4d38cae67563e1ef14a650ccccaed,0,2,0,2,2,denial_service|reentrancy,,107|113,Doublade,C:\Users\Exauce\Documents\smart-contract-cgt\source\25b97750b535cd33a76ac258e8342ff8.sol
25e61f561e1cba03a113fe7d6fedde8b,33dad7fe385ce3cabe92b29f7b37b82db1aef0161aaeb2a83d492ba85019ee21,1,6,2,4,6,arithmetic|bad_randomness|denial_service|front_running|reentrancy|unchecked_low_calls,arithmetic|front_running,101|104|107|113|114|120,Zeus,C:\Users\Exauce\Documents\smart-contract-cgt\source\25e61f561e1cba03a113fe7d6fedde8b.sol
25ecaf43663af0ab0868ad0cb3d8e6f9,f571d33e4105fdd2f4b1fa69fd8d34d7346a480de9ca1bac336816a9eea4c9fe,1,1,1,0,1,time_manipulation,time_manipulation,116,SolidiFI,C:\Users\Exauce\Documents\smart-contract-cgt\source\25ecaf43663af0ab0868ad0cb3d8e6f9.sol
261a8729f567dd034042a37e29ee9ff0,9dac535fd66190f0bfd2cf52a9f33138232b450a721ef9aad85312498ed38d74,1,1,1,0,1,reentrancy,reentrancy,107,ContractFuzzer,C:\Users\Exauce\Documents\smart-contract-cgt\source\261a8729f567dd034042a37e29ee9ff0.sol
2670a1455a1ff1fc23d11215c8c78a54,294b1ddc81c6aff2bad9618d57d4351252b9a80c53e022a211f66ca82c9bcc91,1,1,1,0,1,unchecked_low_calls,unchecked_low_calls,104,Doublade,C:\Users\Exauce\Documents\smart-contract-cgt\source\2670a1455a1ff1fc23d11215c8c78a54.sol
271cb70894d8d948500ed3548ed33925,fbd8fb576433439439762789d1dfb986602e8f0e1060bcec2297618916849a7c,1,1,1,0,1,arithmetic,arithmetic,101,SolidiFI,C:\Users\Exauce\Documents\smart-contract-cgt\source\271cb70894d8d948500ed3548ed33925.sol
271e07634bf0623fa2d82b14f0980b34,ffd1d84312cbc752a8a8e57f92f398e743aefc22170c1ce09a672e253d90cd1e,1,1,1,0,1,arithmetic,arithmetic,101,SWCregistry,C:\Users\Exauce\Documents\smart-contract-cgt\source\271e07634bf0623fa2d82b14f0980b34.sol
273d60e1f34f2dfbb2e6bc4126de6e7b,ab708d6bf96596eddebdd7447e5c033a7ad3e7fd583d83575bb68259aa257e28,1,1,1,0,1,time_manipulation,time_manipulation,116,ContractFuzzer,C:\Users\Exauce\Documents\smart-contract-cgt\source\273d60e1f34f2dfbb2e6bc4126de6e7b.sol
275352ace4c80b43a42c8bdf4d3651fc,653698679055d2bb4a8d344ee50106d6ee0d2ba6c913df0f8feecf0f1a59028b,1,1,1,0,1,bad_randomness,bad_randomness,120,ContractFuzzer,C:\Users\Exauce\Documents\smart-contract-cgt\source\275352ace4c80b43a42c8bdf4d3651fc.sol
275527cebf9497b1dd3ff7cdddf8bba4,d08d5b4856539d270efc352154e43f7ee82b9b2d895e2dbc138a917925e40758,1,7,3,4,6,arithmetic|bad_randomness|denial_service|front_running|reentrancy|unchecked_low_calls,arithmetic|front_running|unchecked_low_calls,101|104|107|113|114|120,Zeus|eThor,C:\Users\Exauce\Documents\smart-contract-cgt\source\275527cebf9497b1dd3ff7cdddf8bba4.sol
27d530b311eb6d97e855a547168a5eb9,7dd24e0708b86af898435a7dd0943bf9b35e22b5a393333140685676f32b2b99,1,6,3,3,6,arithmetic|bad_randomness|denial_service|front_running|reentrancy|unchecked_low_calls,arithmetic|denial_service|front_running,101|104|107|113|114|120,Zeus,C:\Users\Exauce\Documents\smart-contract-cgt\source\27d530b311eb6d97e855a547168a5eb9.sol
27d7a8f31eca79b168da6a4a8cd5b5a9,8e6b81532274a2bcfc5c2ed82378c47f2e9cc0915af76ee3a75b781aac2b4b2d,1,1,1,0,1,time_manipulation,time_manipulation,116,ContractFuzzer,C:\Users\Exauce\Documents\smart-contract-cgt\source\27d7a8f31eca79b168da6a4a8cd5b5a9.sol
27f15df89a4e097988f61c1a3e7d600e,94eb0c5b58db7a17f197dfc3106681572de77ed4d6c3d2967b7b1818bcec5f60,1,1,1,0,1,denial_service,denial_service,113,Doublade,C:\Users\Exauce\Documents\smart-contract-cgt\source\27f15df89a4e097988f61c1a3e7d600e.sol
28007d73eadb50ec681e0f5f832405eb,7030584c0e1b72cca378904fa88ab877e32f8775eab16e6cd408519071747441,0,5,0,5,4,bad_randomness|denial_service|reentrancy|unchecked_low_calls,,104|107|113|120|128,CodeSmells,C:\Users\Exauce\Documents\smart-contract-cgt\source\28007d73eadb50ec681e0f5f832405eb.sol
2802fcaf8814660aedd5cfc21884c107,da6c18fc23d803e154fc4a3e4ee9ff38e332442b6d2981407982c7198dbbf354,0,5,0,5,4,bad_randomness|denial_service|reentrancy|unchecked_low_calls,,104|107|113|120|128,CodeSmells,C:\Users\Exauce\Documents\smart-contract-cgt\source\2802fcaf8814660aedd5cfc21884c107.sol
280bb489c354077ef62461e9e97e16dd,9cc9f6cb090b810a179f2261f1f87f5e302b370f618da5645a589b1a3c2d4e77,0,5,0,5,4,bad_randomness|denial_service|reentrancy|unchecked_low_calls,,104|107|113|120|128,CodeSmells,C:\Users\Exauce\Documents\smart-contract-cgt\source\280bb489c354077ef62461e9e97e16dd.sol
2852538c6e5131cc5fcc9ac58a74e5cf,63b1dc2a213b0b4d2d4489f320650533e05d890bafe0eea63f847386c8f6294d,1,1,1,0,1,unchecked_low_calls,unchecked_low_calls,104,SolidiFI,C:\Users\Exauce\Documents\smart-contract-cgt\source\2852538c6e5131cc5fcc9ac58a74e5cf.sol
285cfbf16564f663dc5c45587896ac9b,82bc830ebdcc7fbb566d094195f0323ac371cdaf97f5d89df9814fa3794a8b15,1,1,1,0,1,reentrancy,reentrancy,107,SolidiFI,C:\Users\Exauce\Documents\smart-contract-cgt\source\285cfbf16564f663dc5c45587896ac9b.sol
2875fe0a098b5e5ae7c8eb2f73651ff5,9a0c3f89bf457c2d247002a1312b3d299145d28a4e592c8dcf55c4990d82810a,1,7,4,3,6,arithmetic|bad_randomness|denial_service|front_running|reentrancy|unchecked_low_calls,arithmetic|denial_service|front_running|reentrancy,101|104|107|113|114|120,Zeus|eThor,C:\Users\Exauce\Documents\smart-contract-cgt\source\2875fe0a098b5e5ae7c8eb2f73651ff5.sol
28afc25008117ec6a81234555124049e,2dddc14f389883be53a8dbf8880c406f971ae97fe29a6c94ebc6108d2b7f6847,1,1,1,0,1,front_running,front_running,114,SolidiFI,C:\Users\Exauce\Documents\smart-contract-cgt\source\28afc25008117ec6a81234555124049e.sol
28ba9cee2c17807aeaa8f91c434e2c51,3a246bbad0ea7d5032da723ff9a9090ee6c19efc1a85301cc72d45d712c61cd0,0,6,0,6,6,arithmetic|bad_randomness|denial_service|front_running|reentrancy|unchecked_low_calls,,101|104|107|113|114|120,Zeus,C:\Users\Exauce\Documents\smart-contract-cgt\source\28ba9cee2c17807aeaa8f91c434e2c51.sol
28c1357a468e4ef0841306eb4fd0f441,d46673cc8cd534a474e704d4b4ba12c00d94d534724638cb2f98bd53a3aca5f1,1,7,3,4,6,arithmetic|bad_randomness|denial_service|front_running|reentrancy|unchecked_low_calls,arithmetic|front_running|unchecked_low_calls,101|104|107|113|114|120,Zeus|eThor,C:\Users\Exauce\Documents\smart-contract-cgt\source\28c1357a468e4ef0841306eb4fd0f441.sol
28d57839fb2fa31fd7f1fc42cd98e0ca,2b57d03385b18c4fe9707c83bf30e6cdd878f2392e71634ee7176f11050b1d70,1,6,1,5,6,arithmetic|bad_randomness|denial_service|front_running|reentrancy|unchecked_low_calls,arithmetic,101|104|107|113|114|120,Zeus,C:\Users\Exauce\Documents\smart-contract-cgt\source\28d57839fb2fa31fd7f1fc42cd98e0ca.sol
28d858d915a51fb614e3a02588cccbe5,ee17806f3bc11886a7236661c3bf4ef5f041e2a4f03dc3a142e115382fcc5032,0,5,0,5,4,bad_randomness|denial_service|reentrancy|unchecked_low_calls,,104|107|113|120|128,CodeSmells,C:\Users\Exauce\Documents\smart-contract-cgt\source\28d858d915a51fb614e3a02588cccbe5.sol
28de4856a51de47f6507e1859f491451,b56781168e59f61adecf8e75253ae9824b844f7faf3d476e27d69fb0b6b228ea,1,5,1,4,4,bad_randomness|denial_service|reentrancy|unchecked_low_calls,unchecked_low_calls,104|107|113|120|128,CodeSmells,C:\Users\Exauce\Documents\smart-contract-cgt\source\28de4856a51de47f6507e1859f491451.sol
28ec0065eaf78c262b90a61dd0972e3a,eec6865a0cb1f6c3322f261b52f09c596a93dab49fba9d17ca429261ed0c0ffc,1,5,2,3,5,arithmetic|bad_randomness|denial_service|front_running|unchecked_low_calls,arithmetic|front_running,101|104|113|114|120,Zeus,C:\Users\Exauce\Documents\smart-contract-cgt\source\28ec0065eaf78c262b90a61dd0972e3a.sol
28f0066364cd0d77bf70fe9c6749f921,541494a752ac3e1a5c49a8743d0a0e5dfa9b71f40ba6bb261453d31deffe8e52,0,6,0,6,6,arithmetic|bad_randomness|denial_service|front_running|reentrancy|unchecked_low_calls,,101|104|107|113|114|120,Zeus,C:\Users\Exauce\Documents\smart-contract-cgt\source\28f0066364cd0d77bf70fe9c6749f921.sol
2905d6a52900c3e1bb5a32ebf9b6ca31,07c37615873218ff8999f79a4b11faa30dfc3a56a67088c6105f6d6e3176fb2a,1,1,1,0,1,time_manipulation,time_manipulation,116,ContractFuzzer,C:\Users\Exauce\Documents\smart-contract-cgt\source\2905d6a52900c3e1bb5a32ebf9b6ca31.sol
2906b81bd1cfedb11b52f75ca551985e,6dd1212d8203b27fad29a283f2e52a680a7945c04ff420c15844047d800ec920,1,1,1,0,1,bad_randomness,bad_randomness,120,ContractFuzzer,C:\Users\Exauce\Documents\smart-contract-cgt\source\2906b81bd1cfedb11b52f75ca551985e.sol
291a71d5b94d48a9113beae8c5808a7a,c8c2632d55a126a286d5e425dd4e0be6c7e959073d7679816d62145d540b9004,1,2,1,1,2,denial_service|reentrancy,denial_service,107|113,Doublade,C:\Users\Exauce\Documents\smart-contract-cgt\source\291a71d5b94d48a9113beae8c5808a7a.sol
291b479c02e67afb6e2e4c3d25602337,f464106b713c733702d415524b58849f6378910e1a6392cd46f7f87cbacbf57c,0,5,0,5,4,bad_randomness|denial_service|reentrancy|unchecked_low_calls,,104|107|113|120|128,CodeSmells,C:\Users\Exauce\Documents\smart-contract-cgt\source\291b479c02e67afb6e2e4c3d25602337.sol
292ccc84cb9c9dd481de5f769c95baa2,377a674dbe705fceff4b3b49d2049583a42f9d98072aed91bb3549c6e728c1c2,0,6,0,6,6,arithmetic|bad_randomness|denial_service|front_running|reentrancy|unchecked_low_calls,,101|104|107|113|114|120,Zeus,C:\Users\Exauce\Documents\smart-contract-cgt\source\292ccc84cb9c9dd481de5f769c95baa2.sol
2933c3acdf4b3073fb49e26e7b5c3b82,c35da8fd747d88aa02c3068cff481b52398ee30c52ab853ecef3a83d11752b3e,1,7,3,4,6,arithmetic|bad_randomness|denial_service|front_running|reentrancy|unchecked_low_calls,arithmetic|denial_service|reentrancy,101|104|107|113|114|120,Zeus|eThor,C:\Users\Exauce\Documents\smart-contract-cgt\source\2933c3acdf4b3073fb49e26e7b5c3b82.sol
296712baf7d0dad3a7f8f8b1e3eab532,4aa529c64b8b8f0244c586c3c375685e1d6d12f8c88ca1014fe8b4ed2beec359,0,1,0,1,1,front_running,,114,EthRacer,C:\Users\Exauce\Documents\smart-contract-cgt\source\296712baf7d0dad3a7f8f8b1e3eab532.sol
297c1aeb1d053290e8a137889b7d1c81,410147af284aaf21f7ecf389445bca435e0258f6061869ceaa4d2daffb84fd9e,1,1,1,0,1,unchecked_low_calls,unchecked_low_calls,104,Doublade,C:\Users\Exauce\Documents\smart-contract-cgt\source\297c1aeb1d053290e8a137889b7d1c81.sol
29861349da05d45385cc9b312b787d74,e5ddd8fd7090ca5858771d01b4a4c15b445ea67525654af1516b7ddb3bf7419c,1,1,1,0,1,unchecked_low_calls,unchecked_low_calls,104,Doublade,C:\Users\Exauce\Documents\smart-contract-cgt\source\29861349da05d45385cc9b312b787d74.sol
29e2ed07c69dac1cb101d5d4d1ac5a04,fb718fdf5af53f971f2765778e4b6c7d95ac3ec40ccc11b3fc892b036998edce,1,5,2,3,5,arithmetic|bad_randomness|denial_service|front_running|unchecked_low_calls,arithmetic|front_running,101|104|113|114|120,Zeus,C:\Users\Exauce\Documents\smart-contract-cgt\source\29e2ed07c69dac1cb101d5d4d1ac5a04.sol
2a0e0cabcdd19b04e5e2649b6244e420,e3434e0160b7d0a63f7308bee2ab116b98d7fc382f73bbb159f75837c325c767,1,6,1,5,6,arithmetic|bad_randomness|denial_service|front_running|reentrancy|unchecked_low_calls,arithmetic,101|104|107|113|114|120,Zeus,C:\Users\Exauce\Documents\smart-contract-cgt\source\2a0e0cabcdd19b04e5e2649b6244e420.sol
2a4583cab87e74ed769e10bd1448725d,4ecc8776f4286a782b4d9bfb1c7fd430c85e2d8a49cd28194792b2436af8f00a,1,7,4,3,6,arithmetic|bad_randomness|denial_service|front_running|reentrancy|unchecked_low_calls,arithmetic|bad_randomness|front_running|unchecked_low_calls,101|104|107|113|114|120,Zeus|eThor,C:\Users\Exauce\Documents\smart-contract-cgt\source\2a4583cab87e74ed769e10bd1448725d.sol
2a486879a531ddde7888f248e2192528,71e0ff443e64a38435244d54361587edac90fb11341e101804ee1c6f2707f9bf,0,6,0,6,6,arithmetic|bad_randomness|denial_service|front_running|reentrancy|unchecked_low_calls,,101|104|107|113|114|120,Zeus,C:\Users\Exauce\Documents\smart-contract-cgt\source\2a486879a531ddde7888f248e2192528.sol
2a5cb9b7610404553571466cb5ef300a,41616c25e1ef7e0b5c769cefd30121c4379e80bbc478ecd99db4f3d89b3afc87,0,5,0,5,4,bad_randomness|denial_service|reentrancy|unchecked_low_calls,,104|107|113|120|128,CodeSmells,C:\Users\Exauce\Documents\smart-contract-cgt\source\2a5cb9b7610404553571466cb5ef300a.sol
2a5d6af850b5356312014047611b1200,0ab4a2718c6b654563395c8af92216778ec31a9b9c08bfab9b6683a97ea48146,0,6,0,6,6,arithmetic|bad_randomness|denial_service|front_running|reentrancy|unchecked_low_calls,,101|104|107|113|114|120,Zeus,C:\Users\Exauce\Documents\smart-contract-cgt\source\2a5d6af850b5356312014047611b1200.sol
2aa0463eab2d032082704363d95d759b,b495bdce061f7eebc934ec4f4d665a53320b147ac39e2977b65dbf3c44aa3349,1,1,1,0,1,unchecked_low_calls,unchecked_low_calls,104,Doublade,C:\Users\Exauce\Documents\smart-contract-cgt\source\2aa0463eab2d032082704363d95d759b.sol
2aa0a8146bdf11160552f739fc600540,9448eb27f12ca9b91564a5118b177117daa2d965dbff8d63b3b27fffbe0e4aa7,0,6,0,6,6,arithmetic|bad_randomness|denial_service|front_running|reentrancy|unchecked_low_calls,,101|104|107|113|114|120,Zeus,C:\Users\Exauce\Documents\smart-contract-cgt\source\2aa0a8146bdf11160552f739fc600540.sol
2b1dc32d36e1fcea7c5d1467cbbae774,dabe21b2ea7d1b07082de7334f8fdebfdfefaa38bb45e5d8530e3c8c91538a8d,0,4,0,4,3,bad_randomness|denial_service|unchecked_low_calls,,104|113|120|128,CodeSmells,C:\Users\Exauce\Documents\smart-contract-cgt\source\2b1dc32d36e1fcea7c5d1467cbbae774.sol
2b417165ed0e6da100526a639d2170a3,c9eb4d93a171ecc0370703d40dbfc6703c66b0899ef30a503cdda270f121c1c9,0,5,0,5,4,bad_randomness|denial_service|reentrancy|unchecked_low_calls,,104|107|113|120|128,CodeSmells,C:\Users\Exauce\Documents\smart-contract-cgt\source\2b417165ed0e6da100526a639d2170a3.sol
2b43ed6272900ff57bdf55da0d054ebf,d6357727b32cf258e50ed71b43a779aacffd71b5a7de5536f72c19eb09629c0d,1,1,1,0,1,front_running,front_running,114,SolidiFI,C:\Users\Exauce\Documents\smart-contract-cgt\source\2b43ed6272900ff57bdf55da0d054ebf.sol
2b60355da7cd55540c12bf1e56eb9f54,67325d05fb08a0a78d9434f0822e4aee1644bcebb00d6a2bc50b4ef7807afe8d,1,1,1,0,1,unchecked_low_calls,unchecked_low_calls,104,SolidiFI,C:\Users\Exauce\Documents\smart-contract-cgt\source\2b60355da7cd55540c12bf1e56eb9f54.sol
2bbd65f6b5d8f0ff40ceb0c23f5aba4b,009bcafe28e3fbc0fc5885cf2c628fcdab1001b352dbe62f9b913187d68ec546,0,1,0,1,1,front_running,,114,EthRacer,C:\Users\Exauce\Documents\smart-contract-cgt\source\2bbd65f6b5d8f0ff40ceb0c23f5aba4b.sol
2bcb11f8da4cb197ceabe27ebb71ccef,efb15149c5db75eb3de9077aff4fe0b964a794d91b48864c3e878e972129f225,1,7,5,2,6,arithmetic|bad_randomness|denial_service|front_running|reentrancy|unchecked_low_calls,arithmetic|bad_randomness|denial_service|front_running|unchecked_low_calls,101|104|107|113|114|120,Zeus|eThor,C:\Users\Exauce\Documents\smart-contract-cgt\source\2bcb11f8da4cb197ceabe27ebb71ccef.sol
2bf6f5458ef5ebdb9e89b2b723ba2e47,4537316657266c590046748fdbeab5030d2235005e248647fa98e099539c090f,1,1,1,0,1,front_running,front_running,114,SolidiFI,C:\Users\Exauce\Documents\smart-contract-cgt\source\2bf6f5458ef5ebdb9e89b2b723ba2e47.sol
2c0e03ab0171d10be5a59a65044d625e,e969cc74a95d2be3044cfc3b18b0e58943912b754c7a26b391b22150f7a493d5,0,5,0,5,4,bad_randomness|denial_service|reentrancy|unchecked_low_calls,,104|107|113|120|128,CodeSmells,C:\Users\Exauce\Documents\smart-contract-cgt\source\2c0e03ab0171d10be5a59a65044d625e.sol
2c4b91cc4be3826201e30804297a6566,0fccb670b702a6e560b631391dbf829837a5d238f8ea89a602bb2ede682d0da2,0,7,0,7,6,arithmetic|bad_randomness|denial_service|front_running|reentrancy|unchecked_low_calls,,101|104|107|113|114|120,Zeus|eThor,C:\Users\Exauce\Documents\smart-contract-cgt\source\2c4b91cc4be3826201e30804297a6566.sol
2c5c8d27c7b2b5a156bdfb8ca4f84f98,2f9e19454b5c5da4f726ec7bcd7996395e9f8b4c61397bf6a42a8baa20ba8168,0,5,0,5,4,bad_randomness|denial_service|reentrancy|unchecked_low_calls,,104|107|113|120|128,CodeSmells,C:\Users\Exauce\Documents\smart-contract-cgt\source\2c5c8d27c7b2b5a156bdfb8ca4f84f98.sol
2cb17777fb647e5db73a9b797bf6e54c,43076b0f5db71b572569f78069d275503ff2f8154761dd075f9ca9aa96f97e55,1,1,1,0,1,front_running,front_running,114,EthRacer,C:\Users\Exauce\Documents\smart-contract-cgt\source\2cb17777fb647e5db73a9b797bf6e54c.sol
2cb8540f241aafbba4e1a86fa5dbae82,7188b7738e64ad6f50939c7671369e77dc90a0aa1fdb52032658c5c47289f485,1,5,2,3,5,arithmetic|bad_randomness|denial_service|front_running|unchecked_low_calls,arithmetic|front_running,101|104|113|114|120,Zeus,C:\Users\Exauce\Documents\smart-contract-cgt\source\2cb8540f241aafbba4e1a86fa5dbae82.sol
2cf96d4750c065c6cd1a111e591eb027,9533022bbf0f43c3532d646285e77aa460a7a84a07ce1cce76729abad09dcc2f,1,6,4,2,6,arithmetic|bad_randomness|denial_service|front_running|reentrancy|unchecked_low_calls,arithmetic|bad_randomness|denial_service|front_running,101|104|107|113|114|120,Zeus,C:\Users\Exauce\Documents\smart-contract-cgt\source\2cf96d4750c065c6cd1a111e591eb027.sol
2cfeb75bbf870e90403fea1e81f6f681,29826ddd930e21b802f0656fc3461b53e82bbba3e9c55cf3f7b608ed368ebd7e,0,5,0,5,4,bad_randomness|denial_service|reentrancy|unchecked_low_calls,,104|107|113|120|128,CodeSmells,C:\Users\Exauce\Documents\smart-contract-cgt\source\2cfeb75bbf870e90403fea1e81f6f681.sol
2d25d0445ff31904b2a5bc6aa9104a77,44b224390f36ee8580771e62c671568b2a3bdb514c40568a64dac4ee37d7749a,1,1,1,0,1,time_manipulation,time_manipulation,116,ContractFuzzer,C:\Users\Exauce\Documents\smart-contract-cgt\source\2d25d0445ff31904b2a5bc6aa9104a77.sol
2d516f3e19729be9001860c518474022,b37ff65b8abbc5cbb332746b2b0cffffd0a94ba5f99fb52158f31b1486e9310f,1,1,1,0,1,denial_service,denial_service,128,JiuZhou,C:\Users\Exauce\Documents\smart-contract-cgt\source\2d516f3e19729be9001860c518474022.sol
2d5ee2de63144c6a8e7bae4ca2f4f06f,d7ce7f5d58cdd1d0a293e1c6363e5e0a2d93871276cdb0aadc79c75e0acd99b7,1,1,1,0,1,time_manipulation,time_manipulation,116,ContractFuzzer,C:\Users\Exauce\Documents\smart-contract-cgt\source\2d5ee2de63144c6a8e7bae4ca2f4f06f.sol
2d865be0c799e3c0d44a09908ec6d7e6,2ba7e9b0264755d9547d8e118bfd88646775f993b8eb7e738e81d13ffc9baaff,0,5,0,5,4,bad_randomness|denial_service|reentrancy|unchecked_low_calls,,104|107|113|120|128,CodeSmells,C:\Users\Exauce\Documents\smart-contract-cgt\source\2d865be0c799e3c0d44a09908ec6d7e6.sol
2dbc3f6c9beeb504783638e20bfb6119,3ae44ec1e204341a8c0d730f150f27aece4d7562246cf20318cc36155804c3c2,0,6,0,6,6,arithmetic|bad_randomness|denial_service|front_running|reentrancy|unchecked_low_calls,,101|104|107|113|114|120,Zeus,C:\Users\Exauce\Documents\smart-contract-cgt\source\2dbc3f6c9beeb504783638e20bfb6119.sol
2de4ef5d700b7b6ebbec9a0b21e0a35f,a6997d29c6235477bed6e90148d57f1e85dfeb11c3e78e8e719798c6553fb354,1,7,3,4,6,arithmetic|bad_randomness|denial_service|front_running|reentrancy|unchecked_low_calls,arithmetic|front_running|unchecked_low_calls,101|104|107|113|114|120,Zeus|eThor,C:\Users\Exauce\Documents\smart-contract-cgt\source\2de4ef5d700b7b6ebbec9a0b21e0a35f.sol
2df7d405162a976fca745f8908b92ba9,45f3f747b9ee4831cecb072671a0e1158ee3c3ec30f3ddd5c940d33fa9b3012c,1,1,1,0,1,unchecked_low_calls,unchecked_low_calls,104,Doublade,C:\Users\Exauce\Documents\smart-contract-cgt\source\2df7d405162a976fca745f8908b92ba9.sol
2df89f7e533e77cd9151f555196fc726,ac26921bfd4e9737a3d6f86c6b461047e79fb9cc1c830628ef73deb4c190b12b,1,7,1,6,6,arithmetic|bad_randomness|denial_service|front_running|reentrancy|unchecked_low_calls,arithmetic,101|104|107|113|114|120,Zeus|eThor,C:\Users\Exauce\Documents\smart-contract-cgt\source\2df89f7e533e77cd9151f555196fc726.sol
2e18891fd2f425d8a752f9765c0ff598,e5c753a717a6594dec75c05833b41eaf6bce1297497a2e111f0af2373f386a45,1,7,1,6,6,arithmetic|bad_randomness|denial_service|front_running|reentrancy|unchecked_low_calls,arithmetic,101|104|107|113|114|120,Zeus|eThor,C:\Users\Exauce\Documents\smart-contract-cgt\source\2e18891fd2f425d8a752f9765c0ff598.sol
2e1d6103ca7be0121423b63853ab217e,e2ac259156e74bebf69db157f91db884f2083f8fe620689ce335dfc70347c69d,1,6,1,5,6,arithmetic|bad_randomness|denial_service|front_running|reentrancy|unchecked_low_calls,front_running,101|104|107|113|114|120,Zeus,C:\Users\Exauce\Documents\smart-contract-cgt\source\2e1d6103ca7be0121423b63853ab217e.sol
2e238ea2265a79c6e8c47aa4b4458d7e,d9447819ed3a98a050bf70499a7844b1dead21250bc5435f8848e79213983641,1,7,2,5,6,arithmetic|bad_randomness|denial_service|front_running|reentrancy|unchecked_low_calls,arithmetic|reentrancy,101|104|107|113|114|120,Zeus|eThor,C:\Users\Exauce\Documents\smart-contract-cgt\source\2e238ea2265a79c6e8c47aa4b4458d7e.sol
2e298f1e76b73a4ee5e54410cebbc27b,03821bd9c4469199b660e92da4456884e0891234ded83374e3255c9204832e51,1,6,2,4,6,arithmetic|bad_randomness|denial_service|front_running|reentrancy|unchecked_low_calls,denial_service|front_running,101|104|107|113|114|120,Zeus,C:\Users\Exauce\Documents\smart-contract-cgt\source\2e298f1e76b73a4ee5e54410cebbc27b.sol
2e6bebb0982f02b00d3c5947bdde1601,cf434faf79f387ce90c1c8d7432e64ac8571cda9d6523cbe19ef3ee08ce597b3,0,5,0,5,4,bad_randomness|denial_service|reentrancy|unchecked_low_calls,,104|107|113|120|128,CodeSmells,C:\Users\Exauce\Documents\smart-contract-cgt\source\2e6bebb0982f02b00d3c5947bdde1601.sol
2e866d762062f66912af04800ce6507b,765bfb19b19135f2c44cb05dfd6e380b4f047b21519e50fc0c3c38fe7164167d,0,6,0,6,6,arithmetic|bad_randomness|denial_service|front_running|reentrancy|unchecked_low_calls,,101|104|107|113|114|120,Zeus,C:\Users\Exauce\Documents\smart-contract-cgt\source\2e866d762062f66912af04800ce6507b.sol
2e93242d2c72aca1263fd5e8b12d1845,24c9b365d1e819df473451c32b631e8c6c3d3fc51cb0f214c6af5246976d2aa8,1,1,1,0,1,front_running,front_running,114,EthRacer,C:\Users\Exauce\Documents\smart-contract-cgt\source\2e93242d2c72aca1263fd5e8b12d1845.sol
2ea57dc653b20d6fae61b6083b721fb8,47f617fb25e39a5f87c729535dd9564ffae7c259c186dc5e1db3e242e2d42981,0,6,0,6,6,arithmetic|bad_randomness|denial_service|front_running|reentrancy|unchecked_low_calls,,101|104|107|113|114|120,Zeus,C:\Users\Exauce\Documents\smart-contract-cgt\source\2ea57dc653b20d6fae61b6083b721fb8.sol
2ec4b4cb419faeaeedca0c70ce72e761,9bac308fe575d247130bfdcbdea10959a7f731fc615903c252d6c82074f0f278,0,1,0,1,1,reentrancy,,107,eThor,C:\Users\Exauce\Documents\smart-contract-cgt\source\2ec4b4cb419faeaeedca0c70ce72e761.sol
2ef5c829e796b8cd723a49c55dccb39f,6c1f6fc8b6316e067a7f9aa463d2b43562c19a5e98014cac325d669f91c54721,1,1,1,0,1,reentrancy,reentrancy,107,SolidiFI,C:\Users\Exauce\Documents\smart-contract-cgt\source\2ef5c829e796b8cd723a49c55dccb39f.sol
2f08b4ce59feb4eda77691f6e1db5916,7697f04908271ece0a8d9e91d89d9b95c945628ede9c8d2a140dc4578b3c66f8,1,7,2,5,6,arithmetic|bad_randomness|denial_service|front_running|reentrancy|unchecked_low_calls,denial_service|reentrancy,101|104|107|113|114|120,Zeus|eThor,C:\Users\Exauce\Documents\smart-contract-cgt\source\2f08b4ce59feb4eda77691f6e1db5916.sol
2f3b02206937b810c0f09f7264f54235,caea453081c4b854db2f6725e72c599a43534887f90f5bde570a14c1ba2739c1,0,1,0,1,1,denial_service,,128,JiuZhou,C:\Users\Exauce\Documents\smart-contract-cgt\source\2f3b02206937b810c0f09f7264f54235.sol
2f4edfb99725717f3f2a4b994d148b40,0881e420013137f872a3155871d175b44a620658dad0a3c272e692c9605ba295,1,6,1,5,6,arithmetic|bad_randomness|denial_service|front_running|reentrancy|unchecked_low_calls,arithmetic,101|104|107|113|114|120,Zeus,C:\Users\Exauce\Documents\smart-contract-cgt\source\2f4edfb99725717f3f2a4b994d148b40.sol
2f505ec9f7c5ee7ee83c3dfbc5a475a4,d991895e7ca024b6e823fbdc6338442e048c000557b4b635308ee16c6d95b68d,0,5,0,5,4,bad_randomness|denial_service|reentrancy|unchecked_low_calls,,104|107|113|120|128,CodeSmells,C:\Users\Exauce\Documents\smart-contract-cgt\source\2f505ec9f7c5ee7ee83c3dfbc5a475a4.sol
2f6edd90f353980496126440e9249ad7,8a89609c61b8654ef87ef5ed196ced0b0039f82707001863577cfbf2d8890fe2,1,6,3,3,6,arithmetic|bad_randomness|denial_service|front_running|reentrancy|unchecked_low_calls,arithmetic|denial_service|front_running,101|104|107|113|114|120,Zeus,C:\Users\Exauce\Documents\smart-contract-cgt\source\2f6edd90f353980496126440e9249ad7.sol
2f895057b49b82af631136ee5fc9895d,6105f782896e9277544284000b473f6a341b289c000af5ee6dc442f8a3954947,1,7,4,3,6,arithmetic|bad_randomness|denial_service|front_running|reentrancy|unchecked_low_calls,arithmetic|bad_randomness|front_running|unchecked_low_calls,101|104|107|113|114|120,Zeus|eThor,C:\Users\Exauce\Documents\smart-contract-cgt\source\2f895057b49b82af631136ee5fc9895d.sol
2facec13a0d4bfd480faf725405cbcfe,d52ff997d5d476e4c1559b6b713d1a7df9411865b1fb2f9090161b1db7b3b203,1,1,1,0,1,front_running,front_running,114,SolidiFI,C:\Users\Exauce\Documents\smart-contract-cgt\source\2facec13a0d4bfd480faf725405cbcfe.sol
2fec461fd01cd4a9c38f70f302053248,03d0fe06b3ded81c8533cff7ba18997fe817f03cdeb30969c6bfddbcd110c192,0,6,0,6,6,arithmetic|bad_randomness|denial_service|front_running|reentrancy|unchecked_low_calls,,101|104|107|113|114|120,Zeus,C:\Users\Exauce\Documents\smart-contract-cgt\source\2fec461fd01cd4a9c38f70f302053248.sol
300a36c54cc1c82ff2fbf4ffb458b78c,f57fb07e632da4e1e7c6e4e61e563c137e489894273d3c7804bce056a97701b7,0,5,0,5,4,bad_randomness|denial_service|reentrancy|unchecked_low_calls,,104|107|113|120|128,CodeSmells,C:\Users\Exauce\Documents\smart-contract-cgt\source\300a36c54cc1c82ff2fbf4ffb458b78c.sol
3015be91f9d084aa59d0c2a76ad3bf28,7a0abfeb6b4a1e5bf2a383d48ebe60ee872deb8cf699f602d244dc6e720451ba,0,5,0,5,4,bad_randomness|denial_service|reentrancy|unchecked_low_calls,,104|107|113|120|128,CodeSmells,C:\Users\Exauce\Documents\smart-contract-cgt\source\3015be91f9d084aa59d0c2a76ad3bf28.sol
306fc23c5d99501318efe5e94e0c047f,c9357b050c3867db2d90e365deb05672bc5d38d0f1cc9987e000d40b8c53d618,0,5,0,5,4,bad_randomness|denial_service|reentrancy|unchecked_low_calls,,104|107|113|120|128,CodeSmells,C:\Users\Exauce\Documents\smart-contract-cgt\source\306fc23c5d99501318efe5e94e0c047f.sol
308b9fba49576ce6a11f102325196f73,1fc6a9dcfb42a78e10b20aa8f0450d5cdcce26c985ac9160a9544bf944fb0657,1,6,1,5,6,arithmetic|bad_randomness|denial_service|front_running|reentrancy|unchecked_low_calls,arithmetic,101|104|107|113|114|120,Zeus,C:\Users\Exauce\Documents\smart-contract-cgt\source\308b9fba49576ce6a11f102325196f73.sol
30a36fe521c008084c76da54eb8afe07,36d5174e2ba1086059160467ffd4879a3b47e62bc6d9b5498f93ed7b01ec0093,1,7,3,4,6,arithmetic|bad_randomness|denial_service|front_running|reentrancy|unchecked_low_calls,arithmetic|front_running|unchecked_low_calls,101|104|107|113|114|120,Zeus|eThor,C:\Users\Exauce\Documents\smart-contract-cgt\source\30a36fe521c008084c76da54eb8afe07.sol
30bc355df4b5b9da31ac819053e26386,f6cdd4c5ae5e18ba219d395a4cc57cecfaef07ac991d28ca0586a4719040ade5,0,6,0,6,6,arithmetic|bad_randomness|denial_service|front_running|reentrancy|unchecked_low_calls,,101|104|107|113|114|120,Zeus,C:\Users\Exauce\Documents\smart-contract-cgt\source\30bc355df4b5b9da31ac819053e26386.sol
30daf8415108165389473c320b172cea,445424156fa7b90b11291a56ab8eb278ee06e8d5b97bb72a01608746bfc97b46,0,5,0,5,4,bad_randomness|denial_service|reentrancy|unchecked_low_calls,,104|107|113|120|128,CodeSmells,C:\Users\Exauce\Documents\smart-contract-cgt\source\30daf8415108165389473c320b172cea.sol
30f36f4741cfe247d1c569e71d93415f,06579cced68596b97117510731f397831c3d9672e896de338ab302712de329af,1,7,5,2,6,arithmetic|bad_randomness|denial_service|front_running|reentrancy|unchecked_low_calls,arithmetic|bad_randomness|denial_service|front_running|reentrancy,101|104|107|113|114|120,Zeus|eThor,C:\Users\Exauce\Documents\smart-contract-cgt\source\30f36f4741cfe247d1c569e71d93415f.sol
311ff04c37e05a33801f2f03c1b7e26d,07696a10d5cfca94fc75f563f127d78dee9a1eb073746c882764aee2a37a7a0d,0,1,0,1,1,reentrancy,,107,Doublade,C:\Users\Exauce\Documents\smart-contract-cgt\source\311ff04c37e05a33801f2f03c1b7e26d.sol
314fb8a382e92d48c46bc0136decd3f5,060d5365dff8b7cd14de9dc2a06ed50a037be8ea9361e9d9cc63018db9abbfaf,1,7,3,4,6,arithmetic|bad_randomness|denial_service|front_running|reentrancy|unchecked_low_calls,arithmetic|denial_service|reentrancy,101|104|107|113|114|120,Zeus|eThor,C:\Users\Exauce\Documents\smart-contract-cgt\source\314fb8a382e92d48c46bc0136decd3f5.sol
3154c61c2a42e95aa1ca74a63505f8f2,4c7deddd0b8e375704e570027b5238388f7737bb0f4001a342c21ae7a48a82cb,1,1,1,0,1,front_running,front_running,114,SolidiFI,C:\Users\Exauce\Documents\smart-contract-cgt\source\3154c61c2a42e95aa1ca74a63505f8f2.sol
31ad0f5defdf4b7398e6dac0486526c1,3601b51f17195d2ff16057b1ecda863100225be99778a891f5c0d70ee609124d,1,1,1,0,1,denial_service,denial_service,113,Doublade,C:\Users\Exauce\Documents\smart-contract-cgt\source\31ad0f5defdf4b7398e6dac0486526c1.sol
31b06ae14cd358592e7d6dc725e86230,590c6b0994209b9f4b6b13dd57a94fc7c5cce2aa9d7e06bba2d0d5b614c6a04b,0,2,0,2,2,denial_service|reentrancy,,107|113,Doublade,C:\Users\Exauce\Documents\smart-contract-cgt\source\31b06ae14cd358592e7d6dc725e86230.sol
31c05998ddce11142d31e5bea8359c4f,9896106cf1291750569fd3d6559b2e4d1a8df7f54981e4ea17e833642931e8ea,1,7,2,5,6,arithmetic|bad_randomness|denial_service|front_running|reentrancy|unchecked_low_calls,arithmetic|reentrancy,101|104|107|113|114|120,Zeus|eThor,C:\Users\Exauce\Documents\smart-contract-cgt\source\31c05998ddce11142d31e5bea8359c4f.sol
31d0a0874d5faaeb58db022b9954898a,63c71aa395835597b7722dd41dad8bf093b20dcec1f5af2608449a33dae7c0b6,1,7,4,3,6,arithmetic|bad_randomness|denial_service|front_running|reentrancy|unchecked_low_calls,denial_service|front_running|reentrancy,101|104|107|113|114|120,Zeus|eThor,C:\Users\Exauce\Documents\smart-contract-cgt\source\31d0a0874d5faaeb58db022b9954898a.sol
31edd1b73db76886f34194790a97c086,ccbb6af945a64e26ca2f8aa894a909d88899395e4f56c0acf2ce8c911d8fd960,1,6,4,2,6,arithmetic|bad_randomness|denial_service|front_running|reentrancy|unchecked_low_calls,arithmetic|bad_randomness|denial_service|front_running,101|104|107|113|114|120,Zeus,C:\Users\Exauce\Documents\smart-contract-cgt\source\31edd1b73db76886f34194790a97c086.sol
31eeb099e77105315e7837c7b9296a18,e9e95ff4430e497ba78bc85e49e68ab3a91a6d4795dc01a0b09c0e15628044ca,1,1,1,0,1,time_manipulation,time_manipulation,116,ContractFuzzer,C:\Users\Exauce\Documents\smart-contract-cgt\source\31eeb099e77105315e7837c7b9296a18.sol
324b3fed3414bedfc40e97473ef3c247,b9643716a695bb5d18d2f3e7a6b6c786383c60601e554efbc654d652899e20ce,1,6,1,5,6,arithmetic|bad_randomness|denial_service|front_running|reentrancy|unchecked_low_calls,arithmetic,101|104|107|113|114|120,Zeus,C:\Users\Exauce\Documents\smart-contract-cgt\source\324b3fed3414bedfc40e97473ef3c247.sol
324d36b4db60b7014b6941229512da7d,dc59e613e86060ec19cca397df40b5a6d56f1e20e7519fe6b2dd4f6df41a26b0,1,1,1,0,1,unchecked_low_calls,unchecked_low_calls,104,Doublade,C:\Users\Exauce\Documents\smart-contract-cgt\source\324d36b4db60b7014b6941229512da7d.sol
326ea512b78abc574ed38fe840807d76,f6555d599352d553d8a79c6d1c6c875940728e1108e948bdb25c55166188420d,1,1,1,0,1,bad_randomness,bad_randomness,120,ContractFuzzer,C:\Users\Exauce\Documents\smart-contract-cgt\source\326ea512b78abc574ed38fe840807d76.sol
327d0766e93e7ebb7ac491447f7d720b,0f23fd1824b40d5c1d851bc9fda25f6670a9b3cff60bb2d1d0d3a85cad7abed4,1,1,1,0,1,reentrancy,reentrancy,107,SolidiFI,C:\Users\Exauce\Documents\smart-contract-cgt\source\327d0766e93e7ebb7ac491447f7d720b.sol
32bcfb9e179885981f5723508c10f1b1,0fbd64efb83c4b808ea78a9bc102ecfa055a4f2cd9f918c7bfeaae4e1a961cf7,0,1,0,1,1,reentrancy,,107,JiuZhou,C:\Users\Exauce\Documents\smart-contract-cgt\source\32bcfb9e179885981f5723508c10f1b1.sol
32d54e0c46c0cc27ccb8a307528c0b4b,feef9e90b16fa0b416ebb1715d07e65f041564e884298bae8ffceadab2d1ed48,1,6,3,3,6,arithmetic|bad_randomness|denial_service|front_running|reentrancy|unchecked_low_calls,arithmetic|denial_service|front_running,101|104|107|113|114|120,Zeus,C:\Users\Exauce\Documents\smart-contract-cgt\source\32d54e0c46c0cc27ccb8a307528c0b4b.sol
3318261750ec0280d9552f795c5cc22e,4ad164f40354fe898517066da7f1702e21926e8add61a0678026a939d1d28ab6,1,1,1,0,1,time_manipulation,time_manipulation,116,SolidiFI,C:\Users\Exauce\Documents\smart-contract-cgt\source\3318261750ec0280d9552f795c5cc22e.sol
331f0f3635feb0ea21054662ac82a35b,58ee77891c957061d5945e42a35abab1a73adb176c10a422d5cc11b464eadd6b,1,1,1,0,1,arithmetic,arithmetic,101,SolidiFI,C:\Users\Exauce\Documents\smart-contract-cgt\source\331f0f3635feb0ea21054662ac82a35b.sol
333e470cc9be93c1ebc907fb9413426c,bfe64fb332126fab91d722c398c14849f06421d42decb08ba3db95809a2fc293,1,1,1,0,1,bad_randomness,bad_randomness,120,ContractFuzzer,C:\Users\Exauce\Documents\smart-contract-cgt\source\333e470cc9be93c1ebc907fb9413426c.sol
3358955c2a2c89285351a59e6d4b1ad6,843b323c397e37a261cd1ef889b8263980ab415ab26fb5526b2c1a0523484c9d,0,5,0,5,5,bad_randomness|denial_service|front_running|reentrancy|unchecked_low_calls,,104|107|113|114|120,NPChecker,C:\Users\Exauce\Documents\smart-contract-cgt\source\3358955c2a2c89285351a59e6d4b1ad6.sol
337c8c0452d8ecfc94f6a536c087bee3,cdb90e8048e35c882728eaf2b530d74d76c5f37aa3544c6f6f8b1a91dc83ce1e,1,7,3,4,6,arithmetic|bad_randomness|denial_service|front_running|reentrancy|unchecked_low_calls,arithmetic|denial_service|reentrancy,101|104|107|113|114|120,Zeus|eThor,C:\Users\Exauce\Documents\smart-contract-cgt\source\337c8c0452d8ecfc94f6a536c087bee3.sol
3391da41e9b61e43fc8be329a911d1a3,7803d008484814fdc62c79dc27815ce3c905349e3eaf3f6c398cbb7ab95a7b16,0,5,0,5,4,bad_randomness|denial_service|reentrancy|unchecked_low_calls,,104|107|113|120|128,CodeSmells,C:\Users\Exauce\Documents\smart-contract-cgt\source\3391da41e9b61e43fc8be329a911d1a3.sol
33af98804d4afa21d860e78810b2d6ba,3581266a4242b3c3d6c57a82cb49d001941137f45a703fe38deff9d1517df754,0,6,0,6,6,arithmetic|bad_randomness|denial_service|front_running|reentrancy|unchecked_low_calls,,101|104|107|113|114|120,Zeus,C:\Users\Exauce\Documents\smart-contract-cgt\source\33af98804d4afa21d860e78810b2d6ba.sol
33baba2c3286fa17fcafaf10aba33974,b1843c9aa99f903fcbcdff7581f6282c78ba3a24cca8a25e24dae16b1ca2bbad,1,1,1,0,1,bad_randomness,bad_randomness,120,ContractFuzzer,C:\Users\Exauce\Documents\smart-contract-cgt\source\33baba2c3286fa17fcafaf10aba33974.sol
33d8fe36cf63471b20849e45701b3813,cf740541a07c753548c76c57839bc3eccf167bb888ee9e065de712a28786ba06,1,1,1,0,1,arithmetic,arithmetic,101,SolidiFI,C:\Users\Exauce\Documents\smart-contract-cgt\source\33d8fe36cf63471b20849e45701b3813.sol
33e0b1fef4e72a4efb6f0fcd049c2da2,6249562326fc8477049596e7c27d1c43cc90fef8ebe6eadf4bc4db71555a83e5,1,6,2,4,6,arithmetic|bad_randomness|denial_service|front_running|reentrancy|unchecked_low_calls,bad_randomness|reentrancy,101|104|107|113|114|120,Zeus,C:\Users\Exauce\Documents\smart-contract-cgt\source\33e0b1fef4e72a4efb6f0fcd049c2da2.sol
34076d90f61ada3e263ccc31301b8910,559eea342fac641c5595821159dc7b83013967fbf1524d571e44dda66b9181b0,1,7,3,4,6,arithmetic|bad_randomness|denial_service|front_running|reentrancy|unchecked_low_calls,arithmetic|front_running|unchecked_low_calls,101|104|107|113|114|120,Zeus|eThor,C:\Users\Exauce\Documents\smart-contract-cgt\source\34076d90f61ada3e263ccc31301b8910.sol
340daca582888b6c24ef4b363ff3fad9,75ec154c988ee7636391bd1c2d51052be05bd1762c277ea0146403c515d3703f,1,6,4,2,6,arithmetic|bad_randomness|denial_service|front_running|reentrancy|unchecked_low_calls,arithmetic|bad_randomness|denial_service|front_running,101|104|107|113|114|120,Zeus,C:\Users\Exauce\Documents\smart-contract-cgt\source\340daca582888b6c24ef4b363ff3fad9.sol
34105e1eccd9b1fee25196dd8555317c,0b5a55a5a9d942b6df886aa93b2f3ada72f6479b7b496095d3c8c5f2b0d15a81,1,6,2,4,6,arithmetic|bad_randomness|denial_service|front_running|reentrancy|unchecked_low_calls,arithmetic|bad_randomness,101|104|107|113|114|120,Zeus,C:\Users\Exauce\Documents\smart-contract-cgt\source\34105e1eccd9b1fee25196dd8555317c.sol
343adb01436932cadc1ce7ad664afddc,94c210a63d1963ccab67645e99a8e7444c321b27a468c459dbef09750c9a0d03,1,1,1,0,1,arithmetic,arithmetic,101,SBcurated,C:\Users\Exauce\Documents\smart-contract-cgt\source\343adb01436932cadc1ce7ad664afddc.sol
351f15f1fc21e6f87eab7bee322c7103,b931ca8e3936aacd794060dd75af3ce260464bdcb4755e5fe6411674ff892187,0,5,0,5,4,bad_randomness|denial_service|reentrancy|unchecked_low_calls,,104|107|113|120|128,CodeSmells,C:\Users\Exauce\Documents\smart-contract-cgt\source\351f15f1fc21e6f87eab7bee322c7103.sol
354e9e12235b388203c335141b2eb91a,923d3b004217c8e45035d3f2a07a3a454e81699f8ca04e6404467cfb46aff972,0,1,0,1,1,unchecked_low_calls,,104,JiuZhou,C:\Users\Exauce\Documents\smart-contract-cgt\source\354e9e12235b388203c335141b2eb91a.sol
35772953c0bbc2bb7d9be48050c7fc87,3c7b37a55eecd30b27f547308fc40624572af9f5f73bfd592e24d670cacba754,1,1,1,0,1,time_manipulation,time_manipulation,116,SolidiFI,C:\Users\Exauce\Documents\smart-contract-cgt\source\35772953c0bbc2bb7d9be48050c7fc87.sol
357b58bea2ac0c616454208586edcdd2,3af31b929d5f6b1c1d78838cf6c506abb53654ba8676e42a8a2b9cbf3ed1ffa9,0,5,0,5,4,bad_randomness|denial_service|reentrancy|unchecked_low_calls,,104|107|113|120|128,CodeSmells,C:\Users\Exauce\Documents\smart-contract-cgt\source\357b58bea2ac0c616454208586edcdd2.sol
3592acd62e4c1ed91456529f739006e6,f34eee69d53331fbc30cee7d740001389ca46212a978fedeb9fc607e4c294013,1,1,1,0,1,bad_randomness,bad_randomness,120,ContractFuzzer,C:\Users\Exauce\Documents\smart-contract-cgt\source\3592acd62e4c1ed91456529f739006e6.sol
35b21b461e50781587417a04b42439f7,848879ad1f7fcd357e69ad4343a472bd9e77c7c375ae1073fdc1fceda052a9a2,1,5,5,0,5,arithmetic|bad_randomness|denial_service|front_running|unchecked_low_calls,arithmetic|bad_randomness|denial_service|front_running|unchecked_low_calls,101|104|113|114|120,Zeus,C:\Users\Exauce\Documents\smart-contract-cgt\source\35b21b461e50781587417a04b42439f7.sol
35be4abfd82405e0d3f22bf37be766c0,67d14bec25a64a0cf487fd9c5d52d968a3b73455065404f5d0b58713a490c7d3,1,1,1,0,1,front_running,front_running,114,EthRacer,C:\Users\Exauce\Documents\smart-contract-cgt\source\35be4abfd82405e0d3f22bf37be766c0.sol
36174a5d0829a2d796df7d7d8cdf6c6e,9504c3b4a1f40ee616d338e318aef86a971c42bf3f5849a6848121a990245147,0,5,0,5,4,bad_randomness|denial_service|reentrancy|unchecked_low_calls,,104|107|113|120|128,CodeSmells,C:\Users\Exauce\Documents\smart-contract-cgt\source\36174a5d0829a2d796df7d7d8cdf6c6e.sol
362ebb645a4a9974a6fc143867e8ed3e,f6bb0c4cfdd5a84a178177454349067685ac7a94cc8bf19c6c39f58d6b829e15,0,1,0,1,1,denial_service,,113,JiuZhou,C:\Users\Exauce\Documents\smart-contract-cgt\source\362ebb645a4a9974a6fc143867e8ed3e.sol
3630d1b84817c4f80032323885ed2274,8ee17433336d59e7df31c2b2185c1c3f426f84f74ec68e8f7ac4cc1423b52eb0,0,1,0,1,1,denial_service,,113,Doublade,C:\Users\Exauce\Documents\smart-contract-cgt\source\3630d1b84817c4f80032323885ed2274.sol
363f0555adae6e7ccbb9c5315f6ef074,3ca6712b9ae3c3c2b748f4e47e281584d3095e16ebd44434dc38f12cd9e24232,1,7,3,4,6,arithmetic|bad_randomness|denial_service|front_running|reentrancy|unchecked_low_calls,arithmetic|denial_service|reentrancy,101|104|107|113|114|120,Zeus|eThor,C:\Users\Exauce\Documents\smart-contract-cgt\source\363f0555adae6e7ccbb9c5315f6ef074.sol
36403a77c219b87b6a07f292f193def0,15fb2c7f6c1551b662cacc7f4af7d24243f08c65abd15938416675001e627b13,1,1,1,0,1,time_manipulation,time_manipulation,116,SolidiFI,C:\Users\Exauce\Documents\smart-contract-cgt\source\36403a77c219b87b6a07f292f193def0.sol
3676cd599e632e7e614abaf9683e30dd,f4f517ff07efee3ec8710a22e7ed687a7da17e0f53dff784ffca027f0e7d81dc,0,5,0,5,4,bad_randomness|denial_service|reentrancy|unchecked_low_calls,,104|107|113|120|128,CodeSmells,C:\Users\Exauce\Documents\smart-contract-cgt\source\3676cd599e632e7e614abaf9683e30dd.sol
36894fdeed07633393fffdf5fb01b89b,990a2b073057bee7012ab2e5df0e4fd4ff11484b88888abdca34d441cd256624,1,1,1,0,1,time_manipulation,time_manipulation,116,SolidiFI,C:\Users\Exauce\Documents\smart-contract-cgt\source\36894fdeed07633393fffdf5fb01b89b.sol
368d81ccb6f4cebe21a6088f6f75f969,ed60fc30456fe5ead8dfe3cbf59a5f01e783774910a03648025845211be896a1,1,12,2,10,6,arithmetic|bad_randomness|denial_service|front_running|reentrancy|unchecked_low_calls,arithmetic,101|104|107|113|114|120,Zeus,C:\Users\Exauce\Documents\smart-contract-cgt\source\368d81ccb6f4cebe21a6088f6f75f969.sol
36a8d214d776783849bbd6c36d8efd3c,5ecd8d4a2ac53dc616cfa7c9e8820c33f932c419575cb92f4a37b6042902e697,0,1,0,1,1,reentrancy,,107,Doublade,C:\Users\Exauce\Documents\smart-contract-cgt\source\36a8d214d776783849bbd6c36d8efd3c.sol
36abf99442c0b7fa55616cfb1a6a243a,e013a2f05adcbfa8ea3079d4ffba1e3cd8e0b22c08a9574ba6518fd985d0ef6a,0,5,0,5,4,bad_randomness|denial_service|reentrancy|unchecked_low_calls,,104|107|113|120|128,CodeSmells,C:\Users\Exauce\Documents\smart-contract-cgt\source\36abf99442c0b7fa55616cfb1a6a243a.sol
36b36281e0a1e04cc07c4a1e50a528f7,531dc8bd6ddc8d1b10aed4dd83200dcecf6f08439b07617a7fe748bd805dc1c1,1,6,2,4,5,arithmetic|bad_randomness|front_running|reentrancy|unchecked_low_calls,arithmetic|reentrancy,101|104|107|114|120,Zeus|eThor,C:\Users\Exauce\Documents\smart-contract-cgt\source\36b36281e0a1e04cc07c4a1e50a528f7.sol
36ee840ee2c730b0dd466462fb94221d,1f60a1ee26737ce89d4262903f629e215cf9cbee43917ce82461d0c249076974,1,1,1,0,1,reentrancy,reentrancy,107,ContractFuzzer,C:\Users\Exauce\Documents\smart-contract-cgt\source\36ee840ee2c730b0dd466462fb94221d.sol
36f7c4fecca28264f0df83011b17ba39,b8242387d1234f71ff673fb20ceb21014390bf1c2e143a7b02347cef325a2f0c,0,6,0,6,6,arithmetic|bad_randomness|denial_service|front_running|reentrancy|unchecked_low_calls,,101|104|107|113|114|120,Zeus,C:\Users\Exauce\Documents\smart-contract-cgt\source\36f7c4fecca28264f0df83011b17ba39.sol
3710f7956a5fca9088e62eaa3c9c37a7,d530e7eb0231f4c5c84e10ee673d7e4410388861da79217cfac775080ef54a9e,0,5,0,5,4,bad_randomness|denial_service|reentrancy|unchecked_low_calls,,104|107|113|120|128,CodeSmells,C:\Users\Exauce\Documents\smart-contract-cgt\source\3710f7956a5fca9088e62eaa3c9c37a7.sol
371935dbe8b36030c74ed8a5499be75a,c895760e46957af79a1247d260aba72cbe422d2dca4e42fbbac70562b28ec995,1,1,1,0,1,unchecked_low_calls,unchecked_low_calls,104,SolidiFI,C:\Users\Exauce\Documents\smart-contract-cgt\source\371935dbe8b36030c74ed8a5499be75a.sol
376019a0411de19344e59ef5b40145af,f967807410f293b9449512100c1651244fecc7dd12149d6c7f89d83e1e6402c5,1,6,2,4,6,arithmetic|bad_randomness|denial_service|front_running|reentrancy|unchecked_low_calls,arithmetic|denial_service,101|104|107|113|114|120,Zeus,C:\Users\Exauce\Documents\smart-contract-cgt\source\376019a0411de19344e59ef5b40145af.sol
37843e83373324fe187cb0b7e05fda90,31bdd4c40d20a1e60b9307a38c034ef1598de43ac10f9a66750b4683f90e8c5e,1,6,1,5,5,bad_randomness|denial_service|reentrancy|time_manipulation|unchecked_low_calls,time_manipulation,104|107|113|116|120|128,CodeSmells|ContractFuzzer,C:\Users\Exauce\Documents\smart-contract-cgt\source\37843e83373324fe187cb0b7e05fda90.sol
380a1d2cfd2a45c5ccb55db0c46ecfac,a911c8e009170e40bea47d186872b25dfe6091f98f756d89d53d3e07d654ef94,0,4,0,4,3,bad_randomness|denial_service|unchecked_low_calls,,104|113|120|128,CodeSmells,C:\Users\Exauce\Documents\smart-contract-cgt\source\380a1d2cfd2a45c5ccb55db0c46ecfac.sol
387d5f733c552f411b810c5e93d19854,86fb5707813a72fcc7c3febd370999c593802b474b76b9805794c310ebb1db55,0,4,0,4,3,bad_randomness|denial_service|unchecked_low_calls,,104|113|120|128,CodeSmells,C:\Users\Exauce\Documents\smart-contract-cgt\source\387d5f733c552f411b810c5e93d19854.sol
388fe69f627cff7367fe3b55f75c286d,06904cf13dc4a18aa87071fabbbab1e86b50cf3e80aebbab8de292d7909ec1f8,0,5,0,5,4,bad_randomness|denial_service|reentrancy|unchecked_low_calls,,104|107|113|120|128,CodeSmells,C:\Users\Exauce\Documents\smart-contract-cgt\source\388fe69f627cff7367fe3b55f75c286d.sol
38a5ae442011721f467906020704c564,aace247972f122c979517f8d744d972a76305278b2e69742aacfb836d81f334a,1,7,1,6,6,arithmetic|bad_randomness|denial_service|front_running|reentrancy|unchecked_low_calls,arithmetic,101|104|107|113|114|120,Zeus|eThor,C:\Users\Exauce\Documents\smart-contract-cgt\source\38a5ae442011721f467906020704c564.sol
38b97a70b19344066e6864e68d326d89,974a56a0f01837d4ade24a85344ee37ad307c5792579f0d8a84c3dbac05c86ad,1,12,1,11,6,arithmetic|bad_randomness|denial_service|front_running|reentrancy|unchecked_low_calls,reentrancy,101|104|107|113|114|120,NPChecker|Zeus|eThor,C:\Users\Exauce\Documents\smart-contract-cgt\source\38b97a70b19344066e6864e68d326d89.sol
38cc9960a894aed6af5c378a04eee373,75d238cb1095b6fcf220a981ea651830a2cbdbcba625b002b7b59ab115251885,1,7,3,4,6,arithmetic|bad_randomness|denial_service|front_running|reentrancy|unchecked_low_calls,arithmetic|front_running|unchecked_low_calls,101|104|107|113|114|120,Zeus|eThor,C:\Users\Exauce\Documents\smart-contract-cgt\source\38cc9960a894aed6af5c378a04eee373.sol
38f23e245821d68954ca837903e864e0,95eb48ff97ec30342fae92b48b88bdbc5374a9390d1187de3c0640cf01a022c3,0,5,0,5,4,bad_randomness|denial_service|reentrancy|unchecked_low_calls,,104|107|113|120|128,CodeSmells,C:\Users\Exauce\Documents\smart-contract-cgt\source\38f23e245821d68954ca837903e864e0.sol
39154ab86b53b8e3a39c30b84b130256,152515b1a0055399f7b78cb9f54f9cd78954f65f6678e65959db03db1eef4cad,1,1,1,0,1,reentrancy,reentrancy,107,SolidiFI,C:\Users\Exauce\Documents\smart-contract-cgt\source\39154ab86b53b8e3a39c30b84b130256.sol
393ff63c0199ed7185b34d4738e664b8,c958e8c73337177ba8e69b58227ecb0fda6713cd6b92e36b17d7dd1daeb8e739,1,1,1,0,1,reentrancy,reentrancy,107,Doublade,C:\Users\Exauce\Documents\smart-contract-cgt\source\393ff63c0199ed7185b34d4738e664b8.sol
3943819f6f4dff834b0f3345237774c4,9844daa6e88083a95d676f03c6615d75c961d762a5cd610f8a5e57aafa00c360,0,1,0,1,1,front_running,,114,EthRacer,C:\Users\Exauce\Documents\smart-contract-cgt\source\3943819f6f4dff834b0f3345237774c4.sol
39494e3af26ac04b6571d6114dbb3f84,09d743cde9bbc93c409ac246387e536846861e6d92734b7a6c1adfb93a5f929b,1,7,1,6,6,arithmetic|bad_randomness|denial_service|front_running|reentrancy|unchecked_low_calls,arithmetic,101|104|107|113|114|120,Zeus|eThor,C:\Users\Exauce\Documents\smart-contract-cgt\source\39494e3af26ac04b6571d6114dbb3f84.sol
397cc93b20e8b3e220e26a3cae499e60,5eb85b23657c8a5823153dfca5889d5d31c0dcf432833f9724ff9cd52c54a1dc,1,6,3,3,6,arithmetic|bad_randomness|denial_service|front_running|reentrancy|unchecked_low_calls,arithmetic|denial_service|front_running,101|104|107|113|114|120,Zeus,C:\Users\Exauce\Documents\smart-contract-cgt\source\397cc93b20e8b3e220e26a3cae499e60.sol
3985f5d8a42db907cec296771897210b,e49e2962f478953944924b636464dfa763502229bd9f08436b22ae6e4a53c55d,1,1,1,0,1,time_manipulation,time_manipulation,116,ContractFuzzer,C:\Users\Exauce\Documents\smart-contract-cgt\source\3985f5d8a42db907cec296771897210b.sol
3990ac560232a74d7ad2e3242bdbb647,7653f36f2ff75f533a933e817e694ffd1c6688097153817b23873a02ff910bae,0,1,0,1,1,reentrancy,,107,NotSoSmartC,C:\Users\Exauce\Documents\smart-contract-cgt\source\3990ac560232a74d7ad2e3242bdbb647.sol
39cf38f42bd0b51b036f0fbfbec4ef20,123c898f987c1f1c2c269e43d256259b2f43d06bc58c8a55377a7bde18aa7031,1,2,2,0,2,bad_randomness|unchecked_low_calls,bad_randomness|unchecked_low_calls,104|120,ContractFuzzer,C:\Users\Exauce\Documents\smart-contract-cgt\source\39cf38f42bd0b51b036f0fbfbec4ef20.sol
39feb567d339f2a5773beb12f28dab11,c61ed613962f477d140c82d15bc4cecc9ff639e5336d5e5400dfbcdfa1e22eb1,0,6,0,6,6,arithmetic|bad_randomness|denial_service|front_running|reentrancy|unchecked_low_calls,,101|104|107|113|114|120,Zeus,C:\Users\Exauce\Documents\smart-contract-cgt\source\39feb567d339f2a5773beb12f28dab11.sol
3a0d42b439eac1c20537c5c4f8f62e2d,06be1eb2b4d48d0ce46faffff8d686fc32de211b99a4e5e8909bb41a5dd77e2d,1,1,1,0,1,time_manipulation,time_manipulation,116,ContractFuzzer,C:\Users\Exauce\Documents\smart-contract-cgt\source\3a0d42b439eac1c20537c5c4f8f62e2d.sol
3ab6356a5eb2c3c14897fc21ed6ebbcb,801d3690263c7335e3e3cd9074c73089e744b94108d1a5d60e300bcd9e2141df,1,1,1,0,1,reentrancy,reentrancy,107,SolidiFI,C:\Users\Exauce\Documents\smart-contract-cgt\source\3ab6356a5eb2c3c14897fc21ed6ebbcb.sol
3afb0b4cf597df904f7cf98fcab6d19e,9436a3c3ea6e89247d3e4bfa148bccb514296df21496e29c42433bc4ec43678b,1,5,1,4,4,bad_randomness|denial_service|reentrancy|unchecked_low_calls,reentrancy,104|107|113|120|128,CodeSmells,C:\Users\Exauce\Documents\smart-contract-cgt\source\3afb0b4cf597df904f7cf98fcab6d19e.sol
3b11e8a8b98e268d189768525b510d1f,7aab5a3d321918e1f496feda54152d3688a1588f7f9987fed197f9c60f79b41f,1,1,1,0,1,reentrancy,reentrancy,107,SolidiFI,C:\Users\Exauce\Documents\smart-contract-cgt\source\3b11e8a8b98e268d189768525b510d1f.sol
3b5ca8601bfd539269afb2a33789ad68,763d42a870f7f73457a895763ae8652d3aea5ba6555d75bab4ab2d958ebb64bf,0,12,0,12,6,arithmetic|bad_randomness|denial_service|front_running|reentrancy|unchecked_low_calls,,101|104|107|113|114|120|128,CodeSmells|Zeus|eThor,C:\Users\Exauce\Documents\smart-contract-cgt\source\3b5ca8601bfd539269afb2a33789ad68.sol
3b896267c44be97a2fe4897757fd70b0,7b858f41f5d0b1a07c38fb5746a5b23de64ce6094a2c1fe9caa6c124cf7836e4,1,7,3,4,6,arithmetic|bad_randomness|denial_service|front_running|reentrancy|unchecked_low_calls,arithmetic|front_running|unchecked_low_calls,101|104|107|113|114|120,Zeus|eThor,C:\Users\Exauce\Documents\smart-contract-cgt\source\3b896267c44be97a2fe4897757fd70b0.sol
3b9d14aa628910698c544f9ae3162922,7094656f84d6bb4c893dfd838181a77acf655db33cea487badb027f9e428b5b3,1,1,1,0,1,denial_service,denial_service,128,JiuZhou,C:\Users\Exauce\Documents\smart-contract-cgt\source\3b9d14aa628910698c544f9ae3162922.sol
3bd2152950e854c0c1b6d7ce9cacf43d,4c1289bcc9a6f54a0a992386f85e41c6e0a594eaeea2eee426ff1552f0b09b3c,1,1,1,0,1,time_manipulation,time_manipulation,116,ContractFuzzer,C:\Users\Exauce\Documents\smart-contract-cgt\source\3bd2152950e854c0c1b6d7ce9cacf43d.sol
3bfca29f0682cbe9660531f3054fa25b,05a4827e492ab6e556bf6357801be1eff09de5b9db34c670fa389a1acdb835b2,1,7,1,6,6,arithmetic|bad_randomness|denial_service|front_running|reentrancy|unchecked_low_calls,arithmetic,101|104|107|113|114|120,Zeus|eThor,C:\Users\Exauce\Documents\smart-contract-cgt\source\3bfca29f0682cbe9660531f3054fa25b.sol
3c8cfb35514d69407a6527d5bf590a68,802f0a876ab9fe280677f957491dadb6f457821a18ddebe285d3be1af38d51b8,1,7,1,6,6,arithmetic|bad_randomness|denial_service|front_running|reentrancy|unchecked_low_calls,arithmetic,101|104|107|113|114|120,Zeus|eThor,C:\Users\Exauce\Documents\smart-contract-cgt\source\3c8cfb35514d69407a6527d5bf590a68.sol
3cbb64b9de745ab4999f801886a0bee2,29d9ca1a6f72eef7f0731743ba9f7b16d79c4ebf4a3b889c905d331206d96a9a,0,6,0,6,6,arithmetic|bad_randomness|denial_service|front_running|reentrancy|unchecked_low_calls,,101|104|107|113|114|120,Zeus,C:\Users\Exauce\Documents\smart-contract-cgt\source\3cbb64b9de745ab4999f801886a0bee2.sol
3ced00071e15e365518791c9615591cd,e3bfc99fa7c4c86e334bb8fc4b4d8d9dc1e7df0f6af19bfde3eeed17c2e5d040,1,7,3,4,6,arithmetic|bad_randomness|denial_service|front_running|reentrancy|unchecked_low_calls,arithmetic|denial_service|reentrancy,101|104|107|113|114|120,Zeus|eThor,C:\Users\Exauce\Documents\smart-contract-cgt\source\3ced00071e15e365518791c9615591cd.sol
3cf41c302d0dae3f2190abcd7d832f0a,d5b5d089451c3bae6b14fce6a11960d3987b55bbec54f4f5811622341a552bdf,1,1,1,0,1,time_manipulation,time_manipulation,116,SolidiFI,C:\Users\Exauce\Documents\smart-contract-cgt\source\3cf41c302d0dae3f2190abcd7d832f0a.sol
3d105ed6661e95dd474473a27326a915,b2ac9baa4c3b1ce2d294c2aa374055062a52f80891b5453ebe8cafae2a23ea9f,0,5,0,5,4,bad_randomness|denial_service|reentrancy|unchecked_low_calls,,104|107|113|120|128,CodeSmells,C:\Users\Exauce\Documents\smart-contract-cgt\source\3d105ed6661e95dd474473a27326a915.sol
3d21a1483fd84a0e9f51e721fa2622fb,a2a8c8e0d729a5a5a4f58e9137147eb3f7e76bb4169126801b6a373ef3657f26,0,5,0,5,4,bad_randomness|denial_service|reentrancy|unchecked_low_calls,,104|107|113|120|128,CodeSmells,C:\Users\Exauce\Documents\smart-contract-cgt\source\3d21a1483fd84a0e9f51e721fa2622fb.sol
3d346d1977aed44a380f59d309fb9ac3,ed84e9c83eecc55e880050280633f27bd475217d48aa9f19d35387b074e8970a,0,6,0,6,6,arithmetic|bad_randomness|denial_service|front_running|reentrancy|unchecked_low_calls,,101|104|107|113|114|120,Zeus,C:\Users\Exauce\Documents\smart-contract-cgt\source\3d346d1977aed44a380f59d309fb9ac3.sol
3d5707316405148eb48324561c77d058,2355a018265c73a1b4655c710c0d2956fa249c500e4e0ed90f3f26167941c05e,1,1,1,0,1,bad_randomness,bad_randomness,120,ContractFuzzer,C:\Users\Exauce\Documents\smart-contract-cgt\source\3d5707316405148eb48324561c77d058.sol
3d785ae7e0626b359cf96138d1ad01d0,6d3e2791b525fca5dd7f42f7806e75c5c3355603682546a75da9abd8e652bee5,1,11,6,5,6,arithmetic|bad_randomness|denial_service|front_running|reentrancy|unchecked_low_calls,arithmetic|bad_randomness|denial_service|front_running|unchecked_low_calls,101|104|107|113|114|120|128,CodeSmells|Zeus|eThor,C:\Users\Exauce\Documents\smart-contract-cgt\source\3d785ae7e0626b359cf96138d1ad01d0.sol
3da12140af9541c656baa96decdbb670,854b19ef2f995c5b5c200952f3f808bfbb1ebc0e7a2226dd2243bcbcdc04686a,1,1,1,0,1,arithmetic,arithmetic,101,SolidiFI,C:\Users\Exauce\Documents\smart-contract-cgt\source\3da12140af9541c656baa96decdbb670.sol
3dadeb7e3c9cea9329b1491b884c0f19,cc95ddd726aeb2940d593c05df6a883fd34bfb7ac0da67298887f977611890a4,1,1,1,0,1,front_running,front_running,114,SolidiFI,C:\Users\Exauce\Documents\smart-contract-cgt\source\3dadeb7e3c9cea9329b1491b884c0f19.sol
3dc7f3f85140e79447717693933bb4c5,00d9f6a0639ff880ef5d202bef83af49e8f55997dfd39dea4b680a13d69e7274,0,6,0,6,6,arithmetic|bad_randomness|denial_service|front_running|reentrancy|unchecked_low_calls,,101|104|107|113|114|120,Zeus,C:\Users\Exauce\Documents\smart-contract-cgt\source\3dc7f3f85140e79447717693933bb4c5.sol
3de6816c38a28c6a49a5c4a3847f5e16,abb1390ddf1684809f14419b5930179b909d08379044be7760f75fa2d85a1306,1,7,3,4,6,arithmetic|bad_randomness|denial_service|front_running|reentrancy|unchecked_low_calls,arithmetic|denial_service|reentrancy,101|104|107|113|114|120,Zeus|eThor,C:\Users\Exauce\Documents\smart-contract-cgt\source\3de6816c38a28c6a49a5c4a3847f5e16.sol
3de769c437cc414f28f0e02f78594a35,91f75df6cfd91c95963e0726b848d4652995d8d2473d2619c9f344d33b3fb74e,1,1,1,0,1,reentrancy,reentrancy,107,SolidiFI,C:\Users\Exauce\Documents\smart-contract-cgt\source\3de769c437cc414f28f0e02f78594a35.sol
3df4b22187eadb8128b1ee6d75aa649b,48229c2c219d26b5c2d252b6010d9d6fb67fe1a50b1bfcda63dbdf95952a8559,1,1,1,0,1,front_running,front_running,114,EthRacer,C:\Users\Exauce\Documents\smart-contract-cgt\source\3df4b22187eadb8128b1ee6d75aa649b.sol
3e0dd16284b3ef15b7ab5554da0a3466,c4c86a098175259094b5bead35e79e0b7dbae1e0bafe06c7e416a5b423bc3e9a,1,6,4,2,6,arithmetic|bad_randomness|denial_service|front_running|reentrancy|unchecked_low_calls,arithmetic|bad_randomness|denial_service|front_running,101|104|107|113|114|120,Zeus,C:\Users\Exauce\Documents\smart-contract-cgt\source\3e0dd16284b3ef15b7ab5554da0a3466.sol
3e30b732410589fc7bf8b08d97965f00,1ba094909687f5a1a26b2aaa3e2cdd637f659a76edbbc3eeb089f05c32d18c60,1,6,3,3,6,arithmetic|bad_randomness|denial_service|front_running|reentrancy|unchecked_low_calls,arithmetic|denial_service|front_running,101|104|107|113|114|120,Zeus,C:\Users\Exauce\Documents\smart-contract-cgt\source\3e30b732410589fc7bf8b08d97965f00.sol
3e3c80f5ce4abf4ca163f731f2b8b08d,391b0dbf9b42b27d7bcfedc06168665b9930d7ac189b1e7e95083454e1352853,1,6,4,2,6,arithmetic|bad_randomness|denial_service|front_running|reentrancy|unchecked_low_calls,arithmetic|bad_randomness|denial_service|front_running,101|104|107|113|114|120,Zeus,C:\Users\Exauce\Documents\smart-contract-cgt\source\3e3c80f5ce4abf4ca163f731f2b8b08d.sol
3e6a2cae2d637b05aae7956f520c9730,bb59a5fb6e8bd2d027c5851e4c89c6f9097d31cb2234bfb0f26564ce556ec935,1,6,1,5,6,arithmetic|bad_randomness|denial_service|front_running|reentrancy|unchecked_low_calls,arithmetic,101|104|107|113|114|120,Zeus,C:\Users\Exauce\Documents\smart-contract-cgt\source\3e6a2cae2d637b05aae7956f520c9730.sol
3e742f9dda9aa835661cdd0bb0b9c04c,a2e2d84c423f3135c47c7887821facd8f2833c8bfa2d633d55214a7530d419d2,0,7,0,7,6,arithmetic|bad_randomness|denial_service|front_running|reentrancy|unchecked_low_calls,,101|104|107|113|114|120,Zeus|eThor,C:\Users\Exauce\Documents\smart-contract-cgt\source\3e742f9dda9aa835661cdd0bb0b9c04c.sol
3e839ff32acb415f75646af93950ece7,8c30c94b47a3a01270e40790929a04fbfcb78b00c471576a33d9a151955eec30,0,5,0,5,4,bad_randomness|denial_service|reentrancy|unchecked_low_calls,,104|107|113|120|128,CodeSmells,C:\Users\Exauce\Documents\smart-contract-cgt\source\3e839ff32acb415f75646af93950ece7.sol
3e89ec3648ce7b2cbb10ffede3e77449,6734c893c4ea8159ce4c3f94d5ab5a14ea14170250e98e917a43dffcc8235753,0,1,0,1,1,reentrancy,,107,eThor,C:\Users\Exauce\Documents\smart-contract-cgt\source\3e89ec3648ce7b2cbb10ffede3e77449.sol
3e986d35c9248a39a73a9b3fd13e8972,a373b4286054cef741b99901783464639fae28c4c70783f84b17ebe9d14388a5,0,5,0,5,4,bad_randomness|denial_service|reentrancy|unchecked_low_calls,,104|107|113|120|128,CodeSmells,C:\Users\Exauce\Documents\smart-contract-cgt\source\3e986d35c9248a39a73a9b3fd13e8972.sol
3ec58b50218ca4edd662d9a2143eedbc,1cada36aae5ae703b3de06d2adca2ef6c2dfc971ee106067efe9cf01bca3c482,1,1,1,0,1,front_running,front_running,114,SolidiFI,C:\Users\Exauce\Documents\smart-contract-cgt\source\3ec58b50218ca4edd662d9a2143eedbc.sol
3f02f39c4dea26a5c2c8bab3881bfb1f,646bbb3f5ace884b1873ce10e649af483464957183fffc69cb34d4f25534c8a4,1,1,1,0,1,bad_randomness,bad_randomness,120,ContractFuzzer,C:\Users\Exauce\Documents\smart-contract-cgt\source\3f02f39c4dea26a5c2c8bab3881bfb1f.sol
3f15248f6f3765f49d929925d8748ebe,dd2acd66e3ae587e435f8ccd684357a5f3f80d9ad075927cfaae78dc878d5ed6,0,6,0,6,6,arithmetic|bad_randomness|denial_service|front_running|reentrancy|unchecked_low_calls,,101|104|107|113|114|120,Zeus,C:\Users\Exauce\Documents\smart-contract-cgt\source\3f15248f6f3765f49d929925d8748ebe.sol
3f47e6b78cfb088cd85b95c3a7bd7165,ddf789863cf2dcfcc1462878cd042e32ecab9abcd0d51df4043cd320f0596ce5,1,1,1,0,1,front_running,front_running,114,EthRacer,C:\Users\Exauce\Documents\smart-contract-cgt\source\3f47e6b78cfb088cd85b95c3a7bd7165.sol
3f71347b465b129d12a24b54ac5b465d,a3a29e903bff9e289393b57518955dc506c9ee24428b82a910da78fa85b4b27f,1,1,1,0,1,arithmetic,arithmetic,101,SolidiFI,C:\Users\Exauce\Documents\smart-contract-cgt\source\3f71347b465b129d12a24b54ac5b465d.sol
3f9952d0f451df6c66bbc4e9959d6a25,60589b3860cb589d57b4160fcada99993489ef3350d330cf930488467ab82e0a,0,5,0,5,4,bad_randomness|denial_service|reentrancy|unchecked_low_calls,,104|107|113|120|128,CodeSmells,C:\Users\Exauce\Documents\smart-contract-cgt\source\3f9952d0f451df6c66bbc4e9959d6a25.sol
3fb9f97e818279b8b05cb0fb8c277388,fa5fa0d2a982e261855eabe7c5c12cd3b7f0e8fd2deac5ce843ea3e469d9603d,1,1,1,0,1,bad_randomness,bad_randomness,120,ContractFuzzer,C:\Users\Exauce\Documents\smart-contract-cgt\source\3fb9f97e818279b8b05cb0fb8c277388.sol
3ff8bddb0d558c6504fb5717f227861d,ad08debd6d1e3e2094f366b8642f0fb70942c1312d56e3f55f14f8de2e845528,0,5,0,5,4,bad_randomness|denial_service|reentrancy|unchecked_low_calls,,104|107|113|120|128,CodeSmells,C:\Users\Exauce\Documents\smart-contract-cgt\source\3ff8bddb0d558c6504fb5717f227861d.sol
4021803b24cf952ad79a32c8c5226c35,d54ce59496fbdb331f48af5d40e079aad9d0220c7e903e2b99d3f3a1ba1df571,0,7,0,7,6,arithmetic|bad_randomness|denial_service|front_running|reentrancy|unchecked_low_calls,,101|104|107|113|114|120,Zeus|eThor,C:\Users\Exauce\Documents\smart-contract-cgt\source\4021803b24cf952ad79a32c8c5226c35.sol
40434c4be919ee95b9e4352bde2a5a42,12a321898827d3c42850f12f40ad6cf75977c24c8e3bbd41fb213a5efc54fb15,1,5,1,4,4,bad_randomness|denial_service|reentrancy|unchecked_low_calls,unchecked_low_calls,104|107|113|120|128,CodeSmells,C:\Users\Exauce\Documents\smart-contract-cgt\source\40434c4be919ee95b9e4352bde2a5a42.sol
404b3b7f768512e5198bef3e304f938d,f04bb4ab4546d98d00917513d6dc3f95f011b9e8a48d019fee3eeaaa406a261e,1,6,1,5,6,arithmetic|bad_randomness|denial_service|front_running|reentrancy|unchecked_low_calls,arithmetic,101|104|107|113|114|120,Zeus,C:\Users\Exauce\Documents\smart-contract-cgt\source\404b3b7f768512e5198bef3e304f938d.sol
405f1b2bd2d35e2a0f5d4d9753a3675f,3c8b0c58a877ca60028ead67ff35c9e3814e38616034a714189d78538678fecf,0,4,0,4,3,bad_randomness|denial_service|unchecked_low_calls,,104|113|120|128,CodeSmells,C:\Users\Exauce\Documents\smart-contract-cgt\source\405f1b2bd2d35e2a0f5d4d9753a3675f.sol
4060560a9da63d25233ef2d24076e983,31a9dbaaa46d60301775973958853d99c05918bf7b58b40d3288eef024771af0,1,1,1,0,1,reentrancy,reentrancy,107,SolidiFI,C:\Users\Exauce\Documents\smart-contract-cgt\source\4060560a9da63d25233ef2d24076e983.sol
408922aa5c404b9dc55999a129626b4a,bc436c97a92de356de511a7cdd8859fbe08ead41b754814bb271a8e937270835,0,5,0,5,4,bad_randomness|denial_service|reentrancy|unchecked_low_calls,,104|107|113|120|128,CodeSmells,C:\Users\Exauce\Documents\smart-contract-cgt\source\408922aa5c404b9dc55999a129626b4a.sol
408a9772bcd472026f5a2af099fe39ac,0e48a9dc756646a6d4d3834ad382b13ccd12507a9a00c4a0802abe42a52aabdb,1,7,3,4,6,arithmetic|bad_randomness|denial_service|front_running|reentrancy|unchecked_low_calls,arithmetic|front_running|unchecked_low_calls,101|104|107|113|114|120,Zeus|eThor,C:\Users\Exauce\Documents\smart-contract-cgt\source\408a9772bcd472026f5a2af099fe39ac.sol
409cb8dd440df2cf7e3c0520444871dd,abbe87595c2dd8b6a92499627b5723bb4974f318dfd0c5a83ca20d2cf3ebea21,1,1,1,0,1,time_manipulation,time_manipulation,116,SolidiFI,C:\Users\Exauce\Documents\smart-contract-cgt\source\409cb8dd440df2cf7e3c0520444871dd.sol
409dba98f282f2aad56dc472e51d42d4,250ef03fbf66578433fe28876841d7274defd23c6343dd48582a7a046282a1cb,1,7,3,4,6,arithmetic|bad_randomness|denial_service|front_running|reentrancy|unchecked_low_calls,arithmetic|denial_service|reentrancy,101|104|107|113|114|120,Zeus|eThor,C:\Users\Exauce\Documents\smart-contract-cgt\source\409dba98f282f2aad56dc472e51d42d4.sol
40cfddbf940fac7eb5999f28c2b908d0,7b4bd8d93c6b3b832c4fb30f681f1a2479541a01a1b8d6ff7ed7029882383815,1,1,1,0,1,arithmetic,arithmetic,101,EverEvolvingG,C:\Users\Exauce\Documents\smart-contract-cgt\source\40cfddbf940fac7eb5999f28c2b908d0.sol
41079b5a54d33b25dd3589b67a44d493,43d266d9ee0d6058db40e96558e637f30398b4314b64e4cad4e81a4826102aee,1,7,1,6,6,arithmetic|bad_randomness|denial_service|front_running|reentrancy|unchecked_low_calls,arithmetic,101|104|107|113|114|120,Zeus|eThor,C:\Users\Exauce\Documents\smart-contract-cgt\source\41079b5a54d33b25dd3589b67a44d493.sol
415e4a37eaeb00c35eed7aa1e7892de2,dfb8a35cd7f89b7697726268ba4c34957dc4eb67bdacad51093c80cdd1dc5499,1,1,1,0,1,denial_service,denial_service,113,Doublade,C:\Users\Exauce\Documents\smart-contract-cgt\source\415e4a37eaeb00c35eed7aa1e7892de2.sol
4190feb5d4ce14bf8539d05bb5082aee,ab46d318d20f69b6c87410c7f1526353b96a2ff3b5679a0176ec00f5d08a7eea,1,1,1,0,1,time_manipulation,time_manipulation,116,SolidiFI,C:\Users\Exauce\Documents\smart-contract-cgt\source\4190feb5d4ce14bf8539d05bb5082aee.sol
4192ca07e1674db29ba56e48ab096ce6,22a81e6ee2b01387e88ccb8e9003db1cf579b8beb1ff1ec85f56b71f50ecf62d,0,5,0,5,4,bad_randomness|denial_service|reentrancy|unchecked_low_calls,,104|107|113|120|128,CodeSmells,C:\Users\Exauce\Documents\smart-contract-cgt\source\4192ca07e1674db29ba56e48ab096ce6.sol
4198b0cc758eb6af1b8bedbd4ed4253e,f0f73143a516bc78ecf219fac25edff4566addbc020596081d24a0b86b13eee4,1,1,1,0,1,denial_service,denial_service,113,JiuZhou,C:\Users\Exauce\Documents\smart-contract-cgt\source\4198b0cc758eb6af1b8bedbd4ed4253e.sol
419b13b30f0a964ccf24286985c56031,a9536a08c8e1acb64814a02c5c25dd148f985a480b94b1e00745121f9b2879df,1,1,1,0,1,time_manipulation,time_manipulation,116,SolidiFI,C:\Users\Exauce\Documents\smart-contract-cgt\source\419b13b30f0a964ccf24286985c56031.sol
41a6d7eb6b5b23d416ec8adc63dd5cb6,9c29bd974a94ad4961eba93a6e05b8bd37ca682a12a19cfa865eb9fec94db09d,1,1,1,0,1,bad_randomness,bad_randomness,120,ContractFuzzer,C:\Users\Exauce\Documents\smart-contract-cgt\source\41a6d7eb6b5b23d416ec8adc63dd5cb6.sol
41b82e44045ebe3c4471ac1472212895,c0d2f1611c8fb586f2a4f77f2b89c0a87bb31f8ff805f9fcd921e04be344fa36,0,5,0,5,4,bad_randomness|denial_service|reentrancy|unchecked_low_calls,,104|107|113|120|128,CodeSmells,C:\Users\Exauce\Documents\smart-contract-cgt\source\41b82e44045ebe3c4471ac1472212895.sol
41c6b2adea1bc399854e620d7b2fcfe3,2b1f634660bde19642648228059d86a04ac0a583f9e42ddc13c7bef64ae6ae0b,1,1,1,0,1,unchecked_low_calls,unchecked_low_calls,104,SolidiFI,C:\Users\Exauce\Documents\smart-contract-cgt\source\41c6b2adea1bc399854e620d7b2fcfe3.sol
41f84b0b8118d03b17aa7d01c6bb4fe1,fc2dcda494f919e140f5b4ec8e1501f298163a6205d63ec7203c923808dc9a61,1,1,1,0,1,arithmetic,arithmetic,101,SolidiFI,C:\Users\Exauce\Documents\smart-contract-cgt\source\41f84b0b8118d03b17aa7d01c6bb4fe1.sol
41fd7d5882feed3cc226c5754ce74697,3cb1f8ff8ade596488c96362ee38271d7f1ec9cab6606993b8df1b957124e29f,1,6,1,5,4,bad_randomness|denial_service|reentrancy|unchecked_low_calls,denial_service,104|107|113|120|128,CodeSmells|Doublade,C:\Users\Exauce\Documents\smart-contract-cgt\source\41fd7d5882feed3cc226c5754ce74697.sol
4201e49f5a84248fc8a5b3c429c2a1af,a0007d33cd6938396dfbfd05f4a1e271712324f25629d9570ee0806819411635,1,7,1,6,6,arithmetic|bad_randomness|denial_service|front_running|reentrancy|unchecked_low_calls,denial_service,101|104|107|113|114|120,Zeus|eThor,C:\Users\Exauce\Documents\smart-contract-cgt\source\4201e49f5a84248fc8a5b3c429c2a1af.sol
420f1e83aba46adbdbb54457e2063152,040da76d19f85e1008be15f2944034cb2a48b7da79c7b47e00c1a98a42ee2cb8,1,1,1,0,1,arithmetic,arithmetic,101,SolidiFI,C:\Users\Exauce\Documents\smart-contract-cgt\source\420f1e83aba46adbdbb54457e2063152.sol
424c69bd0b1d3c4d153c99eddce01b27,a30721b2befc28d7a5505c81dca8786a528417fa5978d80c23b648ad36a8c5ea,1,1,1,0,1,reentrancy,reentrancy,107,JiuZhou,C:\Users\Exauce\Documents\smart-contract-cgt\source\424c69bd0b1d3c4d153c99eddce01b27.sol
4280a195fd3bff848f0fdba6c3d53f05,9ebe5a4b33022dc554d7cd2d1ffba849c750ef6aa1b22543c74f031c0424b415,1,1,1,0,1,unchecked_low_calls,unchecked_low_calls,104,SolidiFI,C:\Users\Exauce\Documents\smart-contract-cgt\source\4280a195fd3bff848f0fdba6c3d53f05.sol
42a848be8704be101462c4854fbe231e,596c53747a2b48abee7fef6d9fda2a5927d07255c076e5b0d3a07fc2b9d86834,1,6,1,5,6,arithmetic|bad_randomness|denial_service|front_running|reentrancy|unchecked_low_calls,arithmetic,101|104|107|113|114|120,Zeus,C:\Users\Exauce\Documents\smart-contract-cgt\source\42a848be8704be101462c4854fbe231e.sol
42bba96a52aec4570c66cd0c4e246913,6153fa89cf58d55913b8508335899e58ce2b892f3e74d601f6dc5d10aaf4f6a2,1,7,4,3,6,arithmetic|bad_randomness|denial_service|front_running|reentrancy|unchecked_low_calls,arithmetic|bad_randomness|front_running|unchecked_low_calls,101|104|107|113|114|120,Zeus|eThor,C:\Users\Exauce\Documents\smart-contract-cgt\source\42bba96a52aec4570c66cd0c4e246913.sol
42beffb14137523076e68aeb2890e934,b581d3ae7e1624858522364d84297e27946bbec7bb88f658149168e0adaff4f0,0,6,0,6,6,arithmetic|bad_randomness|denial_service|front_running|reentrancy|unchecked_low_calls,,101|104|107|113|114|120,Zeus,C:\Users\Exauce\Documents\smart-contract-cgt\source\42beffb14137523076e68aeb2890e934.sol
42cba94bc28badc2f72e40cfe29f1d6b,5e99353aee504a98fd71e6a9e003c4775850de7aec3f9582e69edfa61b90f019,1,5,1,4,5,arithmetic|bad_randomness|denial_service|front_running|unchecked_low_calls,arithmetic,101|104|113|114|120,Zeus,C:\Users\Exauce\Documents\smart-contract-cgt\source\42cba94bc28badc2f72e40cfe29f1d6b.sol
42e267c21c222ab5cb97cccaf17a92ef,ebce7fb35ac537a33b9fc4e1ab1c6970240bc99e5b88b860d2fe0c2585e594a9,1,1,1,0,1,time_manipulation,time_manipulation,116,ContractFuzzer,C:\Users\Exauce\Documents\smart-contract-cgt\source\42e267c21c222ab5cb97cccaf17a92ef.sol
42efe5449dcc091bfa8d264aa628f095,a72fca9a883a5425bb7fc20bf501d1e32c667996e0a4f317e0352b8873dec1d0,1,7,4,3,6,arithmetic|bad_randomness|denial_service|front_running|reentrancy|unchecked_low_calls,arithmetic|denial_service|front_running|reentrancy,101|104|107|113|114|120,Zeus|eThor,C:\Users\Exauce\Documents\smart-contract-cgt\source\42efe5449dcc091bfa8d264aa628f095.sol
42f7ca44d46d231688c465ea71f64d5e,adb669195488ce52bd6978f2bb680497293a694ba982b206b582adfcfdde7ecf,1,1,1,0,1,arithmetic,arithmetic,101,SolidiFI,C:\Users\Exauce\Documents\smart-contract-cgt\source\42f7ca44d46d231688c465ea71f64d5e.sol
430d3dad607fc9aad6cdeeac6425248c,6f702ab7b312baa8986c1a9f387fd71c84b622bee6d106d2fce8001a678906a3,1,7,4,3,6,arithmetic|bad_randomness|denial_service|front_running|reentrancy|unchecked_low_calls,arithmetic|bad_randomness|front_running|unchecked_low_calls,101|104|107|113|114|120,Zeus|eThor,C:\Users\Exauce\Documents\smart-contract-cgt\source\430d3dad607fc9aad6cdeeac6425248c.sol
431d4b980f1d053ba0014e741d4550a8,1469c807b6a35200952620c01e896ba468a54c679208562bebef0c780c8b8bb2,1,6,2,4,6,arithmetic|bad_randomness|denial_service|front_running|reentrancy|unchecked_low_calls,arithmetic|bad_randomness,101|104|107|113|114|120,Zeus,C:\Users\Exauce\Documents\smart-contract-cgt\source\431d4b980f1d053ba0014e741d4550a8.sol
43b3a5495b7c935c55cc97f0d62111b5,182ef4f7b7dec3bb17e5988782dcf686e70f376729ef7706c68576de63c7b710,1,1,1,0,1,front_running,front_running,114,SolidiFI,C:\Users\Exauce\Documents\smart-contract-cgt\source\43b3a5495b7c935c55cc97f0d62111b5.sol
43bc3ebab0aab78bf7199e89a4b18f6e,0b1d45258b61dff302fe8da8a76826a23388dd089aaded3105905e06feb65bb0,0,1,0,1,1,front_running,,114,EthRacer,C:\Users\Exauce\Documents\smart-contract-cgt\source\43bc3ebab0aab78bf7199e89a4b18f6e.sol
43c8a1042c707ad22d199f162fd3f053,8b4bada906efdc8d78888dd9c71600b289992d72ed32fdb68b8d7cd1a263fb98,1,7,3,4,6,arithmetic|bad_randomness|denial_service|front_running|reentrancy|unchecked_low_calls,arithmetic|front_running|unchecked_low_calls,101|104|107|113|114|120,Zeus|eThor,C:\Users\Exauce\Documents\smart-contract-cgt\source\43c8a1042c707ad22d199f162fd3f053.sol
43c992f0a867437ffa835673b23b1750,509fb4a74964693501bb4ce6000d3ec37d4b88b3eeb4f59d8219d4e2fef1313f,1,5,1,4,4,bad_randomness|denial_service|reentrancy|unchecked_low_calls,unchecked_low_calls,104|107|113|120|128,CodeSmells,C:\Users\Exauce\Documents\smart-contract-cgt\source\43c992f0a867437ffa835673b23b1750.sol
43d3923988eeb9883af6936c366779fb,e3d8de0299b8d297ddf7165fa3052705617fb8beca137eff8ef8fe6ca3c93107,1,5,2,3,4,arithmetic|denial_service|reentrancy|unchecked_low_calls,arithmetic|denial_service,101|104|107|113,Zeus|eThor,C:\Users\Exauce\Documents\smart-contract-cgt\source\43d3923988eeb9883af6936c366779fb.sol
43ed6b5ec1c30671119d41652c50b580,ce902cd94a33bc4ff2a5d85bd6eb6b20ded13c86d6f5cf786b3676c09f9ceae9,0,5,0,5,4,bad_randomness|denial_service|reentrancy|unchecked_low_calls,,104|107|113|120|128,CodeSmells,C:\Users\Exauce\Documents\smart-contract-cgt\source\43ed6b5ec1c30671119d41652c50b580.sol
443a9936db89fcd58564460ecdc656c9,bc2a60dd47793ef4a41f031fdc9f9fada1298b7d8baa409a99a30b1c54d6679c,0,5,0,5,5,bad_randomness|denial_service|front_running|reentrancy|unchecked_low_calls,,104|107|113|114|120,Zeus,C:\Users\Exauce\Documents\smart-contract-cgt\source\443a9936db89fcd58564460ecdc656c9.sol
44ba57f429356abc817ed271a668b217,90455a12fdd089559283651d3bdb985623e364454dec86c8cf59f0b242bca062,0,5,0,5,4,bad_randomness|denial_service|reentrancy|unchecked_low_calls,,104|107|113|120|128,CodeSmells,C:\Users\Exauce\Documents\smart-contract-cgt\source\44ba57f429356abc817ed271a668b217.sol
44bf435f90bf407184dacca26c8aa8af,da9e23f189e5544803a249579f6164dc2a41c1aac990a1a075070faa53b2fabd,1,1,1,0,1,front_running,front_running,114,EthRacer,C:\Users\Exauce\Documents\smart-contract-cgt\source\44bf435f90bf407184dacca26c8aa8af.sol
44c58083b84c843b152ca7edba07f4d0,c332bb6903eb6a1e305deea00a74922669fb80d2a17ae47de4ced5021e035470,1,7,3,4,6,arithmetic|bad_randomness|denial_service|front_running|reentrancy|unchecked_low_calls,arithmetic|front_running|unchecked_low_calls,101|104|107|113|114|120,Zeus|eThor,C:\Users\Exauce\Documents\smart-contract-cgt\source\44c58083b84c843b152ca7edba07f4d0.sol
44cba5d7421fdb6273fc685c830d39b6,13b09c02afab2dc191ec5bbf653293025ed659f0f916695e17c198bb65bc144e,1,1,1,0,1,time_manipulation,time_manipulation,116,ContractFuzzer,C:\Users\Exauce\Documents\smart-contract-cgt\source\44cba5d7421fdb6273fc685c830d39b6.sol
44d089af2d6ecb00d0adc73b80077f27,fcdfe0d801dd7062b4180ab558deb86e25a9c255f2eec334512d32df1ae3f336,0,4,0,4,3,bad_randomness|denial_service|unchecked_low_calls,,104|113|120|128,CodeSmells,C:\Users\Exauce\Documents\smart-contract-cgt\source\44d089af2d6ecb00d0adc73b80077f27.sol
44d41394a8abf5045758e96244dd113e,c820d8bf21bd797a89a2f5c2f1d0afdbf1692a68d518160e393f535dacca3a53,0,5,0,5,4,bad_randomness|denial_service|reentrancy|unchecked_low_calls,,104|107|113|120|128,CodeSmells,C:\Users\Exauce\Documents\smart-contract-cgt\source\44d41394a8abf5045758e96244dd113e.sol
44f3138f3f458a9813e353ccb41514fb,bc24766d06d1ed334d43896c1f9df2cf0bce95def4cdb91bf9bb533c7087d241,0,1,0,1,1,arithmetic,,101,SWCregistry,C:\Users\Exauce\Documents\smart-contract-cgt\source\44f3138f3f458a9813e353ccb41514fb.sol
44fc11010c22e7ba1c2a16b04e71b072,fe4fa329f62a28078e6aacd9a84b2b8731cc632b0c41f22de0414b7635e4054d,1,7,1,6,6,arithmetic|bad_randomness|denial_service|front_running|reentrancy|unchecked_low_calls,arithmetic,101|104|107|113|114|120,Zeus|eThor,C:\Users\Exauce\Documents\smart-contract-cgt\source\44fc11010c22e7ba1c2a16b04e71b072.sol
4503365bc1a0e7b13bb667f14c14a3a3,9737450d58e99726821fd124e75a0d8a550925c39863e315a4a6bd8df19eaf84,0,5,0,5,4,bad_randomness|denial_service|reentrancy|unchecked_low_calls,,104|107|113|120|128,CodeSmells,C:\Users\Exauce\Documents\smart-contract-cgt\source\4503365bc1a0e7b13bb667f14c14a3a3.sol
45180feebe0c5be0bc8e0cf76f5eb5b1,d88dd8b55da339ca9bc2e2a78b0f078a4170b64b47f70b3534e293fe16612686,0,6,0,6,6,arithmetic|bad_randomness|denial_service|front_running|reentrancy|unchecked_low_calls,,101|104|107|113|114|120,Zeus,C:\Users\Exauce\Documents\smart-contract-cgt\source\45180feebe0c5be0bc8e0cf76f5eb5b1.sol
455ef78ef3aeff4e0a6d2041caf1e513,5c54cddb6ab135769a8c11449fae5e3aa4f40e55f54ecc4ffae2364fa7c1fcf0,0,5,0,5,4,bad_randomness|denial_service|reentrancy|unchecked_low_calls,,104|107|113|120|128,CodeSmells,C:\Users\Exauce\Documents\smart-contract-cgt\source\455ef78ef3aeff4e0a6d2041caf1e513.sol
456a52a9914e59f5792da15bde4a15c7,8eae51e57274efd8ddee5c7d5bdcdbb5672ca1a72306f07e2930678b124a1713,0,4,0,4,3,bad_randomness|denial_service|unchecked_low_calls,,104|113|120|128,CodeSmells,C:\Users\Exauce\Documents\smart-contract-cgt\source\456a52a9914e59f5792da15bde4a15c7.sol
4570e2ba095d9bba91882a67a4ee8fa9,4b397b358365b9531bec48d7a686f24c8d0ad838bb8e63eb545c0b2e4e3700f8,0,5,0,5,4,bad_randomness|denial_service|reentrancy|unchecked_low_calls,,104|107|113|120|128,CodeSmells,C:\Users\Exauce\Documents\smart-contract-cgt\source\4570e2ba095d9bba91882a67a4ee8fa9.sol
458ff0411154ff2e84102adfeab4c426,7d73bc9d819db34155c757e2d118b33752492ac0620dde3b19e5efcbd3a2c9b9,1,7,3,4,6,arithmetic|bad_randomness|denial_service|front_running|reentrancy|unchecked_low_calls,arithmetic|denial_service|reentrancy,101|104|107|113|114|120,Zeus|eThor,C:\Users\Exauce\Documents\smart-contract-cgt\source\458ff0411154ff2e84102adfeab4c426.sol
45a7580871f0ad7885cb9cda6b703a82,a1f93762e40aebe2075578ae12f8b0ed8742fc4f88644350f4ef933bf11853f2,1,1,1,0,1,unchecked_low_calls,unchecked_low_calls,104,SolidiFI,C:\Users\Exauce\Documents\smart-contract-cgt\source\45a7580871f0ad7885cb9cda6b703a82.sol
45b758da7253bdcd27669cac748b4946,c6cbd0f1c62a95e0774f7433845c14bc7660d1840bbfdf0fde80209a222ca656,1,1,1,0,1,time_manipulation,time_manipulation,116,ContractFuzzer,C:\Users\Exauce\Documents\smart-contract-cgt\source\45b758da7253bdcd27669cac748b4946.sol
45b9d04500a28204c14979c1ab5c6109,33a9bc4e42ae23cb76f22fc1457725049f8fa73b46ae6e6f1e145b062bf06642,1,7,4,3,6,arithmetic|bad_randomness|denial_service|front_running|reentrancy|unchecked_low_calls,denial_service|front_running|reentrancy,101|104|107|113|114|120,Zeus|eThor,C:\Users\Exauce\Documents\smart-contract-cgt\source\45b9d04500a28204c14979c1ab5c6109.sol
45be76962e8d92bf49a22f58074a4ecb,bb82f2b06c237bda992c4de247ece6321b92b1431f64439e54a1d0f1385731a9,1,6,1,5,6,arithmetic|bad_randomness|denial_service|front_running|reentrancy|unchecked_low_calls,arithmetic,101|104|107|113|114|120,Zeus,C:\Users\Exauce\Documents\smart-contract-cgt\source\45be76962e8d92bf49a22f58074a4ecb.sol
45c24011c68a85bea39d0e3760db60b1,176bd627309c12ad84156b059950df901baaa0355c12baad8bbe5f674d08f5e7,1,1,1,0,1,unchecked_low_calls,unchecked_low_calls,104,Doublade,C:\Users\Exauce\Documents\smart-contract-cgt\source\45c24011c68a85bea39d0e3760db60b1.sol
4610d6a3dd35306cb526d351b7ed1dd6,990c8b26814046f623064fe7a315d325f7ede56769f3b783b9c20bdbbc7c5002,1,1,1,0,1,front_running,front_running,114,SolidiFI,C:\Users\Exauce\Documents\smart-contract-cgt\source\4610d6a3dd35306cb526d351b7ed1dd6.sol
461f6a32e59e945b01245d69850202fe,645b5716807af93aaa923e0538aa4d3a85baea26f1e0c8c2b3d32dfc209dc2a0,1,5,2,3,4,bad_randomness|denial_service|reentrancy|unchecked_low_calls,denial_service,104|107|113|120|128,CodeSmells,C:\Users\Exauce\Documents\smart-contract-cgt\source\461f6a32e59e945b01245d69850202fe.sol
46b2f61235579f0b557bf95f18407ea8,d8d4731dc6f39210cbf8c06232f169d95e4088635b42969021c03b0ca9ef6ac5,0,1,0,1,1,reentrancy,,107,Doublade,C:\Users\Exauce\Documents\smart-contract-cgt\source\46b2f61235579f0b557bf95f18407ea8.sol
46d789c307099cc99ffb4ca5ae32cca1,558d34110658448c2661df79d84cf3831bd16b7eabc89c86edbeae1c61d103dd,0,1,0,1,1,front_running,,114,JiuZhou,C:\Users\Exauce\Documents\smart-contract-cgt\source\46d789c307099cc99ffb4ca5ae32cca1.sol
46f04ee476eda2c12de1ba1a08afae03,36aa72ce277b3d17d4e02290edfefecde7b00f508898fa7e2e59a75a20bc002a,1,1,1,0,1,bad_randomness,bad_randomness,120,ContractFuzzer,C:\Users\Exauce\Documents\smart-contract-cgt\source\46f04ee476eda2c12de1ba1a08afae03.sol
46f4c0ae675e251931dfa2ee6556b035,e154b874c2a25df27ef07858079e5a339aec9857ac9bb8b40339f163df2bcb46,1,1,1,0,1,time_manipulation,time_manipulation,116,SolidiFI,C:\Users\Exauce\Documents\smart-contract-cgt\source\46f4c0ae675e251931dfa2ee6556b035.sol
46f6c6be760eac4aa126443132e4aeef,bc94f65d5b3d47ae861e266b1e4ec295cd5752cb719d749e770d1174e8b99a00,1,6,1,5,6,arithmetic|bad_randomness|denial_service|front_running|reentrancy|unchecked_low_calls,arithmetic,101|104|107|113|114|120,Zeus,C:\Users\Exauce\Documents\smart-contract-cgt\source\46f6c6be760eac4aa126443132e4aeef.sol
4703a8f7b7da3f307b26c9344414169c,252e6038b396161b46b7fc54da7094968b4047b0c0d9869ca13ef0166809c69e,1,1,1,0,1,denial_service,denial_service,113,Doublade,C:\Users\Exauce\Documents\smart-contract-cgt\source\4703a8f7b7da3f307b26c9344414169c.sol
471d02f9356b1d94fe0a8a90bd304c09,f3e90628523a858f9563ec2904369dfeded372bacb4f1d1e621159a750259fb9,1,7,3,4,6,arithmetic|bad_randomness|denial_service|front_running|reentrancy|unchecked_low_calls,arithmetic|denial_service|reentrancy,101|104|107|113|114|120,Zeus|eThor,C:\Users\Exauce\Documents\smart-contract-cgt\source\471d02f9356b1d94fe0a8a90bd304c09.sol
474df9461fb90b735097949641cb94ca,b102e2840725c4875fb50a1ba1a5e4b7de3d69961c2f15517a5ed36e654d7077,0,7,0,7,6,arithmetic|bad_randomness|denial_service|front_running|reentrancy|unchecked_low_calls,,101|104|107|113|114|120,Zeus|eThor,C:\Users\Exauce\Documents\smart-contract-cgt\source\474df9461fb90b735097949641cb94ca.sol
474fd50d8f284b1ac8bd207b0229169c,593339bd979792b01dbb96059dab41190cd2787fe4abac7f67476203507d6c17,0,5,0,5,4,bad_randomness|denial_service|reentrancy|unchecked_low_calls,,104|107|113|120|128,CodeSmells,C:\Users\Exauce\Documents\smart-contract-cgt\source\474fd50d8f284b1ac8bd207b0229169c.sol
475aeb7e13a95a1c3e93f785f8a56932,74a3709d66c106446156b69e20dc754a50140a9da6c2f62afda5e0f9d890f5e3,1,7,3,4,6,arithmetic|bad_randomness|denial_service|front_running|reentrancy|unchecked_low_calls,arithmetic|denial_service|reentrancy,101|104|107|113|114|120,Zeus|eThor,C:\Users\Exauce\Documents\smart-contract-cgt\source\475aeb7e13a95a1c3e93f785f8a56932.sol
475db6c409435c3732f48f2e1edb2e62,e2e673d5cb68b7cbaf5748980c01179e4a58f8c82fd37435fca7d61309437c81,0,5,0,5,4,bad_randomness|denial_service|reentrancy|unchecked_low_calls,,104|107|113|120|128,CodeSmells,C:\Users\Exauce\Documents\smart-contract-cgt\source\475db6c409435c3732f48f2e1edb2e62.sol
47aace6c2e42b0f7ca92f1b8579ae8e3,e32a34792aa41e4213799cc0203ff14210087815f60a6bb8a25db8908113473c,0,1,0,1,1,front_running,,114,EthRacer,C:\Users\Exauce\Documents\smart-contract-cgt\source\47aace6c2e42b0f7ca92f1b8579ae8e3.sol
47af77101e987ad95522794a53eca146,0727424e58e1c3a7021ef6702a1309128d7ffb29969330b9bcaba7ad331daab9,1,1,1,0,1,denial_service,denial_service,113,Doublade,C:\Users\Exauce\Documents\smart-contract-cgt\source\47af77101e987ad95522794a53eca146.sol
47e84da9506ce216ffa8f7e6a8c64037,4e9ec0660ca615391c8920fe75527713fc0768febce0c157cf0fa95715bc6bd3,1,8,3,5,6,arithmetic|bad_randomness|denial_service|front_running|reentrancy|unchecked_low_calls,arithmetic|denial_service|unchecked_low_calls,101|104|107|113|114|120,ContractFuzzer|Zeus|eThor,C:\Users\Exauce\Documents\smart-contract-cgt\source\47e84da9506ce216ffa8f7e6a8c64037.sol
47f80bd0a847176738cf787ab46f3a1a,3fba0c76116d7f6a174cbbfea1f1e576aac00eddf876cb6de4acc897935c03eb,0,1,0,1,1,denial_service,,113,Doublade,C:\Users\Exauce\Documents\smart-contract-cgt\source\47f80bd0a847176738cf787ab46f3a1a.sol
48118c2b5ab26f5b2aab1b59352547b4,82dde795632d146b807a23631d1453eae9f5401eda4ae4a54b825fadc64efd6b,1,1,1,0,1,unchecked_low_calls,unchecked_low_calls,104,SolidiFI,C:\Users\Exauce\Documents\smart-contract-cgt\source\48118c2b5ab26f5b2aab1b59352547b4.sol
4846f8f5778f8a8c711cf8b98c8a1d1f,8155abc3241b97d3a3365fe96847dc5ef614014ed20b67d61d5f2b7ddbf74dac,1,6,1,5,6,arithmetic|bad_randomness|denial_service|front_running|reentrancy|unchecked_low_calls,arithmetic,101|104|107|113|114|120,Zeus,C:\Users\Exauce\Documents\smart-contract-cgt\source\4846f8f5778f8a8c711cf8b98c8a1d1f.sol
4877e2f7dadffda792371279420fcf4d,992037e5557bbc4c4482336c6a948273e09ce48c2fa4359879db42ddc6946a08,1,7,3,4,6,arithmetic|bad_randomness|denial_service|front_running|reentrancy|unchecked_low_calls,arithmetic|denial_service|reentrancy,101|104|107|113|114|120,Zeus|eThor,C:\Users\Exauce\Documents\smart-contract-cgt\source\4877e2f7dadffda792371279420fcf4d.sol
48999cb3c34ed7529da2ac0ceb045027,489427d6ad15f78665980cc38e75f6be2b86508b40f46cf9c26eb1c99e46c28f,1,1,1,0,1,arithmetic,arithmetic,101,EverEvolvingG,C:\Users\Exauce\Documents\smart-contract-cgt\source\48999cb3c34ed7529da2ac0ceb045027.sol
4937d757829b8e134bb0c438a3f20a4e,551437d757e120f923ea4a770ede1f9b48be7b33a05309f230cb350a5e3ff7e8,1,6,1,5,6,arithmetic|bad_randomness|denial_service|front_running|reentrancy|unchecked_low_calls,arithmetic,101|104|107|113|114|120,Zeus,C:\Users\Exauce\Documents\smart-contract-cgt\source\4937d757829b8e134bb0c438a3f20a4e.sol
496d4aaf2411621a61975ed7495b426a,d1aacef45c982dfa663cc009ef64f8ba10e2abf4cec0a32452621e27289f41f9,1,1,1,0,1,unchecked_low_calls,unchecked_low_calls,104,SBcurated,C:\Users\Exauce\Documents\smart-contract-cgt\source\496d4aaf2411621a61975ed7495b426a.sol
49710ae4e816cb4c6723743f6a554e66,83b04d84ca4ac4e4ba369a2050358ce330b294caa934c1f64bf309748562c450,1,7,3,4,6,arithmetic|bad_randomness|denial_service|front_running|reentrancy|unchecked_low_calls,arithmetic|front_running|unchecked_low_calls,101|104|107|113|114|120,Zeus|eThor,C:\Users\Exauce\Documents\smart-contract-cgt\source\49710ae4e816cb4c6723743f6a554e66.sol
4987b286e30390f922e3c89ce5ba0ca7,c4fa0e038aea4be2a38b3eb8ccc307f1afc687673cda0056573e9ee5ef8b768a,1,7,4,3,6,arithmetic|bad_randomness|denial_service|front_running|reentrancy|unchecked_low_calls,arithmetic|denial_service|front_running|unchecked_low_calls,101|104|107|113|114|120,Zeus|eThor,C:\Users\Exauce\Documents\smart-contract-cgt\source\4987b286e30390f922e3c89ce5ba0ca7.sol
49a5e5d19298b393cd12fda2cb9f35a8,26c2b1fe145aab83eacaa34a0a727f6f02fa57ad9e37f9dc5514b7d25eac4904,1,7,3,4,6,arithmetic|bad_randomness|denial_service|front_running|reentrancy|unchecked_low_calls,arithmetic|front_running|unchecked_low_calls,101|104|107|113|114|120,Zeus|eThor,C:\Users\Exauce\Documents\smart-contract-cgt\source\49a5e5d19298b393cd12fda2cb9f35a8.sol
49b008a98db67fa0903102c6bb3115ef,5acc77eb0c6b21eb9b6cc4d18bc29381e026dfa5743f1477b26fa48eec198d68,1,10,1,9,6,arithmetic|bad_randomness|denial_service|front_running|reentrancy|unchecked_low_calls,denial_service,101|104|107|113|114|120|128,CodeSmells|Zeus,C:\Users\Exauce\Documents\smart-contract-cgt\source\49b008a98db67fa0903102c6bb3115ef.sol
49db1e055853dcf78e984d206a4726e2,a7b34ad9f6e4ab04d4a095ea3db1ea686691e1e8b9f3d1898b9c25eab4c033e8,0,6,0,6,4,bad_randomness|denial_service|reentrancy|unchecked_low_calls,,104|107|113|120|128,CodeSmells|Doublade,C:\Users\Exauce\Documents\smart-contract-cgt\source\49db1e055853dcf78e984d206a4726e2.sol
4a4837d1c628fae97c22d8bb39b40fbd,9702c47f864223a56815a0612f0b7d6f6d7cea243057c104c9b9d625ed0e8cdc,0,1,0,1,1,reentrancy,,107,JiuZhou,C:\Users\Exauce\Documents\smart-contract-cgt\source\4a4837d1c628fae97c22d8bb39b40fbd.sol
4a59c04698042db1d88c51de8ae1e12d,000bd69647dff25cbae8f12ee65b4623ee644270e5e958c40a059d3dcced4c5f,1,1,1,0,1,arithmetic,arithmetic,101,SolidiFI,C:\Users\Exauce\Documents\smart-contract-cgt\source\4a59c04698042db1d88c51de8ae1e12d.sol
4a843f27752b3582681f84950c5c7acd,40c8aebf1940da1280c05b0f76f7086eb91c2f94bb1de81938cf7fe80a5108cc,0,5,0,5,4,bad_randomness|denial_service|reentrancy|unchecked_low_calls,,104|107|113|120|128,CodeSmells,C:\Users\Exauce\Documents\smart-contract-cgt\source\4a843f27752b3582681f84950c5c7acd.sol
4a8ad8abdf7a15686fc1e8827aaf81c6,31bfc04b17713dff1c05f37685852f5e6080e8591b85c29292cd50394de5a25e,1,7,3,4,6,arithmetic|bad_randomness|denial_service|front_running|reentrancy|unchecked_low_calls,arithmetic|front_running|unchecked_low_calls,101|104|107|113|114|120,Zeus|eThor,C:\Users\Exauce\Documents\smart-contract-cgt\source\4a8ad8abdf7a15686fc1e8827aaf81c6.sol
4adce7d18ea22e9f5fd224269e0baad2,5537cb8ca079dbd22a34456c8aad40b43f4e6478f2431dab577368cf960821d1,1,10,2,8,6,arithmetic|bad_randomness|denial_service|front_running|reentrancy|unchecked_low_calls,arithmetic|front_running,101|104|107|113|114|120|128,CodeSmells|Zeus,C:\Users\Exauce\Documents\smart-contract-cgt\source\4adce7d18ea22e9f5fd224269e0baad2.sol
4af4c7be0ccdbb664018b109b1517ea9,730850f21d4d412c03f07ab4432f4c23c9701eefded20ce9ccfa0387d7775e90,1,7,3,4,6,arithmetic|bad_randomness|denial_service|front_running|reentrancy|unchecked_low_calls,arithmetic|front_running|unchecked_low_calls,101|104|107|113|114|120,Zeus|eThor,C:\Users\Exauce\Documents\smart-contract-cgt\source\4af4c7be0ccdbb664018b109b1517ea9.sol
4b16e58a03cb2617afa2b4cf66fbe3c7,2db48aa8d78ab024dbf91e7215c79173b10d5796d2e397f0fad3b211a93d04c1,0,5,0,5,4,bad_randomness|denial_service|reentrancy|unchecked_low_calls,,104|107|113|120|128,CodeSmells,C:\Users\Exauce\Documents\smart-contract-cgt\source\4b16e58a03cb2617afa2b4cf66fbe3c7.sol
4b219ca3cdc073d64751e2140c27dbca,cc0ead473b77fee57a138e2411481e048cb559498331f3d7fd16d138f57552f1,0,7,0,7,6,arithmetic|bad_randomness|denial_service|front_running|reentrancy|unchecked_low_calls,,101|104|107|113|114|120,Zeus|eThor,C:\Users\Exauce\Documents\smart-contract-cgt\source\4b219ca3cdc073d64751e2140c27dbca.sol
4b24b03ac448d5a256ace0100f735714,f05f98e31d9dadca69f40bb7fff85130f5b2f2e91a4e0c08b38ac8a610586ddb,1,1,1,0,1,front_running,front_running,114,SolidiFI,C:\Users\Exauce\Documents\smart-contract-cgt\source\4b24b03ac448d5a256ace0100f735714.sol
4b30d231714d6fea2d93b281095f8cd5,b44853502a122e16d9e00e92e425a946e62fca7b8c3fc92259409c5d6a165c22,1,7,3,4,6,arithmetic|bad_randomness|denial_service|front_running|reentrancy|unchecked_low_calls,arithmetic|front_running|unchecked_low_calls,101|104|107|113|114|120,Zeus|eThor,C:\Users\Exauce\Documents\smart-contract-cgt\source\4b30d231714d6fea2d93b281095f8cd5.sol
4b5a3982a516ce37927c255f5a1039de,c3027ae80e6e67c3a739344b337adacf4097eeada4e54747eb6ccd8d4b1f509c,1,2,2,0,1,denial_service,denial_service,113,Doublade,C:\Users\Exauce\Documents\smart-contract-cgt\source\4b5a3982a516ce37927c255f5a1039de.sol
4b764a6ddfa7867814b99051364679d5,b47b984183da8aaeb44c06ef31bfdaa94ea5bb3edad9064e3aa6b2fbb22a2582,1,1,1,0,1,front_running,front_running,114,SolidiFI,C:\Users\Exauce\Documents\smart-contract-cgt\source\4b764a6ddfa7867814b99051364679d5.sol
4b8c2ca766f6ab305ab875543a436e94,464341b57ea003613f1d53498d7716b83e6f6e8c7f33a3b555e0f362e7fc6534,0,5,0,5,4,bad_randomness|denial_service|reentrancy|unchecked_low_calls,,104|107|113|120|128,CodeSmells,C:\Users\Exauce\Documents\smart-contract-cgt\source\4b8c2ca766f6ab305ab875543a436e94.sol
4ba742ea146ccabe52097cf7bfa3452e,106b2c7328a6d1c04b46eeb96411cec3d39ea0661cce513ecadace3ce2277904,0,1,0,1,1,arithmetic,,101,JiuZhou,C:\Users\Exauce\Documents\smart-contract-cgt\source\4ba742ea146ccabe52097cf7bfa3452e.sol
4baad7e475a357dd8d7580d3be0afc02,8f52a692dc9fa54032da026c96c77437ec9768581c54bfef6bd4b0c7a83d1984,0,5,0,5,4,bad_randomness|denial_service|reentrancy|unchecked_low_calls,,104|107|113|120|128,CodeSmells,C:\Users\Exauce\Documents\smart-contract-cgt\source\4baad7e475a357dd8d7580d3be0afc02.sol
4bb106fb0ac2255a5f7dc99a61d31109,fa374dcb8be9a77fef0ae8e69ee6672953b9cfd2daf169cb902d04972a4e1c56,1,7,3,4,6,arithmetic|bad_randomness|denial_service|front_running|reentrancy|unchecked_low_calls,arithmetic|front_running|unchecked_low_calls,101|104|107|113|114|120,Zeus|eThor,C:\Users\Exauce\Documents\smart-contract-cgt\source\4bb106fb0ac2255a5f7dc99a61d31109.sol
4bc3ac502d6cf70ba84eb9dba6a1c6e6,48a800528373b268fcfab09dc3a2c2598e40c7306246f31ef9ce80d5f9a38663,0,5,0,5,4,bad_randomness|denial_service|reentrancy|unchecked_low_calls,,104|107|113|120|128,CodeSmells,C:\Users\Exauce\Documents\smart-contract-cgt\source\4bc3ac502d6cf70ba84eb9dba6a1c6e6.sol
4bc56bce034eb7740b04a293d1f8a072,3a0ce5794941c0649b89b5ce7f88615fa950ce58c182402519835a679e602b15,1,1,1,0,1,front_running,front_running,114,EthRacer,C:\Users\Exauce\Documents\smart-contract-cgt\source\4bc56bce034eb7740b04a293d1f8a072.sol
4bdbef3760c7ba1d90d40bab480ab421,2b9329654fb33123feeb071af7d5831db3261c8680971a40bb14d1938c761558,1,7,3,4,6,arithmetic|bad_randomness|denial_service|front_running|reentrancy|unchecked_low_calls,arithmetic|front_running|unchecked_low_calls,101|104|107|113|114|120,Zeus|eThor,C:\Users\Exauce\Documents\smart-contract-cgt\source\4bdbef3760c7ba1d90d40bab480ab421.sol
4c21e6e8148e98a3d880340c758d9668,fc50173dea73fa372b87c06fba0f54a94679c696453657293c46b79f3e1e17fb,1,7,3,4,6,arithmetic|bad_randomness|denial_service|front_running|reentrancy|unchecked_low_calls,arithmetic|front_running|unchecked_low_calls,101|104|107|113|114|120,Zeus|eThor,C:\Users\Exauce\Documents\smart-contract-cgt\source\4c21e6e8148e98a3d880340c758d9668.sol
4c7eda457bb013264b3a749886513cbf,cd051f21a5b97603b9ff11095200a6be13e6fcfcd84758f560da31b89b560c0f,1,5,1,4,5,bad_randomness|denial_service|front_running|reentrancy|unchecked_low_calls,unchecked_low_calls,104|107|113|114|120,NPChecker,C:\Users\Exauce\Documents\smart-contract-cgt\source\4c7eda457bb013264b3a749886513cbf.sol
4c920c9cefd9145883d34f280b7eefb1,c1b3d6fc605901c39f695dc993f35883237371299cae88945ff648837efc47b6,1,7,1,6,6,arithmetic|bad_randomness|denial_service|front_running|reentrancy|unchecked_low_calls,reentrancy,101|104|107|113|114|120,Zeus|eThor,C:\Users\Exauce\Documents\smart-contract-cgt\source\4c920c9cefd9145883d34f280b7eefb1.sol
4c924e28a1fafd086b8e16367d51364b,236eee0ad35c2785b4a00549b59a296cbc698b9f4a4cd1c806c77b4856fe6016,1,6,1,5,6,arithmetic|bad_randomness|denial_service|front_running|reentrancy|unchecked_low_calls,arithmetic,101|104|107|113|114|120,Zeus,C:\Users\Exauce\Documents\smart-contract-cgt\source\4c924e28a1fafd086b8e16367d51364b.sol
4cb0147e085a037e42dd892923e23214,1d72db7e11c44b05b689e6e2edeae8ce9c0fff5758604423b812fd1e85ba1f55,1,1,1,0,1,time_manipulation,time_manipulation,116,ContractFuzzer,C:\Users\Exauce\Documents\smart-contract-cgt\source\4cb0147e085a037e42dd892923e23214.sol
4cb3e244ca466b3e654ec5d16cbd5025,3bde9c359d466c4326a6086b02afec0e1848ef80dad04bfe96728c1de488d5a1,0,1,0,1,1,denial_service,,113,Doublade,C:\Users\Exauce\Documents\smart-contract-cgt\source\4cb3e244ca466b3e654ec5d16cbd5025.sol
4cba07901d5977d051b652e5cdb714ad,b7a9d2fe8721d31b0d06d2e6969a210e24556037657a8d8cc3cb31725fc90196,0,1,0,1,1,arithmetic,,101,SWCregistry,C:\Users\Exauce\Documents\smart-contract-cgt\source\4cba07901d5977d051b652e5cdb714ad.sol
4d21a7d08a972e86ec2a81a4d529a842,97a130bc6ee7a5cca36ed458a1dbe836322f821330c89a9736d3d58226e8a60e,1,5,1,4,5,arithmetic|bad_randomness|front_running|reentrancy|unchecked_low_calls,arithmetic,101|104|107|114|120,Zeus,C:\Users\Exauce\Documents\smart-contract-cgt\source\4d21a7d08a972e86ec2a81a4d529a842.sol
4d260e06d4353d45acea48b899368753,cdb8368c2e6c3f046cb18209f5781506f1f119d3e909755138fb5cec35cbed11,1,1,1,0,1,bad_randomness,bad_randomness,120,ContractFuzzer,C:\Users\Exauce\Documents\smart-contract-cgt\source\4d260e06d4353d45acea48b899368753.sol
4d26bfa92a6c9e846e1d7a0e08fb1c39,fb4651a84434879ee45dff0808fb99541ca88dc33b99a5c4ff37144c3cfbcd3c,0,7,0,7,6,arithmetic|bad_randomness|denial_service|front_running|reentrancy|unchecked_low_calls,,101|104|107|113|114|120,Zeus|eThor,C:\Users\Exauce\Documents\smart-contract-cgt\source\4d26bfa92a6c9e846e1d7a0e08fb1c39.sol
4d2898df6a73eb50fcdee04517c6f4d9,02f26c9f969329a4ee0e88a5a785e384d710f53003ccfe9b91a6dc0ca29664fa,0,7,0,7,6,arithmetic|bad_randomness|denial_service|front_running|reentrancy|unchecked_low_calls,,101|104|107|113|114|120,Zeus|eThor,C:\Users\Exauce\Documents\smart-contract-cgt\source\4d2898df6a73eb50fcdee04517c6f4d9.sol
4d326e34683da42bfc493fcca631cb1d,cb13463cfa115b52168f5386924e0e2b98cf49861db4122ff7d3b65f62fa4289,1,1,1,0,1,arithmetic,arithmetic,101,SolidiFI,C:\Users\Exauce\Documents\smart-contract-cgt\source\4d326e34683da42bfc493fcca631cb1d.sol
4d756a8860f5854c431cb00d3d76aa08,809475c0e401cd1c2d62b7a859b549533680a8c26e27deb160117bacebf93798,0,5,0,5,5,bad_randomness|denial_service|front_running|reentrancy|unchecked_low_calls,,104|107|113|114|120,NPChecker,C:\Users\Exauce\Documents\smart-contract-cgt\source\4d756a8860f5854c431cb00d3d76aa08.sol
4d92062bdba141f799776a738f8edfba,7afaab23f184771ec336efb68be9a5c1ec0fb8bca87f95eac6710dffb1be6e33,0,7,0,7,6,arithmetic|bad_randomness|denial_service|front_running|reentrancy|unchecked_low_calls,,101|104|107|113|114|120,Zeus|eThor,C:\Users\Exauce\Documents\smart-contract-cgt\source\4d92062bdba141f799776a738f8edfba.sol
4db5297dd03600f6305aecb468df8d48,ac2cf08a6c281b988ad0a29c45d20ef90762ea865d2eb7334bfe42f1719dec10,0,6,0,6,6,arithmetic|bad_randomness|denial_service|front_running|reentrancy|unchecked_low_calls,,101|104|107|113|114|120,Zeus,C:\Users\Exauce\Documents\smart-contract-cgt\source\4db5297dd03600f6305aecb468df8d48.sol
4de8b097756e218e5f242e6e055fb965,4731a98c6a6246642561cef3f0d967df873382103eb016f2880dcc6b397532a2,1,6,1,5,6,arithmetic|bad_randomness|denial_service|front_running|reentrancy|unchecked_low_calls,arithmetic,101|104|107|113|114|120,Zeus,C:\Users\Exauce\Documents\smart-contract-cgt\source\4de8b097756e218e5f242e6e055fb965.sol
4e545b5752909122d4322b1b9dfed389,f158c0a20364000e2f95fd6897cac7bcc2d27f6c52595ba8cd17e59fa9dc8cd2,1,6,1,5,6,arithmetic|bad_randomness|denial_service|front_running|reentrancy|unchecked_low_calls,arithmetic,101|104|107|113|114|120,Zeus,C:\Users\Exauce\Documents\smart-contract-cgt\source\4e545b5752909122d4322b1b9dfed389.sol
4e549dc1a7f59c779ab614437fd6c26d,d103cbf807895927842b100207c463e28324b9fc7fe0144252dd2707b503aaa2,1,1,1,0,1,bad_randomness,bad_randomness,120,SBcurated,C:\Users\Exauce\Documents\smart-contract-cgt\source\4e549dc1a7f59c779ab614437fd6c26d.sol
4eb8318edb52c3957b1f43106a480c27,5fb92c0af76e28602f1692265ae84e04e80922c5f2fd0ba47eea4ee4d6c3c6b8,1,7,3,4,6,arithmetic|bad_randomness|denial_service|front_running|reentrancy|unchecked_low_calls,arithmetic|front_running|unchecked_low_calls,101|104|107|113|114|120,Zeus|eThor,C:\Users\Exauce\Documents\smart-contract-cgt\source\4eb8318edb52c3957b1f43106a480c27.sol
4ec4bd45fce75d2488ec8a999872ba88,a99d78ce4ffe18cb7e42a8b384d8434fb4b2d6a618e3269d086a689a2ea33fb0,0,6,0,6,6,arithmetic|bad_randomness|denial_service|front_running|reentrancy|unchecked_low_calls,,101|104|107|113|114|120,Zeus,C:\Users\Exauce\Documents\smart-contract-cgt\source\4ec4bd45fce75d2488ec8a999872ba88.sol
4ecd7575165cbb435173923a17c1a0f9,de4ba0b020c45874ad13e2d231f05e6e24b621a39d9d9c59c50c9a74ed466773,0,1,0,1,1,reentrancy,,107,Doublade,C:\Users\Exauce\Documents\smart-contract-cgt\source\4ecd7575165cbb435173923a17c1a0f9.sol
4f0ca43c1a21b93e19cb058ce8ff6397,9f6dbf75bbfa87a036ad38efe092d44d9d19a519f3611e85dda13712e8737611,1,1,1,0,1,unchecked_low_calls,unchecked_low_calls,104,SolidiFI,C:\Users\Exauce\Documents\smart-contract-cgt\source\4f0ca43c1a21b93e19cb058ce8ff6397.sol
4f87729005429b2dd44d0a12a82719ca,672c467a5761cb724380ef7b01848c462a5ece8257ab85e1d6473a8fe4d72eab,1,1,1,0,1,denial_service,denial_service,113,Doublade,C:\Users\Exauce\Documents\smart-contract-cgt\source\4f87729005429b2dd44d0a12a82719ca.sol
4f9b5b5d60768a1736cf6cf25d77a0e6,8f94dd2542fc96b5aefd0705d655d32bdd346ca73c4189c7623f8806c084fb32,1,6,1,5,6,arithmetic|bad_randomness|denial_service|front_running|reentrancy|unchecked_low_calls,arithmetic,101|104|107|113|114|120,Zeus,C:\Users\Exauce\Documents\smart-contract-cgt\source\4f9b5b5d60768a1736cf6cf25d77a0e6.sol
4fb5663e0a951b25acbe22766b9211ee,12b2e541e72668772982bce194dda0c9414e1fa6464564cc3a5910148487746a,1,7,3,4,6,arithmetic|bad_randomness|denial_service|front_running|reentrancy|unchecked_low_calls,arithmetic|front_running|unchecked_low_calls,101|104|107|113|114|120,Zeus|eThor,C:\Users\Exauce\Documents\smart-contract-cgt\source\4fb5663e0a951b25acbe22766b9211ee.sol
4fc2d04a108917aa56278da236c05e7d,f987286700cbc17f7af4f5daba9c8f0d99e86b363357a46101d38ad79ab5da07,1,5,2,3,5,arithmetic|bad_randomness|denial_service|front_running|unchecked_low_calls,arithmetic|front_running,101|104|113|114|120,Zeus,C:\Users\Exauce\Documents\smart-contract-cgt\source\4fc2d04a108917aa56278da236c05e7d.sol
4fd0fcf0caa740f70d8a6b6aa9a65f4a,0b1dee6084d7e7375b91d5018e100cad8a035588cbae52c05fb3813b15c23c52,0,3,0,3,3,bad_randomness|front_running|unchecked_low_calls,,104|114|120,Zeus,C:\Users\Exauce\Documents\smart-contract-cgt\source\4fd0fcf0caa740f70d8a6b6aa9a65f4a.sol
4fffadca66a6ad694363e5362aa13866,9ebd30c77f0495bcc68ae6c3922ad963bf22833b20661eb02aa16abd00605ab5,1,7,1,6,6,arithmetic|bad_randomness|denial_service|front_running|reentrancy|unchecked_low_calls,arithmetic,101|104|107|113|114|120,Zeus|eThor,C:\Users\Exauce\Documents\smart-contract-cgt\source\4fffadca66a6ad694363e5362aa13866.sol
504d2a0ec5897ff5fa31ab8b5d829f3a,c5d59d48b4b02c65ff1ead38da02183d6fe9dafabf825c01ec774dee0cdb8ccf,0,5,0,5,4,bad_randomness|denial_service|reentrancy|unchecked_low_calls,,104|107|113|120|128,CodeSmells,C:\Users\Exauce\Documents\smart-contract-cgt\source\504d2a0ec5897ff5fa31ab8b5d829f3a.sol
50522779e64af4857297e9f837549720,ce921919bc9bb993e2bb78eb5be5503b92c080a03f56b130c9df327a09502e50,1,5,2,3,5,arithmetic|bad_randomness|denial_service|front_running|unchecked_low_calls,arithmetic|front_running,101|104|113|114|120,Zeus,C:\Users\Exauce\Documents\smart-contract-cgt\source\50522779e64af4857297e9f837549720.sol
5060e296f9404f4a1612d90192c94ce1,fc9898d3857a61973c63a1e7fe6e2138102eaf5209b63be75e6fc16f697a9a4b,1,1,1,0,1,front_running,front_running,114,EthRacer,C:\Users\Exauce\Documents\smart-contract-cgt\source\5060e296f9404f4a1612d90192c94ce1.sol
5060fb699df2243a31ad4202d46bf609,f54f2bd12d094ada0430f7a4a277fdc83afe525959fbfa441d3bdf20bc6f5499,1,11,6,5,6,arithmetic|bad_randomness|denial_service|front_running|reentrancy|unchecked_low_calls,arithmetic|bad_randomness|denial_service|front_running|unchecked_low_calls,101|104|107|113|114|120|128,CodeSmells|Zeus|eThor,C:\Users\Exauce\Documents\smart-contract-cgt\source\5060fb699df2243a31ad4202d46bf609.sol
50727b534ff281847bf6f36c54081578,1fb7c08062907202a7c7d08de47e78959512b50870946bd0b0bd2951f850ba3e,1,1,1,0,1,front_running,front_running,114,EthRacer,C:\Users\Exauce\Documents\smart-contract-cgt\source\50727b534ff281847bf6f36c54081578.sol
50d22d4d3f3830c8fd94382a9bd2d98b,2193b7a71a6b1c97174c05caf044eb90fb838cb34ccf61d2dba3b7532f46e7c1,0,5,0,5,4,bad_randomness|denial_service|reentrancy|unchecked_low_calls,,104|107|113|120|128,CodeSmells,C:\Users\Exauce\Documents\smart-contract-cgt\source\50d22d4d3f3830c8fd94382a9bd2d98b.sol
51118a00c4fbf06d8cad50ec7ae50046,7275cb6b3d74b67643c751e78a690f19d263110e4f8a57ca4a6100b03d23b6bb,1,1,1,0,1,front_running,front_running,114,SolidiFI,C:\Users\Exauce\Documents\smart-contract-cgt\source\51118a00c4fbf06d8cad50ec7ae50046.sol
5114069476ba978d5ae1d0663e003f64,54b6fe881570836bbb030b23601ce29ec7c71fea1155279f4adb504da8c5821a,0,5,0,5,4,bad_randomness|denial_service|reentrancy|unchecked_low_calls,,104|107|113|120|128,CodeSmells,C:\Users\Exauce\Documents\smart-contract-cgt\source\5114069476ba978d5ae1d0663e003f64.sol
511531ba03b3cff280ab70a3a0dd96a6,9d57ee432e336927064276a478dd5b47d8463ae857bdaeda2ae88d67e6227a20,0,6,0,6,6,arithmetic|bad_randomness|denial_service|front_running|reentrancy|unchecked_low_calls,,101|104|107|113|114|120,Zeus,C:\Users\Exauce\Documents\smart-contract-cgt\source\511531ba03b3cff280ab70a3a0dd96a6.sol
512452623f798d3e6d048296a8c14bbd,7eabede082705744161094d5530e39df6557f7199e494ace36b90e3d9e255dce,1,1,1,0,1,unchecked_low_calls,unchecked_low_calls,104,SolidiFI,C:\Users\Exauce\Documents\smart-contract-cgt\source\512452623f798d3e6d048296a8c14bbd.sol
5127222b1f84a1ede88ab73cf21531c1,9583dcafef1e4df487ae7b37f799a9fbec2d7c3fd9f23058ef64200f7481c1c9,1,7,3,4,6,arithmetic|bad_randomness|denial_service|front_running|reentrancy|unchecked_low_calls,arithmetic|denial_service|reentrancy,101|104|107|113|114|120,Zeus|eThor,C:\Users\Exauce\Documents\smart-contract-cgt\source\5127222b1f84a1ede88ab73cf21531c1.sol
5132a87a9e1ffe758aabb688e78013b5,d664eff79a3e824eef5bcb02b1b8617974fb80e5319c22058abb170a4db52974,1,6,2,4,6,arithmetic|bad_randomness|denial_service|front_running|reentrancy|unchecked_low_calls,denial_service|reentrancy,101|104|107|113|114|120,Zeus,C:\Users\Exauce\Documents\smart-contract-cgt\source\5132a87a9e1ffe758aabb688e78013b5.sol
513fc960972bc7d29aeb3ee6ee5a96b9,0e456201363a5e4715634e5c729aa2f697323a014b105f28a4271c1af381a985,1,1,1,0,1,denial_service,denial_service,113,Doublade,C:\Users\Exauce\Documents\smart-contract-cgt\source\513fc960972bc7d29aeb3ee6ee5a96b9.sol
5150a00256416bf6b30465144a623e40,22d6d8e097495323afa566b10553aa786a81492e36ae7cb32e7efe616716b70e,1,7,3,4,6,arithmetic|bad_randomness|denial_service|front_running|reentrancy|unchecked_low_calls,arithmetic|bad_randomness|denial_service,101|104|107|113|114|120,Zeus|eThor,C:\Users\Exauce\Documents\smart-contract-cgt\source\5150a00256416bf6b30465144a623e40.sol
5156ae9d80a0f2c59f2cb9f4fe8b6f08,7912ca4231c7d0c31c3f6de87235846fdaaea49700e3d8c6a5b4df605b87d44c,0,5,0,5,4,bad_randomness|denial_service|reentrancy|unchecked_low_calls,,104|107|113|120|128,CodeSmells,C:\Users\Exauce\Documents\smart-contract-cgt\source\5156ae9d80a0f2c59f2cb9f4fe8b6f08.sol
5169cb5942918e0f6ef93de6d075392d,148657b625a0a3e0f5972026b4a671094e9273df3d04be6eecb10ba18016ff7c,0,5,0,5,4,bad_randomness|denial_service|reentrancy|unchecked_low_calls,,104|107|113|120|128,CodeSmells,C:\Users\Exauce\Documents\smart-contract-cgt\source\5169cb5942918e0f6ef93de6d075392d.sol
516f52616877ecbbd0c2d5d87ed5fcc9,00ed440f685abb466caf13085fd1f13ababf21814eadd8ccaf46d84291c66233,0,5,0,5,4,bad_randomness|denial_service|reentrancy|unchecked_low_calls,,104|107|113|120|128,CodeSmells,C:\Users\Exauce\Documents\smart-contract-cgt\source\516f52616877ecbbd0c2d5d87ed5fcc9.sol
518b6dbd3eb8ae62de3f395b63d203ec,da897133507e18f60fd63f994b2bdde6f4b0a567fb23198541acf64e69c8c1a7,0,4,0,4,3,bad_randomness|denial_service|unchecked_low_calls,,104|113|120|128,CodeSmells,C:\Users\Exauce\Documents\smart-contract-cgt\source\518b6dbd3eb8ae62de3f395b63d203ec.sol
51b82cd091f192493f43dd2934e1b2fc,21cd94aa7631e68f446356213cd2f7c55bc540a68d6238762d43443e6afd1ba3,0,1,0,1,1,reentrancy,,107,Doublade,C:\Users\Exauce\Documents\smart-contract-cgt\source\51b82cd091f192493f43dd2934e1b2fc.sol
51f3ebb91aa58fa592d0655d892ac66c,22a2f762c716a55ed0027683f8eece11cdb03ae9fb393dbb408cac2bf736c7e4,0,6,0,6,6,arithmetic|bad_randomness|denial_service|front_running|reentrancy|unchecked_low_calls,,101|104|107|113|114|120,Zeus,C:\Users\Exauce\Documents\smart-contract-cgt\source\51f3ebb91aa58fa592d0655d892ac66c.sol
521629292ab18d062ec49f19e5ab393b,7ebfb176a029edb50f6e6034b2543a131ecc5b7a9ecf16902c90b839104939f9,1,1,1,0,1,reentrancy,reentrancy,107,Doublade,C:\Users\Exauce\Documents\smart-contract-cgt\source\521629292ab18d062ec49f19e5ab393b.sol
525db91e1a083c9d33c43d96d65294c6,aaac772ca640c019dc20ab299c45d7a0f08aa90b5e49dca6f74ad0cc6b42efbe,0,1,0,1,1,front_running,,114,EthRacer,C:\Users\Exauce\Documents\smart-contract-cgt\source\525db91e1a083c9d33c43d96d65294c6.sol
526f7b6b87dbd93fbf04564b3c074d70,d93659c9e855da9c96b8aa90eb06ae5b8c46692925223be7576bfd99586aa51d,0,5,0,5,4,bad_randomness|denial_service|reentrancy|unchecked_low_calls,,104|107|113|120|128,CodeSmells,C:\Users\Exauce\Documents\smart-contract-cgt\source\526f7b6b87dbd93fbf04564b3c074d70.sol
52713e629e1353b00302037ab5e48fbf,7e4819b7c67620f4db68bcca447a894cee2bdfe2c1aaf0c0e2b2f0f4a094e270,1,5,2,3,4,bad_randomness|denial_service|reentrancy|unchecked_low_calls,bad_randomness|unchecked_low_calls,104|107|113|120|128,CodeSmells,C:\Users\Exauce\Documents\smart-contract-cgt\source\52713e629e1353b00302037ab5e48fbf.sol
5283f08586d731fa6f277aa9314eecc9,113c55eec67e89ee7e1ec6b8fc6bd0f08fc5eaa418a67e9aed6d9063ac262f7b,1,5,1,4,5,arithmetic|bad_randomness|denial_service|front_running|unchecked_low_calls,arithmetic,101|104|113|114|120,Zeus,C:\Users\Exauce\Documents\smart-contract-cgt\source\5283f08586d731fa6f277aa9314eecc9.sol
528f5f115cd977485cac5602b20eb516,5f4b4fd153690bcd88bf59ce034bbe7b2ba457abca3ceb88861dc93e2dfb5a70,1,1,1,0,1,unchecked_low_calls,unchecked_low_calls,104,Doublade,C:\Users\Exauce\Documents\smart-contract-cgt\source\528f5f115cd977485cac5602b20eb516.sol
52c682ab889662a3bada7d1e03e11ba5,7df5f03e393ba33389c28f8497b6b69fd7879adc0b622129ba8e8ad016b70135,1,2,1,1,2,front_running|unchecked_low_calls,unchecked_low_calls,104|114,Doublade|EthRacer,C:\Users\Exauce\Documents\smart-contract-cgt\source\52c682ab889662a3bada7d1e03e11ba5.sol
52caeccd17160d227634d4be5578c309,2da59e36523adbef1a67ae9cee95d54be92304bb00ea8ff6f4a58c5746d4d685,1,6,2,4,6,arithmetic|bad_randomness|denial_service|front_running|reentrancy|unchecked_low_calls,denial_service|front_running,101|104|107|113|114|120,Zeus,C:\Users\Exauce\Documents\smart-contract-cgt\source\52caeccd17160d227634d4be5578c309.sol
52d62e4bf3e67582db8cdea0a5fab378,0879311a3e39ff5ec62500302be0b8e108dac6b540c889cda7bfff1039b16cf6,1,1,1,0,1,arithmetic,arithmetic,101,EverEvolvingG,C:\Users\Exauce\Documents\smart-contract-cgt\source\52d62e4bf3e67582db8cdea0a5fab378.sol
530aa81dc323f2b072e098be8cc52917,fb9ad106328e84e840c00d39fb8e2829651aa4ae8aebcfd81beaca220044979d,1,1,1,0,1,time_manipulation,time_manipulation,116,ContractFuzzer,C:\Users\Exauce\Documents\smart-contract-cgt\source\530aa81dc323f2b072e098be8cc52917.sol
532aba589ecbf1f9be5f332af38a0786,db145d140e01092ffc563c3c0216e4b6bdd0318ec84ee4276463f471dcda0373,1,1,1,0,1,arithmetic,arithmetic,101,EverEvolvingG,C:\Users\Exauce\Documents\smart-contract-cgt\source\532aba589ecbf1f9be5f332af38a0786.sol
535508e9c04b204d62cb85d1a13a80e8,4b866058c9d2fddd5680a79bae83673fea369786de15757e14b80a508f131e67,1,1,1,0,1,time_manipulation,time_manipulation,116,ContractFuzzer,C:\Users\Exauce\Documents\smart-contract-cgt\source\535508e9c04b204d62cb85d1a13a80e8.sol
538baeca159e3d02a50a2b2dc678cec4,61b051ed95da0716ae9a502bbc4cb74cced04a604c51b23df11d31c2afb7ad46,0,1,0,1,1,reentrancy,,107,Doublade,C:\Users\Exauce\Documents\smart-contract-cgt\source\538baeca159e3d02a50a2b2dc678cec4.sol
53d983142dfc565b8196a72045480d66,5114273568ef4749c6279ce71748be846fe29d8a66a40c4608ff9942de245d7c,1,7,1,6,5,bad_randomness|denial_service|front_running|reentrancy|unchecked_low_calls,front_running,104|107|113|114|120|128,CodeSmells|Doublade|EthRacer,C:\Users\Exauce\Documents\smart-contract-cgt\source\53d983142dfc565b8196a72045480d66.sol
53e83e35c20d3d9ef07a4060f6e368d3,568ea6b5bd12b645ad6f65d2789f3ddb5d28e6438e34d073f826c9986cbf397d,1,6,1,5,6,arithmetic|bad_randomness|denial_service|front_running|reentrancy|unchecked_low_calls,arithmetic,101|104|107|113|114|120,Zeus,C:\Users\Exauce\Documents\smart-contract-cgt\source\53e83e35c20d3d9ef07a4060f6e368d3.sol
54341e505565ff1c74622dbdd0765582,4f623041dafff5c942cac18cf82f51873697e70d75937e01092d769d626a0787,1,1,1,0,1,reentrancy,reentrancy,107,Doublade,C:\Users\Exauce\Documents\smart-contract-cgt\source\54341e505565ff1c74622dbdd0765582.sol
546ebb8214267e1ea7c9014ba064cbc1,8fb10ea3c0292824041842bfc3bddd11ccd14f7a1cef53b8b6fcda62f300d15a,0,5,0,5,4,bad_randomness|denial_service|reentrancy|unchecked_low_calls,,104|107|113|120|128,CodeSmells,C:\Users\Exauce\Documents\smart-contract-cgt\source\546ebb8214267e1ea7c9014ba064cbc1.sol
5491cb52a93aac36300d2403c9177488,3e7402d713c4ebec67a99abc82861264cb77f10dbdde6d978d37a485d950cd37,1,7,3,4,6,arithmetic|bad_randomness|denial_service|front_running|reentrancy|unchecked_low_calls,arithmetic|front_running|unchecked_low_calls,101|104|107|113|114|120,Zeus|eThor,C:\Users\Exauce\Documents\smart-contract-cgt\source\5491cb52a93aac36300d2403c9177488.sol
549f57c13cf65b0aeb5bf949681c95cc,5378c25446447e3086d56f84e7a8073aa353f51b42d42501ecb00d79fe188a96,1,7,5,2,6,arithmetic|bad_randomness|denial_service|front_running|reentrancy|unchecked_low_calls,arithmetic|bad_randomness|front_running|unchecked_low_calls,101|104|107|113|114|120,ContractFuzzer|Zeus,C:\Users\Exauce\Documents\smart-contract-cgt\source\549f57c13cf65b0aeb5bf949681c95cc.sol
54a1243d7849bfacc39d0fe2ee49dac2,c52822697c1804db7b848c62fe6a03c02cc47fac882d6e7d70c2cad481eb020c,1,5,2,3,5,arithmetic|bad_randomness|denial_service|front_running|unchecked_low_calls,arithmetic|front_running,101|104|113|114|120,Zeus,C:\Users\Exauce\Documents\smart-contract-cgt\source\54a1243d7849bfacc39d0fe2ee49dac2.sol
54d2cc0624756b4d38dab6d2f4898963,4f9468a432ed13e45b1852e33def8f6da91be0c0a802213448179a3d1a4259d0,1,8,4,4,6,arithmetic|bad_randomness|denial_service|front_running|reentrancy|unchecked_low_calls,arithmetic|reentrancy|unchecked_low_calls,101|104|107|113|114|120,Doublade|Zeus|eThor,C:\Users\Exauce\Documents\smart-contract-cgt\source\54d2cc0624756b4d38dab6d2f4898963.sol
54d71e8cbee37d30173034d73ba5f1e2,0893418c09ad7a312952ce7404ddea89c64c74a0aace7154316ead43e64fa175,0,5,0,5,4,bad_randomness|denial_service|reentrancy|unchecked_low_calls,,104|107|113|120|128,CodeSmells,C:\Users\Exauce\Documents\smart-contract-cgt\source\54d71e8cbee37d30173034d73ba5f1e2.sol
54df283677c16e219636edca9d5af470,9e63ecf99e45f0f896fa005a0d093be35951399f70ac4970eb730c95567af3d0,1,5,2,3,5,arithmetic|bad_randomness|denial_service|front_running|unchecked_low_calls,arithmetic|front_running,101|104|113|114|120,Zeus,C:\Users\Exauce\Documents\smart-contract-cgt\source\54df283677c16e219636edca9d5af470.sol
54dfb393344c462d17b72a47ced70b19,f8f3d88c7dfdb4aa059a9cb8921d08c6b24a9b761c2d2918a1be6d650deb440e,1,1,1,0,1,front_running,front_running,114,SolidiFI,C:\Users\Exauce\Documents\smart-contract-cgt\source\54dfb393344c462d17b72a47ced70b19.sol
54f171085866dd9bcf1eefc4351c8eb9,ebfc95bfbffc687c181fdeb8b11d7efbbe6a02edeac34cfd880d80110deadf72,1,1,1,0,1,bad_randomness,bad_randomness,120,ContractFuzzer,C:\Users\Exauce\Documents\smart-contract-cgt\source\54f171085866dd9bcf1eefc4351c8eb9.sol
550e510addd549cd13825ac9081dd2b0,28dbc1d594f72bbad747ad80dd1f997a58d6f3bf51cf00b76eaefe56ea1077cd,1,9,3,6,5,bad_randomness|denial_service|front_running|reentrancy|unchecked_low_calls,reentrancy|unchecked_low_calls,104|107|113|114|120,NPChecker|Zeus|eThor,C:\Users\Exauce\Documents\smart-contract-cgt\source\550e510addd549cd13825ac9081dd2b0.sol
5520ef7276baf29282ea39f04ba93b0e,b7107bbd11dbe0e70b03e189911d01ea68477a1964f268c9f75e9bafb3ee1159,0,6,0,6,4,bad_randomness|denial_service|reentrancy|unchecked_low_calls,,104|107|113|120|128,CodeSmells|Doublade,C:\Users\Exauce\Documents\smart-contract-cgt\source\5520ef7276baf29282ea39f04ba93b0e.sol
553e36a737b05e3a38d005c34c9f1c51,00fc556565fda058c939587bdda95023414610d36cc5eec63a6ec8c1e3f38155,1,1,1,0,1,bad_randomness,bad_randomness,120,ContractFuzzer,C:\Users\Exauce\Documents\smart-contract-cgt\source\553e36a737b05e3a38d005c34c9f1c51.sol
5542783e0e5af266da17a6a95324d0e1,090567aa4df5879f4827ac2dcb1c8e77b5f74ac729889334907449a7e4eb904a,1,6,1,5,6,arithmetic|bad_randomness|denial_service|front_running|reentrancy|unchecked_low_calls,arithmetic,101|104|107|113|114|120,Zeus,C:\Users\Exauce\Documents\smart-contract-cgt\source\5542783e0e5af266da17a6a95324d0e1.sol
55b9ce83f39d104eaa3c1e41c7dce744,91b320e4f3e6616e94b21ca18c7cf98bc542661c5b828b9dc01028d30dc21f8c,1,6,1,5,5,bad_randomness|denial_service|front_running|reentrancy|unchecked_low_calls,front_running,104|107|113|114|120|128,CodeSmells|EthRacer,C:\Users\Exauce\Documents\smart-contract-cgt\source\55b9ce83f39d104eaa3c1e41c7dce744.sol
55ba44ea334f865ade83857411b33872,c0f29d10621ae7e1a4529e265f782ea9bf36684b4d5c0ed7e17ddbb215391559,1,1,1,0,1,time_manipulation,time_manipulation,116,ContractFuzzer,C:\Users\Exauce\Documents\smart-contract-cgt\source\55ba44ea334f865ade83857411b33872.sol
560ed84c5c67a0d82a341905ba33741e,8756b9f922fcf320115d98590f51cbf1f3a30c6f6e156b7ba7718375904414d1,0,1,0,1,1,reentrancy,,107,JiuZhou,C:\Users\Exauce\Documents\smart-contract-cgt\source\560ed84c5c67a0d82a341905ba33741e.sol
560ef3f0f0f23a6517d24048eccc78dd,b45ccfe1cbdd4472d698daf7d2c49bc16519955e66a0c8561e5949c769e77924,0,6,0,6,6,arithmetic|bad_randomness|denial_service|front_running|reentrancy|unchecked_low_calls,,101|104|107|113|114|120,Zeus,C:\Users\Exauce\Documents\smart-contract-cgt\source\560ef3f0f0f23a6517d24048eccc78dd.sol
562ad9604347acd5a7091cd750777d0b,56737150c85bfc961dfa6e575c53c9a88f391a02df55b5cdc01422605e26ec5b,1,1,1,0,1,front_running,front_running,114,EthRacer,C:\Users\Exauce\Documents\smart-contract-cgt\source\562ad9604347acd5a7091cd750777d0b.sol
563c9ddc8d9beb59577ab317bb2d8c8f,25d355090fb96b51b8a54ddc186506f59f85dec37891694fa254f5f6ee1f1448,1,7,2,5,6,arithmetic|bad_randomness|denial_service|front_running|reentrancy|unchecked_low_calls,arithmetic|reentrancy,101|104|107|113|114|120,Zeus|eThor,C:\Users\Exauce\Documents\smart-contract-cgt\source\563c9ddc8d9beb59577ab317bb2d8c8f.sol
5654a323c68acdf35c753ba8e380cc60,f2c5eb63a9aec47397de6271c87c20ed3851a8c404ff043af4a7ee04cfcaf8d7,1,7,3,4,6,arithmetic|bad_randomness|denial_service|front_running|reentrancy|unchecked_low_calls,arithmetic|front_running|unchecked_low_calls,101|104|107|113|114|120,Zeus|eThor,C:\Users\Exauce\Documents\smart-contract-cgt\source\5654a323c68acdf35c753ba8e380cc60.sol
567b672766cad00aa66234ac73541416,7a41e047c38d65d82c97aca6ce2e41b8b2e529a91b09fb1d901ccb5d50c9433d,0,7,0,7,6,arithmetic|bad_randomness|denial_service|front_running|reentrancy|unchecked_low_calls,,101|104|107|113|114|120,Zeus|eThor,C:\Users\Exauce\Documents\smart-contract-cgt\source\567b672766cad00aa66234ac73541416.sol
567c70eed383eef0276a236c81ea81e1,5de1b20425faf7392557dae578c38196d70da5553a536d28ce1ab32cb74cdd28,0,5,0,5,4,bad_randomness|denial_service|reentrancy|unchecked_low_calls,,104|107|113|120|128,CodeSmells,C:\Users\Exauce\Documents\smart-contract-cgt\source\567c70eed383eef0276a236c81ea81e1.sol
56a029aa9ad02e9d3d0ddbd1152fdded,8599ae5a8ed20a784529efcbed4601a6d56b4e43667e6a7867cfc78ab81ff6b6,1,1,1,0,1,time_manipulation,time_manipulation,116,ContractFuzzer,C:\Users\Exauce\Documents\smart-contract-cgt\source\56a029aa9ad02e9d3d0ddbd1152fdded.sol
56f94589762f20250ef80b228986bc7f,8891101d9d7dda681dde0063f8623732d910162cd48571ca5d1b18edbb807330,1,1,1,0,1,bad_randomness,bad_randomness,120,ContractFuzzer,C:\Users\Exauce\Documents\smart-contract-cgt\source\56f94589762f20250ef80b228986bc7f.sol
570022731e452a43a792ea0dccea89b7,f9c5a742e777bf4473e3dc5f3af1c84d5e214bf52b6583c479500eae64ff33de,1,1,1,0,1,time_manipulation,time_manipulation,116,ContractFuzzer,C:\Users\Exauce\Documents\smart-contract-cgt\source\570022731e452a43a792ea0dccea89b7.sol
570b1a96f27b35bde1e620a40fba0095,31187205f1b24466604e56fc54212d7ba62f2c4be46054e60d27380237534f84,1,1,1,0,1,reentrancy,reentrancy,107,SolidiFI,C:\Users\Exauce\Documents\smart-contract-cgt\source\570b1a96f27b35bde1e620a40fba0095.sol
57126087edbd693976ca7cf99db8dbfd,91df35522a20a655b7a0e359c4870e38143184e039cc9a32af9812a31232f7b9,1,1,1,0,1,time_manipulation,time_manipulation,116,SolidiFI,C:\Users\Exauce\Documents\smart-contract-cgt\source\57126087edbd693976ca7cf99db8dbfd.sol
57135c995bd574191e2172bac7baf110,df56008e8e4628764ebf687ecebd3ca4b490956a27ab33bf473f2d43c981495f,1,1,1,0,1,time_manipulation,time_manipulation,116,SolidiFI,C:\Users\Exauce\Documents\smart-contract-cgt\source\57135c995bd574191e2172bac7baf110.sol
571a03ada9deda17253fa276d1eca7e4,527774f13ec52b2fa15d48f83607a159e46788e020e5903120029f4bdf2bf3d1,1,1,1,0,1,unchecked_low_calls,unchecked_low_calls,104,NotSoSmartC,C:\Users\Exauce\Documents\smart-contract-cgt\source\571a03ada9deda17253fa276d1eca7e4.sol
578c4dc33ce8c9c13071e7909c4c9fef,de553110ff11390dde30b97bb14d927eddaafd6ce2581540bdd817c0798adbb5,0,1,0,1,1,reentrancy,,107,Doublade,C:\Users\Exauce\Documents\smart-contract-cgt\source\578c4dc33ce8c9c13071e7909c4c9fef.sol
57954bb1a9d9acec6bce76012147dcb2,8ab342a17ea3453addb128e34570ed2128c8b05e107cdea3a9556a83288eef60,0,1,0,1,1,reentrancy,,107,Doublade,C:\Users\Exauce\Documents\smart-contract-cgt\source\57954bb1a9d9acec6bce76012147dcb2.sol
57a69b2d2244b1919ab0d4790913d5ff,e3d779a6cd8c98c533afc0e3bf199a3f125461d0c22e0966508e858fa8029f49,1,1,1,0,1,unchecked_low_calls,unchecked_low_calls,104,Doublade,C:\Users\Exauce\Documents\smart-contract-cgt\source\57a69b2d2244b1919ab0d4790913d5ff.sol
57b81bc4321c5de813de2f180395ce07,94afd427913d431fd9ac0d45b6ae2a1edf8b8854502c062fb8b765375b5dece9,1,1,1,0,1,time_manipulation,time_manipulation,116,ContractFuzzer,C:\Users\Exauce\Documents\smart-contract-cgt\source\57b81bc4321c5de813de2f180395ce07.sol
57b9bdeb65d7e8d48c256144f0387bd3,69f8dbe3f8393233205f9080b970f4b4ab100a549791b87149787e3c4dfb7f73,1,1,1,0,1,unchecked_low_calls,unchecked_low_calls,104,ContractFuzzer,C:\Users\Exauce\Documents\smart-contract-cgt\source\57b9bdeb65d7e8d48c256144f0387bd3.sol
57c45eb3bd77499461a073dacd606f36,24228e5d3cb20d613d12ef3e8879c596550535fe11626be495e82bee526d9201,1,7,4,3,6,arithmetic|bad_randomness|denial_service|front_running|reentrancy|unchecked_low_calls,arithmetic|denial_service|reentrancy,101|104|107|113|114|120,Zeus|eThor,C:\Users\Exauce\Documents\smart-contract-cgt\source\57c45eb3bd77499461a073dacd606f36.sol
58e72e153b767b33fa73f3bec1735760,bf0eb7e0b631f9e99183014971473bca679ffc95328efc143e435c1ec6a9b885,1,7,3,4,6,arithmetic|bad_randomness|denial_service|front_running|reentrancy|unchecked_low_calls,arithmetic|front_running|unchecked_low_calls,101|104|107|113|114|120,Zeus|eThor,C:\Users\Exauce\Documents\smart-contract-cgt\source\58e72e153b767b33fa73f3bec1735760.sol
58e98e6eb7bb3599b931eb4c3fcebec9,e9f815ac916f40b28ee6c13e8c8af9b4774ced657b0943bcd972ce6ec62402e4,0,5,0,5,4,bad_randomness|denial_service|reentrancy|unchecked_low_calls,,104|107|113|120|128,CodeSmells,C:\Users\Exauce\Documents\smart-contract-cgt\source\58e98e6eb7bb3599b931eb4c3fcebec9.sol
58fa47d66cc69ba40b5b6417be40e5f1,9b2ccf54807058f34685f550390919607cc28e5354b4f6051c2b1aa9b3c67d04,0,4,0,4,3,bad_randomness|denial_service|unchecked_low_calls,,104|113|120|128,CodeSmells,C:\Users\Exauce\Documents\smart-contract-cgt\source\58fa47d66cc69ba40b5b6417be40e5f1.sol
5927bf8eafecb0b72c7c45bcacc07a2e,5bf17d942fcb315778c3aaf48ccb68edea205e22e1d9bd52f972ff430dcdbbe5,1,7,3,4,6,arithmetic|bad_randomness|denial_service|front_running|reentrancy|unchecked_low_calls,arithmetic|front_running|unchecked_low_calls,101|104|107|113|114|120,Zeus|eThor,C:\Users\Exauce\Documents\smart-contract-cgt\source\5927bf8eafecb0b72c7c45bcacc07a2e.sol
5959e6fc41fe0b8964a78eb9a57165fa,8c22dc09a2eeb2be7c44a953f80a364d30aa0cf595104b8b617f1005e125b0b6,1,1,1,0,1,front_running,front_running,114,EthRacer,C:\Users\Exauce\Documents\smart-contract-cgt\source\5959e6fc41fe0b8964a78eb9a57165fa.sol
596450c94cbf6a75b2d81d7cb4a30f49,ba6697402b01719cb100bf30becc0bb16302992139193634a4c4f663bd6a3b0f,1,2,2,0,1,unchecked_low_calls,unchecked_low_calls,104,Doublade,C:\Users\Exauce\Documents\smart-contract-cgt\source\596450c94cbf6a75b2d81d7cb4a30f49.sol
5999c905982f6359350d2e4032618cdc,85f447c30f6ca5f6594f5739d41fb388c7e2bf5924d797f1c081da9d675ce729,1,1,1,0,1,reentrancy,reentrancy,107,SolidiFI,C:\Users\Exauce\Documents\smart-contract-cgt\source\5999c905982f6359350d2e4032618cdc.sol
59b7aceb13ac5d71a900b6c52015373c,528ce1349f76e1d1310c618446cd83e484274cb4ce713cd5cce0d0f17ed335c7,1,1,1,0,1,front_running,front_running,114,EthRacer,C:\Users\Exauce\Documents\smart-contract-cgt\source\59b7aceb13ac5d71a900b6c52015373c.sol
59f084f924733e006acde4cee4656330,83491ebd2859a402f2a32936fdc187e0fa5d2ccd94f057d372c7107348acc9cb,1,1,1,0,1,reentrancy,reentrancy,107,SolidiFI,C:\Users\Exauce\Documents\smart-contract-cgt\source\59f084f924733e006acde4cee4656330.sol
5a0e78df1719e85cd34195b754d254f0,d421cc78d7872f00111c1fbadc64aaef6f5170dce61cd58998a79fa80f8ae289,1,6,3,3,6,arithmetic|bad_randomness|denial_service|front_running|reentrancy|unchecked_low_calls,arithmetic|front_running|unchecked_low_calls,101|104|107|113|114|120,Zeus,C:\Users\Exauce\Documents\smart-contract-cgt\source\5a0e78df1719e85cd34195b754d254f0.sol
5a876adca0f5ffcdd9dd7c3def02cee4,bd9521f2bda6439322d367dfda680437e936dd5ee67715076f5300da4b3f7ccb,1,1,1,0,1,time_manipulation,time_manipulation,116,ContractFuzzer,C:\Users\Exauce\Documents\smart-contract-cgt\source\5a876adca0f5ffcdd9dd7c3def02cee4.sol
5acc416fa54b98d4317af341a9cb3a91,a2c0e8cb3d85324d9849ecb3d930fba51b45c682fc17b54083465282a1c45d2d,1,8,4,4,6,arithmetic|bad_randomness|denial_service|front_running|reentrancy|unchecked_low_calls,arithmetic|front_running|unchecked_low_calls,101|104|107|113|114|120,EthRacer|Zeus|eThor,C:\Users\Exauce\Documents\smart-contract-cgt\source\5acc416fa54b98d4317af341a9cb3a91.sol
5af153165394eb7917db796aaac9be6f,8f8051a3cb383d638e26f1404605a75f04ebab5ec1868cd25c06c35d4ad32dbf,1,7,2,5,6,arithmetic|bad_randomness|denial_service|front_running|reentrancy|unchecked_low_calls,arithmetic|reentrancy,101|104|107|113|114|120,Zeus|eThor,C:\Users\Exauce\Documents\smart-contract-cgt\source\5af153165394eb7917db796aaac9be6f.sol
5b1ce644f7a449a5b1c87cb0039f4ebb,c32c538e0e9a5dbdc50483cf63b9b7c02539f6e87558934c61c73c03333872b6,1,7,3,4,6,arithmetic|bad_randomness|denial_service|front_running|reentrancy|unchecked_low_calls,arithmetic|denial_service|front_running,101|104|107|113|114|120,Zeus|eThor,C:\Users\Exauce\Documents\smart-contract-cgt\source\5b1ce644f7a449a5b1c87cb0039f4ebb.sol
5b2d5d9f0b175c925807af7945344b72,873935e32284944a2117b6c38041b5b190775d7cc97c8dd215b306f690e327b2,0,1,0,1,1,reentrancy,,107,Doublade,C:\Users\Exauce\Documents\smart-contract-cgt\source\5b2d5d9f0b175c925807af7945344b72.sol
5b352add28afe6ea49f1fda92884f873,7816de125e79e85ab25ed1218e7baeedf6e23175762fee312df29fb8e94c711d,1,1,1,0,1,unchecked_low_calls,unchecked_low_calls,104,SolidiFI,C:\Users\Exauce\Documents\smart-contract-cgt\source\5b352add28afe6ea49f1fda92884f873.sol
5b5dfbbf9b9cf6a5e122f44ddb852f0a,c825fc37c968f165f460b2eb1dedb115cfdce101e8c9cf392fdfab576ede3bdd,1,5,2,3,5,arithmetic|bad_randomness|denial_service|reentrancy|unchecked_low_calls,arithmetic|denial_service,101|104|107|113|120,Zeus,C:\Users\Exauce\Documents\smart-contract-cgt\source\5b5dfbbf9b9cf6a5e122f44ddb852f0a.sol
5b8599ba149d02b310f1b28ebb3ff2e5,89ca6b638a9c1ad7235bf703e08f3e32279673318e9bd24644b9430cb3fcc853,1,1,1,0,1,time_manipulation,time_manipulation,116,ContractFuzzer,C:\Users\Exauce\Documents\smart-contract-cgt\source\5b8599ba149d02b310f1b28ebb3ff2e5.sol
5bd029f8ca388155de72b26aa6a9a889,803cdcf8aa5d84cac865ada9348b20310ed6648dc5e97d8c17febc84b9f07f58,1,6,1,5,6,arithmetic|bad_randomness|denial_service|front_running|reentrancy|unchecked_low_calls,arithmetic,101|104|107|113|114|120,Zeus,C:\Users\Exauce\Documents\smart-contract-cgt\source\5bd029f8ca388155de72b26aa6a9a889.sol
5bdaaea6728db7d5965cc3af8ae8912e,ba05eda2d91e83aaf5871216e830f6215ff54e6dd0a9ecb981523a792a8cb938,1,2,2,0,2,front_running|unchecked_low_calls,front_running|unchecked_low_calls,104|114,ContractFuzzer|EthRacer,C:\Users\Exauce\Documents\smart-contract-cgt\source\5bdaaea6728db7d5965cc3af8ae8912e.sol
5bfd91ffe9bc1440660fbf8b56b1226b,3d16bdca36ca69e44cce311544fa3a1662511a9fd4db0f65bac8dc0139e18336,1,6,4,2,6,arithmetic|bad_randomness|denial_service|front_running|reentrancy|unchecked_low_calls,arithmetic|denial_service|front_running|unchecked_low_calls,101|104|107|113|114|120,Zeus,C:\Users\Exauce\Documents\smart-contract-cgt\source\5bfd91ffe9bc1440660fbf8b56b1226b.sol
5c118e978c9c2e4806c161a56be57f34,968dbee44df6a9aa615e4370b6f33f96934875dbb3a3199cba08928494dca04e,0,5,0,5,4,bad_randomness|denial_service|reentrancy|unchecked_low_calls,,104|107|113|120|128,CodeSmells,C:\Users\Exauce\Documents\smart-contract-cgt\source\5c118e978c9c2e4806c161a56be57f34.sol
5c40cb40de7ac2265b711c91352d94a8,d8bdacdf139b5658bf4075df71ee368268119a4848f3070f473c34339879cc85,0,5,0,5,4,bad_randomness|denial_service|reentrancy|unchecked_low_calls,,104|107|113|120|128,CodeSmells,C:\Users\Exauce\Documents\smart-contract-cgt\source\5c40cb40de7ac2265b711c91352d94a8.sol
5c8be0525f4cb45a0655f1fcd3043aeb,f2d4261712ade71141f0471bd1760c331ed6e2698ee11a01258918bc73befff0,1,5,1,4,4,bad_randomness|denial_service|reentrancy|unchecked_low_calls,bad_randomness,104|107|113|120|128,CodeSmells,C:\Users\Exauce\Documents\smart-contract-cgt\source\5c8be0525f4cb45a0655f1fcd3043aeb.sol
5cef47036b0f4bfe8dc52f03922476fe,a290f730b9d9833ce5360bb6a70c57cb929f5d16a70c1577adf9c4bd3f4b6d71,0,5,0,5,4,bad_randomness|denial_service|reentrancy|unchecked_low_calls,,104|107|113|120|128,CodeSmells,C:\Users\Exauce\Documents\smart-contract-cgt\source\5cef47036b0f4bfe8dc52f03922476fe.sol
5d4326f837776f6e3533e2201815e48c,c0063cbc6e8b6775b4ceca47acc69eb6ef3920308816cb1308c3158b2bc02d1a,1,5,2,3,5,arithmetic|bad_randomness|denial_service|front_running|unchecked_low_calls,arithmetic|front_running,101|104|113|114|120,Zeus,C:\Users\Exauce\Documents\smart-contract-cgt\source\5d4326f837776f6e3533e2201815e48c.sol
5d5323234f28392819dd759b0798d1a2,5535a1ac963cbd28ceb8ab8632cbad00abb8a3b13bfc754d3859bfc044dcaedc,1,7,1,6,6,arithmetic|bad_randomness|denial_service|front_running|reentrancy|unchecked_low_calls,denial_service,101|104|107|113|114|120,Zeus|eThor,C:\Users\Exauce\Documents\smart-contract-cgt\source\5d5323234f28392819dd759b0798d1a2.sol
5d84c2027026b4128cfe6696678f5d39,85c7933f3bf39457c369554c3954240c6468224b67d9d14bf20c3e533681bcd8,0,1,0,1,1,denial_service,,113,NotSoSmartC,C:\Users\Exauce\Documents\smart-contract-cgt\source\5d84c2027026b4128cfe6696678f5d39.sol
5dadf5a8d9e33a0a91b2a11dc9427b03,4f62e90c8f74e30c5a8284eb9a5f52b1009a7935574438a6930ff0558f4db4fa,0,1,0,1,1,denial_service,,128,JiuZhou,C:\Users\Exauce\Documents\smart-contract-cgt\source\5dadf5a8d9e33a0a91b2a11dc9427b03.sol
5e20db814fe4fe1d465f2019236f1d96,a0300548a0846b716ac4339da9f183830d3c769897c7160d3113ea73a3a70ba2,1,1,1,0,1,bad_randomness,bad_randomness,120,ContractFuzzer,C:\Users\Exauce\Documents\smart-contract-cgt\source\5e20db814fe4fe1d465f2019236f1d96.sol
5e471afcb225dc5e8bb921b59cf95eb8,217183defbfcc60634210c390efc95e3fa25aaddefbf4e7ea8cc27a877b63d7b,0,5,0,5,4,bad_randomness|denial_service|reentrancy|unchecked_low_calls,,104|107|113|120|128,CodeSmells,C:\Users\Exauce\Documents\smart-contract-cgt\source\5e471afcb225dc5e8bb921b59cf95eb8.sol
5e4961d7c9d36a805b2dff709a2c61cc,8d86ed52e161e7fc5c62015c80d7fcecfe4fc1dd0734fe2dae217d609b196892,1,1,1,0,1,arithmetic,arithmetic,101,SolidiFI,C:\Users\Exauce\Documents\smart-contract-cgt\source\5e4961d7c9d36a805b2dff709a2c61cc.sol
5e6759ce2654fe4e80d9f132f596eb3f,2ac43935d9aeca47224e7a42571ce2bfb71c9cd25adf8d9738ec9fca9e8541f1,0,5,0,5,5,bad_randomness|denial_service|front_running|reentrancy|unchecked_low_calls,,104|107|113|114|120,NPChecker,C:\Users\Exauce\Documents\smart-contract-cgt\source\5e6759ce2654fe4e80d9f132f596eb3f.sol
5e7ed8c7405cb7376da7635d76d672b6,88bdfefdf9b9be33a0244b8cf08c8a9dad97c5070d9283830c2ad21a9e35988f,1,6,3,3,6,arithmetic|bad_randomness|denial_service|front_running|reentrancy|unchecked_low_calls,arithmetic|bad_randomness|front_running,101|104|107|113|114|120,Zeus,C:\Users\Exauce\Documents\smart-contract-cgt\source\5e7ed8c7405cb7376da7635d76d672b6.sol
5e865621ed735e442542413dcb4811e4,86bf6f95af6a45a5b05be6ffb19ed8be7bde4de6f117d785e54d7892393658e9,1,2,1,1,2,reentrancy|unchecked_low_calls,unchecked_low_calls,104|107,Doublade,C:\Users\Exauce\Documents\smart-contract-cgt\source\5e865621ed735e442542413dcb4811e4.sol
5e89d370d960a66fd93a6379340fd394,64354e2b8d9eb636a645479bb47c68da12ff6fa8fad585d149f5de4e549639d5,1,7,2,5,6,arithmetic|bad_randomness|denial_service|front_running|reentrancy|unchecked_low_calls,denial_service|reentrancy,101|104|107|113|114|120,Zeus|eThor,C:\Users\Exauce\Documents\smart-contract-cgt\source\5e89d370d960a66fd93a6379340fd394.sol
5ee03775f220d61b5261f8a95b648495,8bf342d7499cb254a83faf133f5d12c405e6b931d9014475b32002534768bd53,0,5,0,5,4,bad_randomness|denial_service|reentrancy|unchecked_low_calls,,104|107|113|120|128,CodeSmells,C:\Users\Exauce\Documents\smart-contract-cgt\source\5ee03775f220d61b5261f8a95b648495.sol
5ee0566651e84a82f0c911db3b08ae27,007fbcb1b8365350d8c19f8064e084e7459a7deab5251a80d29c36a016cfc92e,1,5,1,4,5,arithmetic|bad_randomness|denial_service|front_running|unchecked_low_calls,arithmetic,101|104|113|114|120,Zeus,C:\Users\Exauce\Documents\smart-contract-cgt\source\5ee0566651e84a82f0c911db3b08ae27.sol
5f3a59643ab181bc0e7a14b0ac1988d3,2193f79f9a6a746d9b9e64b3cedc161dea15a54162809d973c9b343bf2bcf6ee,1,1,1,0,1,reentrancy,reentrancy,107,SolidiFI,C:\Users\Exauce\Documents\smart-contract-cgt\source\5f3a59643ab181bc0e7a14b0ac1988d3.sol
5f769b7bf671c77637d3129ef6439c07,405a5e1ca807a5f11089f08af9aa8f61f6ebf377dc104f1f8a2df8f7b99cd9bb,1,1,1,0,1,unchecked_low_calls,unchecked_low_calls,104,SolidiFI,C:\Users\Exauce\Documents\smart-contract-cgt\source\5f769b7bf671c77637d3129ef6439c07.sol
5f771f19812dac5b776652e9184dd537,6814f431a7c539649d0238b11dce6aedce53d3b0b0562d15d340a6fe761370ac,0,6,0,6,6,arithmetic|bad_randomness|denial_service|front_running|reentrancy|unchecked_low_calls,,101|104|107|113|114|120,Zeus,C:\Users\Exauce\Documents\smart-contract-cgt\source\5f771f19812dac5b776652e9184dd537.sol
5f77cf962701055ad05b234bb8daa52b,10fedbc669a1c9c960a00a1eeb1b5c106e3384a3621243b8700232378424103b,1,1,1,0,1,time_manipulation,time_manipulation,116,ContractFuzzer,C:\Users\Exauce\Documents\smart-contract-cgt\source\5f77cf962701055ad05b234bb8daa52b.sol
5fc5ed0f246ab6a9cde01e29f35903ff,3f5e5d15567525b85255df93e490a20d9b602ed245580a2dd8a14d8fa588e3bd,0,5,0,5,4,bad_randomness|denial_service|reentrancy|unchecked_low_calls,,104|107|113|120|128,CodeSmells,C:\Users\Exauce\Documents\smart-contract-cgt\source\5fc5ed0f246ab6a9cde01e29f35903ff.sol
600dba5747d401fe62d54decc1642cab,54043ec80b974ce2b08f4db215dd7bdf2600d5c00ba5a0d818b9a60f47d7807a,0,1,0,1,1,arithmetic,,101,JiuZhou,C:\Users\Exauce\Documents\smart-contract-cgt\source\600dba5747d401fe62d54decc1642cab.sol
6018a08f5a887bac7eb4baf848b8d02e,95aee7cf69b160c0768f942def00766508d5eb3b605b7b545b63ff0ea7f47780,1,7,2,5,6,arithmetic|bad_randomness|denial_service|front_running|reentrancy|unchecked_low_calls,arithmetic|reentrancy,101|104|107|113|114|120,Zeus|eThor,C:\Users\Exauce\Documents\smart-contract-cgt\source\6018a08f5a887bac7eb4baf848b8d02e.sol
60243d2ffe4476b7c66555d67444e571,f10cbc127ed32935fe66707416cbfcf1365518de17d5e2c4fb96c55fd24316ad,0,5,0,5,4,bad_randomness|denial_service|reentrancy|unchecked_low_calls,,104|107|113|120|128,CodeSmells,C:\Users\Exauce\Documents\smart-contract-cgt\source\60243d2ffe4476b7c66555d67444e571.sol
605a12dad3eef98324bdf7934fe8a4f8,b6eb62762c84a341315cdca8032cfb81681000a7978386b7434d13b69e419d58,1,1,1,0,1,front_running,front_running,114,SolidiFI,C:\Users\Exauce\Documents\smart-contract-cgt\source\605a12dad3eef98324bdf7934fe8a4f8.sol
60d3fc235dcd75f2ba754b1dc3c3d939,f594c89489c576d0c474e7e298b7187e17504c3e52eafc21e2669b065167dc1f,0,1,0,1,1,arithmetic,,101,NotSoSmartC,C:\Users\Exauce\Documents\smart-contract-cgt\source\60d3fc235dcd75f2ba754b1dc3c3d939.sol
60d71b649e000c57f3c5121227b77c82,5080ccc25d9b22be028c42abbe9455e1a7345dedf86acda317afe70584fe9e2b,1,10,4,6,6,arithmetic|bad_randomness|denial_service|front_running|reentrancy|unchecked_low_calls,arithmetic|denial_service|reentrancy|unchecked_low_calls,101|104|107|113|114|120|128,CodeSmells|Zeus|eThor,C:\Users\Exauce\Documents\smart-contract-cgt\source\60d71b649e000c57f3c5121227b77c82.sol
60ed3c5f11a25112a4e77bbce1476d8a,3b5c58aa148e58da7e1d303af3c2b96ecb97a628c2286786d6c7ba1b91b60198,1,1,1,0,1,unchecked_low_calls,unchecked_low_calls,104,Doublade,C:\Users\Exauce\Documents\smart-contract-cgt\source\60ed3c5f11a25112a4e77bbce1476d8a.sol
61100e940002287986287c56b94e1c1c,7c1ef3b8e1597e2c0ebd8fcca21f547ff3c6ae8a892340da20de29b0b0e75784,1,1,1,0,1,reentrancy,reentrancy,107,SBcurated,C:\Users\Exauce\Documents\smart-contract-cgt\source\61100e940002287986287c56b94e1c1c.sol
6118522e73e0a3476fee31c1401c4c1b,59c255d2a998c54d5a4066a6f2160142635de5e09af2ddf92dcb59a198cac1c2,1,1,1,0,1,arithmetic,arithmetic,101,SolidiFI,C:\Users\Exauce\Documents\smart-contract-cgt\source\6118522e73e0a3476fee31c1401c4c1b.sol
613592ec713754ff414af093a3003ee2,295df6fdc530163495eddcec72eefb94ff6019362c7ab2c025b9402afb04da16,1,5,1,4,4,bad_randomness|denial_service|reentrancy|unchecked_low_calls,bad_randomness,104|107|113|120|128,CodeSmells,C:\Users\Exauce\Documents\smart-contract-cgt\source\613592ec713754ff414af093a3003ee2.sol
619903f61a9a9c05bf0c23411be7a717,b5399ef97b98b0c5038fd184a7fac903ad1830bc31e97760b68b3531c58ed64d,1,6,2,4,5,bad_randomness|denial_service|reentrancy|time_manipulation|unchecked_low_calls,bad_randomness|time_manipulation,104|107|113|116|120|128,CodeSmells|ContractFuzzer,C:\Users\Exauce\Documents\smart-contract-cgt\source\619903f61a9a9c05bf0c23411be7a717.sol
61ab63056c3fcb5f184721edd87c0dff,a06cefac63a739ea7688239ea148305a3fabbf8c6707b670326d8b57efa720c9,1,7,2,5,6,arithmetic|bad_randomness|denial_service|front_running|reentrancy|unchecked_low_calls,denial_service|front_running,101|104|107|113|114|120,Zeus|eThor,C:\Users\Exauce\Documents\smart-contract-cgt\source\61ab63056c3fcb5f184721edd87c0dff.sol
6209514e1b7fafb3c2930433fa7c79e3,62065fb0112be053572de20b5d2f4066a2243bf14749020a26178e17a9e30223,1,6,2,4,4,bad_randomness|denial_service|reentrancy|unchecked_low_calls,bad_randomness,104|107|113|120|128,CodeSmells|ContractFuzzer,C:\Users\Exauce\Documents\smart-contract-cgt\source\6209514e1b7fafb3c2930433fa7c79e3.sol
621024e4e449eabf946a25879d2a363a,bc44b0ffba475c6ba97af34313ac85090b51c0e26ddeaaf0c3a0eeb65da3bb49,0,1,0,1,1,front_running,,114,EthRacer,C:\Users\Exauce\Documents\smart-contract-cgt\source\621024e4e449eabf946a25879d2a363a.sol
6225a25884ff71f6329c436e7e010625,360fc36c03bb3c6381ff59885a02fea93a4126dbb60a99e0dc3ac9e68034b1c4,1,6,2,4,6,arithmetic|bad_randomness|denial_service|front_running|reentrancy|unchecked_low_calls,denial_service|front_running,101|104|107|113|114|120,Zeus,C:\Users\Exauce\Documents\smart-contract-cgt\source\6225a25884ff71f6329c436e7e010625.sol
62325a9e0d9d9c25b9fb82d68406be45,cc0bba3df6cb91c440c8354c125a85b8f9db393cb50f4fade1555246f0b8e597,0,1,0,1,1,reentrancy,,107,Doublade,C:\Users\Exauce\Documents\smart-contract-cgt\source\62325a9e0d9d9c25b9fb82d68406be45.sol
623b60cd8d87f9188f6192d7202edb88,f632cb67c5fc03f259c0106f1975a88fc9cf2c97ac088f121ca2855a6096febb,0,1,0,1,1,reentrancy,,107,Doublade,C:\Users\Exauce\Documents\smart-contract-cgt\source\623b60cd8d87f9188f6192d7202edb88.sol
629061bc07ee6c76acbdf81afaa78bee,e21984eac836327b8652b97815162c80dc124bcf3f4a320bf768c03eb6e6da3d,1,7,3,4,6,arithmetic|bad_randomness|denial_service|front_running|reentrancy|unchecked_low_calls,arithmetic|denial_service|reentrancy,101|104|107|113|114|120,Zeus|eThor,C:\Users\Exauce\Documents\smart-contract-cgt\source\629061bc07ee6c76acbdf81afaa78bee.sol
62c14d82b7a42fd5f5cca955743fffc7,6abf66bad08154c97346e97b51d4a8b3f21daa048ef8c0acb7c78664b438a2fb,1,1,1,0,1,unchecked_low_calls,unchecked_low_calls,104,SolidiFI,C:\Users\Exauce\Documents\smart-contract-cgt\source\62c14d82b7a42fd5f5cca955743fffc7.sol
62f168c0756a9c6e9e9feb0da2e6e6ef,4e1184b3c6c87056193eef6acbbef15ef87cee8b6f7fb8b6cd602575c25d995d,1,1,1,0,1,time_manipulation,time_manipulation,116,ContractFuzzer,C:\Users\Exauce\Documents\smart-contract-cgt\source\62f168c0756a9c6e9e9feb0da2e6e6ef.sol
6365ced6cd4da98ecc8235551b01c1b9,927a36dfd14062ae8f4852b21517d5c36e82b66ab0a81831c925734644243996,1,1,1,0,1,unchecked_low_calls,unchecked_low_calls,104,SolidiFI,C:\Users\Exauce\Documents\smart-contract-cgt\source\6365ced6cd4da98ecc8235551b01c1b9.sol
63992c077fda3c7f58a757a0fd26dccc,679d343e69382501a4a2e4869f07118aa38de6e179f593d15e414e4a0ed8a3fa,1,7,1,6,6,arithmetic|bad_randomness|denial_service|front_running|reentrancy|unchecked_low_calls,arithmetic,101|104|107|113|114|120,Zeus|eThor,C:\Users\Exauce\Documents\smart-contract-cgt\source\63992c077fda3c7f58a757a0fd26dccc.sol
63b32b170a85b511d5d6905116f25173,4784cd5fd8cbc233c326989b198760705b94c4ae9ff70b472eec2dfe2a3b37bf,1,6,3,3,6,arithmetic|bad_randomness|denial_service|front_running|reentrancy|unchecked_low_calls,arithmetic|front_running|unchecked_low_calls,101|104|107|113|114|120,Zeus,C:\Users\Exauce\Documents\smart-contract-cgt\source\63b32b170a85b511d5d6905116f25173.sol
63b9572e2566f7504aaeaf5a4aced12f,756e5c6447e4315152eac24829b76e0e7e0148c9d9ef932e27b81956033acfde,0,1,0,1,1,reentrancy,,107,SWCregistry,C:\Users\Exauce\Documents\smart-contract-cgt\source\63b9572e2566f7504aaeaf5a4aced12f.sol
63e58770880a543915b66319d086e8b5,42857f2e474b925dc036f60f359f617cfa5b0ff585b82031180c21b1d08c294d,1,7,4,3,6,arithmetic|bad_randomness|denial_service|front_running|reentrancy|unchecked_low_calls,arithmetic|bad_randomness|front_running|reentrancy,101|104|107|113|114|120,Zeus|eThor,C:\Users\Exauce\Documents\smart-contract-cgt\source\63e58770880a543915b66319d086e8b5.sol
63fdaebfe3c61aff1bddc41a5f305676,ac5616352edad348f22ca354e04631f56facebc94963456383eb4ab1dfdb746e,1,7,1,6,6,arithmetic|bad_randomness|denial_service|front_running|reentrancy|unchecked_low_calls,denial_service,101|104|107|113|114|120,Zeus|eThor,C:\Users\Exauce\Documents\smart-contract-cgt\source\63fdaebfe3c61aff1bddc41a5f305676.sol
6497645df2bb18a98abd503022e6062b,31271f74958ba5d3a6718913b2d05d3f0cf3f7fb5c5294110b40a9c0f5bd0673,1,1,1,0,1,time_manipulation,time_manipulation,116,ContractFuzzer,C:\Users\Exauce\Documents\smart-contract-cgt\source\6497645df2bb18a98abd503022e6062b.sol
649af40c5b40dd7f8d2df0a2344d9034,f95b7246eb82419adbada28c4fe079c13e3ac082f28e57f6a1353d44e818311d,1,7,3,4,6,arithmetic|bad_randomness|denial_service|front_running|reentrancy|unchecked_low_calls,arithmetic|front_running|unchecked_low_calls,101|104|107|113|114|120,Zeus|eThor,C:\Users\Exauce\Documents\smart-contract-cgt\source\649af40c5b40dd7f8d2df0a2344d9034.sol
64a4eb4ded65b90d989f9647eba6723b,8a382c7f508cda07dc86cf7a9ca09eaa88626b479295bad41b05b71633fb4e93,1,1,1,0,1,reentrancy,reentrancy,107,SolidiFI,C:\Users\Exauce\Documents\smart-contract-cgt\source\64a4eb4ded65b90d989f9647eba6723b.sol
64da1c24ff421234bc9884d36ed0c98c,c6a421340c862a975beccf86f72e0a1d5eca017a24abe23a19c4bb5a5bfb3317,0,4,0,4,3,bad_randomness|denial_service|unchecked_low_calls,,104|113|120|128,CodeSmells,C:\Users\Exauce\Documents\smart-contract-cgt\source\64da1c24ff421234bc9884d36ed0c98c.sol
6500dac0072f836cd4c2256e69ef2bed,8d9a984c9cc7f055b61d7564bafde8147334385bfa9cddf50148e6de0f1449e3,1,7,4,3,6,arithmetic|bad_randomness|denial_service|front_running|reentrancy|unchecked_low_calls,arithmetic|bad_randomness|front_running|unchecked_low_calls,101|104|107|113|114|120,Zeus|eThor,C:\Users\Exauce\Documents\smart-contract-cgt\source\6500dac0072f836cd4c2256e69ef2bed.sol
6502040890bb3ce8e3e073be8117b0c1,9d286945cd6cfee833a478a7bbbbba6d5ef818f2a29fb2fc96a6b4d0c8ec7523,1,5,1,4,5,arithmetic|bad_randomness|denial_service|front_running|unchecked_low_calls,arithmetic,101|104|113|114|120,Zeus,C:\Users\Exauce\Documents\smart-contract-cgt\source\6502040890bb3ce8e3e073be8117b0c1.sol
6505f9ae50581a504e71e57f40e13fff,7b7b6ce0028091671f5da958e93ce55bd6612874c25edec259528439aec33c6b,1,5,2,3,5,arithmetic|bad_randomness|denial_service|front_running|unchecked_low_calls,arithmetic|front_running,101|104|113|114|120,Zeus,C:\Users\Exauce\Documents\smart-contract-cgt\source\6505f9ae50581a504e71e57f40e13fff.sol
652686c608ec7ca2db6321d1dce79846,3517477a56a5841e92132db453ec6f2461084065f1db81a1c937d48262831304,1,7,4,3,6,arithmetic|bad_randomness|denial_service|front_running|reentrancy|unchecked_low_calls,arithmetic|bad_randomness|front_running|unchecked_low_calls,101|104|107|113|114|120,Zeus|eThor,C:\Users\Exauce\Documents\smart-contract-cgt\source\652686c608ec7ca2db6321d1dce79846.sol
6529e1c593d73cefdb0cbb3bcaed9c41,3274fe3efb3d811be981b2a2f909649fa8ca47429725a6bb60385f5bf7221c37,1,5,3,2,5,bad_randomness|denial_service|front_running|reentrancy|unchecked_low_calls,bad_randomness|front_running|unchecked_low_calls,104|107|113|114|120,Zeus,C:\Users\Exauce\Documents\smart-contract-cgt\source\6529e1c593d73cefdb0cbb3bcaed9c41.sol
6564e9376ca7cd8681e48b4c0cd9895a,9760f9ae96592d4327d96bfbaa501975a14a53978a09cfcf18571f3b13733312,1,6,1,5,5,bad_randomness|denial_service|front_running|reentrancy|unchecked_low_calls,front_running,104|107|113|114|120|128,CodeSmells|EthRacer,C:\Users\Exauce\Documents\smart-contract-cgt\source\6564e9376ca7cd8681e48b4c0cd9895a.sol
659198bdeb834a7113ded23228569df2,c381e5d50d52df807a76b6a0b2ea0cc3d3572559ef7f5a7f3a6d0956b783a901,0,5,0,5,4,bad_randomness|denial_service|reentrancy|unchecked_low_calls,,104|107|113|120|128,CodeSmells,C:\Users\Exauce\Documents\smart-contract-cgt\source\659198bdeb834a7113ded23228569df2.sol
65cb06be48ad697ce7c0fe887e6ef982,48d860fe9b3cbf0cc006a3118c8aed702f4cd10102712a6cab110396c7d3a58c,1,6,4,2,6,arithmetic|bad_randomness|denial_service|front_running|reentrancy|unchecked_low_calls,arithmetic|bad_randomness|denial_service|front_running,101|104|107|113|114|120,Zeus,C:\Users\Exauce\Documents\smart-contract-cgt\source\65cb06be48ad697ce7c0fe887e6ef982.sol
65ed0e61a54c3bbae6be05e2c520f1fd,bb53e800df847bfd102b3b2282057abb4b7f77bfd298fdcb59ccb30e4875dd8a,1,1,1,0,1,time_manipulation,time_manipulation,116,ContractFuzzer,C:\Users\Exauce\Documents\smart-contract-cgt\source\65ed0e61a54c3bbae6be05e2c520f1fd.sol
65f9a69efef994274c0cc42977a85bd9,b8f3bd88554616b9d907378f813aed46443c2222ed7179e0ac2ff22ae9d9d0f7,1,2,2,0,2,bad_randomness|time_manipulation,bad_randomness|time_manipulation,116|120,ContractFuzzer,C:\Users\Exauce\Documents\smart-contract-cgt\source\65f9a69efef994274c0cc42977a85bd9.sol
6663c325676a319e17e7376e58fb4157,82fd9887bf87929c3603d6967d39b7a380981cd939b98bc37291b6f9a788c335,1,1,1,0,1,reentrancy,reentrancy,107,SolidiFI,C:\Users\Exauce\Documents\smart-contract-cgt\source\6663c325676a319e17e7376e58fb4157.sol
66735e26f9d16cbced1aae9240223866,f17715eacfb2a8bcaadc5d23a2c4b2bfef7ab718ee236d532a48395c79b9b44e,1,1,1,0,1,reentrancy,reentrancy,107,ContractFuzzer,C:\Users\Exauce\Documents\smart-contract-cgt\source\66735e26f9d16cbced1aae9240223866.sol
668a31c1379246b2b11c4ce5861b6357,8002a4e2221f5f2c0a5c77c10f03af9323372c6ae103a237d926345ff8bed958,1,7,3,4,6,arithmetic|bad_randomness|denial_service|front_running|reentrancy|unchecked_low_calls,arithmetic|reentrancy,101|104|107|113|114|120,Zeus|eThor,C:\Users\Exauce\Documents\smart-contract-cgt\source\668a31c1379246b2b11c4ce5861b6357.sol
66965f9dc5381d8a259b261adf2ef237,f4b938f9c871ec79eda65cc75b22e16b0f78d4575a1a5ef27b75b9ab945cd47e,1,7,3,4,6,arithmetic|bad_randomness|denial_service|front_running|reentrancy|unchecked_low_calls,arithmetic|denial_service|reentrancy,101|104|107|113|114|120,Zeus|eThor,C:\Users\Exauce\Documents\smart-contract-cgt\source\66965f9dc5381d8a259b261adf2ef237.sol
66b135d93e50f200660ab66e4371b7f1,7c10b716e59527dd1917462cc1b3e099a33a80cd9b03f9679ec0e1824ae98748,1,7,1,6,6,arithmetic|bad_randomness|denial_service|front_running|reentrancy|unchecked_low_calls,arithmetic,101|104|107|113|114|120,Zeus|eThor,C:\Users\Exauce\Documents\smart-contract-cgt\source\66b135d93e50f200660ab66e4371b7f1.sol
670db6c8e70b8f49a63da12fafb3e4f8,1cbe30fcefb670370a069c3788780e3e978fa302cad35a9f032d5fc991a2b795,0,5,0,5,4,bad_randomness|denial_service|reentrancy|unchecked_low_calls,,104|107|113|120|128,CodeSmells,C:\Users\Exauce\Documents\smart-contract-cgt\source\670db6c8e70b8f49a63da12fafb3e4f8.sol
6714055755646611391fa8326c72a35d,9503ed0e27bfef137f4b40d1858e287ffadb6becd751288cc45646be91da7716,1,7,4,3,6,arithmetic|bad_randomness|denial_service|front_running|reentrancy|unchecked_low_calls,arithmetic|denial_service|front_running|unchecked_low_calls,101|104|107|113|114|120,Zeus|eThor,C:\Users\Exauce\Documents\smart-contract-cgt\source\6714055755646611391fa8326c72a35d.sol
67200292fb68982fb958ca8524e05a3e,b3267e806360863be0b52f7114569236460aa243337cd6a5fb70d6ef1b31fb1c,1,1,1,0,1,arithmetic,arithmetic,101,SolidiFI,C:\Users\Exauce\Documents\smart-contract-cgt\source\67200292fb68982fb958ca8524e05a3e.sol
672241d04178aac2aa32ebcd29108ffa,7925b47c1237acd4bc1509d7f043ca9370494a23cb27a7ae957f0c1d49c93f92,0,5,0,5,4,bad_randomness|denial_service|reentrancy|unchecked_low_calls,,104|107|113|120|128,CodeSmells,C:\Users\Exauce\Documents\smart-contract-cgt\source\672241d04178aac2aa32ebcd29108ffa.sol
6728d1274fbbaa812b9ed7aec83855dc,0d4bbdfbb617c765b0bf94841723c9c7e9f6388a3c7d8c26a8f49a0922da6bd7,0,5,0,5,4,bad_randomness|denial_service|reentrancy|unchecked_low_calls,,104|107|113|120|128,CodeSmells,C:\Users\Exauce\Documents\smart-contract-cgt\source\6728d1274fbbaa812b9ed7aec83855dc.sol
6729294c7f924f186f54baf301a743af,2590fda29e0e6c966855490f023ce25f7ca04ac2b8ff40ce1095eff7145a0718,1,1,1,0,1,arithmetic,arithmetic,101,JiuZhou,C:\Users\Exauce\Documents\smart-contract-cgt\source\6729294c7f924f186f54baf301a743af.sol
673153daea8ea5623257cc0383813183,49ba567a7e562f39bb41b55957d28109e3318cfc32ead145e2aca277d259a431,0,5,0,5,4,bad_randomness|denial_service|reentrancy|unchecked_low_calls,,104|107|113|120|128,CodeSmells,C:\Users\Exauce\Documents\smart-contract-cgt\source\673153daea8ea5623257cc0383813183.sol
677d5c30695e47f5f39e18aafd26086b,21b370c9fef8fd6e39a7dce1a9960e8ae328e6d49c80e7021b46c45faba17f16,1,1,1,0,1,time_manipulation,time_manipulation,116,SolidiFI,C:\Users\Exauce\Documents\smart-contract-cgt\source\677d5c30695e47f5f39e18aafd26086b.sol
67882c1993900f97520384729aeb9e96,f1c0edbe55eaa858645d9df3f803f94e9debc97d687bab2b925c838bd4b59092,0,7,0,7,6,arithmetic|bad_randomness|denial_service|front_running|reentrancy|unchecked_low_calls,,101|104|107|113|114|120,Zeus|eThor,C:\Users\Exauce\Documents\smart-contract-cgt\source\67882c1993900f97520384729aeb9e96.sol
67af8916463152895245e8474a2379a4,9a95ca033d2c4d9ef231d4b4a18499a5146a85db5ad07afe703ebffb367dafd4,1,6,1,5,6,arithmetic|bad_randomness|denial_service|front_running|reentrancy|unchecked_low_calls,arithmetic,101|104|107|113|114|120,Zeus,C:\Users\Exauce\Documents\smart-contract-cgt\source\67af8916463152895245e8474a2379a4.sol
67dccf450a3b77d50aa617b297a521dd,745806e094108c1d59dc73ffff7626c41de0c6868246d7065955195b108ef1f9,1,6,1,5,6,arithmetic|bad_randomness|denial_service|front_running|reentrancy|unchecked_low_calls,arithmetic,101|104|107|113|114|120,Zeus,C:\Users\Exauce\Documents\smart-contract-cgt\source\67dccf450a3b77d50aa617b297a521dd.sol
67e64e392d70ad946811b02530b443ea,d1cbaed159239f84bdbbd1c7bb3b5dbd5363a2e59e11c06aeda9b2c5409b6fb7,1,1,1,0,1,front_running,front_running,114,EthRacer,C:\Users\Exauce\Documents\smart-contract-cgt\source\67e64e392d70ad946811b02530b443ea.sol
68274dd0420f2a50c800c48696c56aee,b45204d135348c88b54386d7a658b9ebdf8b6862483dcf5f421167743228c5bb,1,1,1,0,1,front_running,front_running,114,SolidiFI,C:\Users\Exauce\Documents\smart-contract-cgt\source\68274dd0420f2a50c800c48696c56aee.sol
682949291e7370399d7f2bf3de0554df,a79cda725232fb624a49a2abef94629ce8efc1365e05a661e58fee7afa2a295b,0,12,0,12,6,arithmetic|bad_randomness|denial_service|front_running|reentrancy|unchecked_low_calls,,101|104|107|113|114|120,NPChecker|Zeus|eThor,C:\Users\Exauce\Documents\smart-contract-cgt\source\682949291e7370399d7f2bf3de0554df.sol
685948286959bf900ea6105091e607dc,66d568574bd935c299df30e90bc121ea06d345d83f7ec8ba4c0e6dd8a4878467,0,4,0,4,4,bad_randomness|denial_service|front_running|unchecked_low_calls,,104|113|114|120,Zeus,C:\Users\Exauce\Documents\smart-contract-cgt\source\685948286959bf900ea6105091e607dc.sol
685b99c32103a434a7e420637bb57de8,8110c682203747d912072f8d91a8287b7bb13944f416b76196894b2b5fe3fc67,0,5,0,5,4,bad_randomness|denial_service|reentrancy|unchecked_low_calls,,104|107|113|120|128,CodeSmells,C:\Users\Exauce\Documents\smart-contract-cgt\source\685b99c32103a434a7e420637bb57de8.sol
68669697c6df8b0e26eebb4fb52a633f,a95a7aff81df6321a576cef4d708c150b1b716812c354f42f7e2e91c58a54438,0,4,0,4,3,bad_randomness|denial_service|unchecked_low_calls,,104|113|120|128,CodeSmells,C:\Users\Exauce\Documents\smart-contract-cgt\source\68669697c6df8b0e26eebb4fb52a633f.sol
68b099601ca791d8778cd3aabc311d77,b055e48cfb04372ad1b339e6ef44e8202045fff7cfb0db51fd4f5b8a7b69bd7f,0,5,0,5,4,bad_randomness|denial_service|reentrancy|unchecked_low_calls,,104|107|113|120|128,CodeSmells,C:\Users\Exauce\Documents\smart-contract-cgt\source\68b099601ca791d8778cd3aabc311d77.sol
68b3147172092e5329d3a69c21bd56b7,000ab5b2255281eab42fffcaea58e8f37f2e36948946f84a4edc4da28630b35c,0,1,0,1,1,reentrancy,,107,NotSoSmartC,C:\Users\Exauce\Documents\smart-contract-cgt\source\68b3147172092e5329d3a69c21bd56b7.sol
68f13a52f8cf87ea0cb8d5d94ca1ca9b,62a138df39a5f005cea3d7f30be17b18aeb79ef4d0a0c1a3e4a3a2717a34d38c,1,1,1,0,1,denial_service,denial_service,128,JiuZhou,C:\Users\Exauce\Documents\smart-contract-cgt\source\68f13a52f8cf87ea0cb8d5d94ca1ca9b.sol
691ad18cb58edc10089f83836e8e3b57,ee38a2ad9c362171f18d19ac43e2fcc4b20a013ff607a9337c54c0146308451b,1,6,3,3,6,arithmetic|bad_randomness|denial_service|front_running|reentrancy|unchecked_low_calls,arithmetic|denial_service|front_running,101|104|107|113|114|120,Zeus,C:\Users\Exauce\Documents\smart-contract-cgt\source\691ad18cb58edc10089f83836e8e3b57.sol
69276e0c79bde624803d4169b1cb0e66,f5f1e026bdce69c70e2e2233641604a373590949272c01632225f7b959960918,0,1,0,1,1,front_running,,114,EthRacer,C:\Users\Exauce\Documents\smart-contract-cgt\source\69276e0c79bde624803d4169b1cb0e66.sol
692b867f51eccbcd595c923fd9fbbff7,91516198cd74e6ac12fdeda05de4801e356ec39655f9854aecf0fb12bf3e9be4,1,1,1,0,1,arithmetic,arithmetic,101,SolidiFI,C:\Users\Exauce\Documents\smart-contract-cgt\source\692b867f51eccbcd595c923fd9fbbff7.sol
692d2780ae531b99587abdc4153cea91,a62bd84e8d120c9475c0cb0aa72b8e3f44f36f74eefc653cbef8c89424a14901,0,7,0,7,6,arithmetic|bad_randomness|denial_service|front_running|reentrancy|unchecked_low_calls,,101|104|107|113|114|120,Zeus|eThor,C:\Users\Exauce\Documents\smart-contract-cgt\source\692d2780ae531b99587abdc4153cea91.sol
6960b79ca48496b10aa0537f8fd033d5,597f48aa51cf508d83c13e2acb0d04bc0b696a8e5fe3ac88d7316428e01077cb,1,6,4,2,6,arithmetic|bad_randomness|denial_service|front_running|reentrancy|unchecked_low_calls,arithmetic|bad_randomness|denial_service|front_running,101|104|107|113|114|120,Zeus,C:\Users\Exauce\Documents\smart-contract-cgt\source\6960b79ca48496b10aa0537f8fd033d5.sol
69756fb95542a1906854684fd1bc4724,5f7637594329525fb0611d876576534232d7156a0090fc1dbba754239f52ecec,0,5,0,5,4,bad_randomness|denial_service|reentrancy|unchecked_low_calls,,104|107|113|120|128,CodeSmells,C:\Users\Exauce\Documents\smart-contract-cgt\source\69756fb95542a1906854684fd1bc4724.sol
698fe22adf47361ab45d0d3fc6a93c56,63951f9b3c390b94d78e3ecdcc4dcd9e998ba5aab733fe28a76ce359ffe6fda1,1,1,1,0,1,bad_randomness,bad_randomness,120,ContractFuzzer,C:\Users\Exauce\Documents\smart-contract-cgt\source\698fe22adf47361ab45d0d3fc6a93c56.sol
69a1260348e9d08a7519556dd40a17ab,e5a4a159ac3ae972ee7bec65df684ac0f7ac69d604db9da8d5b0b2615cc7ca02,0,5,0,5,4,bad_randomness|denial_service|reentrancy|unchecked_low_calls,,104|107|113|120|128,CodeSmells,C:\Users\Exauce\Documents\smart-contract-cgt\source\69a1260348e9d08a7519556dd40a17ab.sol
69c85f8af81380f5de519ebbfa289dac,dd303aeea4d8919dab0e1b9f9f4fd457817c1e4b7894bb26f819c0e12c58f005,1,6,1,5,6,arithmetic|bad_randomness|denial_service|front_running|reentrancy|unchecked_low_calls,arithmetic,101|104|107|113|114|120,Zeus,C:\Users\Exauce\Documents\smart-contract-cgt\source\69c85f8af81380f5de519ebbfa289dac.sol
69d4401a52cea40d0ef3fc1382679984,4a327d2a6c7fe18236febc6dbe2bbf7c051f9235132a9f2d6e1904d528ad677d,1,7,4,3,6,arithmetic|bad_randomness|denial_service|front_running|reentrancy|unchecked_low_calls,arithmetic|bad_randomness|front_running|unchecked_low_calls,101|104|107|113|114|120,Zeus|eThor,C:\Users\Exauce\Documents\smart-contract-cgt\source\69d4401a52cea40d0ef3fc1382679984.sol
6a08c4751470fa5406cf416acf404220,025c89c58e9d3deecfcada8d0587a0a4d5403ea5ab2576cbcaca8faef099a14a,1,1,1,0,1,bad_randomness,bad_randomness,120,JiuZhou,C:\Users\Exauce\Documents\smart-contract-cgt\source\6a08c4751470fa5406cf416acf404220.sol
6a0ea470fc9606570718fd128db7ad3b,04f7a18235a3acb6c0ff39c29722da4e098c885cdc3ab1d6765380ba2e8a2217,0,6,0,6,6,arithmetic|bad_randomness|denial_service|front_running|reentrancy|unchecked_low_calls,,101|104|107|113|114|120,Zeus,C:\Users\Exauce\Documents\smart-contract-cgt\source\6a0ea470fc9606570718fd128db7ad3b.sol
6a763614ca7648dff52056818f810fb6,7f7e3fe10b7ad6c8c22d4efa24837eedd809ad0ea80b3c5fc3f13ce216fa7eb5,1,1,1,0,1,time_manipulation,time_manipulation,116,ContractFuzzer,C:\Users\Exauce\Documents\smart-contract-cgt\source\6a763614ca7648dff52056818f810fb6.sol
6ae97906aa92e45839ee0079c65241f3,ac8bdbe5a4c043ff490d8b88f68f5880cc870aabd9dd46c298a62d61845a90fd,1,8,3,5,6,arithmetic|bad_randomness|denial_service|front_running|reentrancy|unchecked_low_calls,arithmetic|bad_randomness,101|104|107|113|114|120,ContractFuzzer|Zeus|eThor,C:\Users\Exauce\Documents\smart-contract-cgt\source\6ae97906aa92e45839ee0079c65241f3.sol
6b6a8dfd8e972fc8210eb8c8350036d3,9445de3875f3f314710d6e8249f0c599e0517d092aa67a0ac131141ed45dc204,0,4,0,4,3,bad_randomness|denial_service|unchecked_low_calls,,104|113|120|128,CodeSmells,C:\Users\Exauce\Documents\smart-contract-cgt\source\6b6a8dfd8e972fc8210eb8c8350036d3.sol
6bdd34740960552fdc6487f513dcd3e1,4d7a2b34eacb7dc31530fb590c92b11bfdd08756efc552152fbf53a2d435b3d8,0,1,0,1,1,reentrancy,,107,Doublade,C:\Users\Exauce\Documents\smart-contract-cgt\source\6bdd34740960552fdc6487f513dcd3e1.sol
6bdd8ffce1fc121427f11ca151a61bbf,3be56242111f37ae5e87f1e097539f5c10c4a29d7a7992eec9d8dfdc9b566d64,0,6,0,6,6,arithmetic|bad_randomness|denial_service|front_running|reentrancy|unchecked_low_calls,,101|104|107|113|114|120,Zeus,C:\Users\Exauce\Documents\smart-contract-cgt\source\6bdd8ffce1fc121427f11ca151a61bbf.sol
6be598f09a0e93dc82035710ef495e1f,09e2f8d1ff011f6f1d065009f55ff9bff371b7c8eeffae29f51986dd4342bc26,1,1,1,0,1,front_running,front_running,114,SolidiFI,C:\Users\Exauce\Documents\smart-contract-cgt\source\6be598f09a0e93dc82035710ef495e1f.sol
6c1e3cedd518fae5f35308542b06bb7c,113b1b852aefb66057a33190430bb15ecb9699437da0dc153e0f8cf22e3f14c4,0,6,0,6,6,arithmetic|bad_randomness|denial_service|front_running|reentrancy|unchecked_low_calls,,101|104|107|113|114|120,Zeus,C:\Users\Exauce\Documents\smart-contract-cgt\source\6c1e3cedd518fae5f35308542b06bb7c.sol
6c2c83535a4ffdf071abd5585b397c34,016b9b5e0ea2bc8b04cdebb4aa796ad9394eac6a194b63055eadd20d144dce1f,1,1,1,0,1,time_manipulation,time_manipulation,116,ContractFuzzer,C:\Users\Exauce\Documents\smart-contract-cgt\source\6c2c83535a4ffdf071abd5585b397c34.sol
6c2e5dfc47d191acbe1adc04a85e3455,46b3917cc3a9f9c821eadb06aa29cb3d75d0ec024ef42859441a2299629c6aa5,0,1,0,1,1,front_running,,114,EthRacer,C:\Users\Exauce\Documents\smart-contract-cgt\source\6c2e5dfc47d191acbe1adc04a85e3455.sol
6c5f2b43fdf437940b2abb74a537288c,57240e360703fd651e4f26f2c67b6090fc23522915090d81a8981c8fe5c15a14,0,1,0,1,1,front_running,,114,EthRacer,C:\Users\Exauce\Documents\smart-contract-cgt\source\6c5f2b43fdf437940b2abb74a537288c.sol
6c6181b8ea3ac386f2f33a3fb5d4ff88,f65012bb1aca04c6592f45728ca3c263a46716fbfa8d09708f52e6e9be197d1b,1,2,2,0,1,denial_service,denial_service,113,Doublade,C:\Users\Exauce\Documents\smart-contract-cgt\source\6c6181b8ea3ac386f2f33a3fb5d4ff88.sol
6c73e4e3f8c5f7852781a0f8779c3bb7,192c7e94217bb533f3e085200c9f95da176830fc2f09207904cf39e3e98c0e97,1,7,3,4,6,arithmetic|bad_randomness|denial_service|front_running|reentrancy|unchecked_low_calls,arithmetic|denial_service|reentrancy,101|104|107|113|114|120,Zeus|eThor,C:\Users\Exauce\Documents\smart-contract-cgt\source\6c73e4e3f8c5f7852781a0f8779c3bb7.sol
6cd44cadb0d911368b2bf2063bc9568a,f68bbe8e349e4ba5f41a90c6cb0bdce825748a4916665b23f0272f5d340e7f16,0,4,0,4,3,bad_randomness|denial_service|unchecked_low_calls,,104|113|120|128,CodeSmells,C:\Users\Exauce\Documents\smart-contract-cgt\source\6cd44cadb0d911368b2bf2063bc9568a.sol
6cdea8a472db0934dc539f8871e09043,2636cd567df62ef16b33805bd04d705e8c31ebdd548d0b7708510973eef6fda2,1,1,1,0,1,front_running,front_running,114,SolidiFI,C:\Users\Exauce\Documents\smart-contract-cgt\source\6cdea8a472db0934dc539f8871e09043.sol
6d0e07b9bbdd64fc664c6ead94084ab1,42837906f5dfb4c57428b50555bf82515d6d715bce4b376568e0da8770b40aea,1,5,2,3,5,arithmetic|bad_randomness|denial_service|front_running|unchecked_low_calls,arithmetic|front_running,101|104|113|114|120,Zeus,C:\Users\Exauce\Documents\smart-contract-cgt\source\6d0e07b9bbdd64fc664c6ead94084ab1.sol
6d225ac8e4863d6da804e0878b4f912d,db9c6691d55155759f4dc320dfaaf4c85a9be391fa64845fd1a9c962fde713c9,0,5,0,5,4,bad_randomness|denial_service|reentrancy|unchecked_low_calls,,104|107|113|120|128,CodeSmells,C:\Users\Exauce\Documents\smart-contract-cgt\source\6d225ac8e4863d6da804e0878b4f912d.sol
6d2a2803ee6f4ec2404a40252029c180,1a2bc6d7b034f61cf9739acd279837bf5d744586c7d8a86a8955a8ef3ebf6935,1,1,1,0,1,bad_randomness,bad_randomness,120,ContractFuzzer,C:\Users\Exauce\Documents\smart-contract-cgt\source\6d2a2803ee6f4ec2404a40252029c180.sol
6d33c36afaf85eaa61349232ea81c338,acab888d0eb783cf7a4e801ad4f30adb2f5cbc3d85b98541223fcec9d5bde543,1,1,1,0,1,front_running,front_running,114,EthRacer,C:\Users\Exauce\Documents\smart-contract-cgt\source\6d33c36afaf85eaa61349232ea81c338.sol
6da06530ead7f32f03184d306bad327b,5adeddd74ed22a3fe8ca88ac349d668c7f35e769df0f6b7826598a1b813a9f4e,0,5,0,5,4,bad_randomness|denial_service|reentrancy|unchecked_low_calls,,104|107|113|120|128,CodeSmells,C:\Users\Exauce\Documents\smart-contract-cgt\source\6da06530ead7f32f03184d306bad327b.sol
6dec2e7010cda69d567f2708d7abccb7,597acc631b73a826df46f9fb126251ca9af7c2f20e9a1d36d433035c0a85329f,1,1,1,0,1,denial_service,denial_service,113,Doublade,C:\Users\Exauce\Documents\smart-contract-cgt\source\6dec2e7010cda69d567f2708d7abccb7.sol
6e0f03fde07cb56d118554b567bae9ca,0943b8aac73ec393aa6057e8bb6adff5df41a8c902c70525be112768133db1ac,1,6,3,3,6,arithmetic|bad_randomness|denial_service|front_running|reentrancy|unchecked_low_calls,arithmetic|denial_service|front_running,101|104|107|113|114|120,Zeus,C:\Users\Exauce\Documents\smart-contract-cgt\source\6e0f03fde07cb56d118554b567bae9ca.sol
6e1b1058ee39fb539b78f84cfcc7933c,3764c74e8133336c53355a2ddcc1e15ae4137e3b6fe6f3434b95a37e45a63e30,0,5,0,5,4,bad_randomness|denial_service|reentrancy|unchecked_low_calls,,104|107|113|120|128,CodeSmells,C:\Users\Exauce\Documents\smart-contract-cgt\source\6e1b1058ee39fb539b78f84cfcc7933c.sol
6e474b7a3e12ef562419ab71c0520aea,5ab44c73524e55d4f038bb07ef85ce39e1ed2ad54d7c5ea507bd2411756dd345,1,1,1,0,1,time_manipulation,time_manipulation,116,ContractFuzzer,C:\Users\Exauce\Documents\smart-contract-cgt\source\6e474b7a3e12ef562419ab71c0520aea.sol
6e5827590a4e4b190d2d322aca517def,5cde04cd0d3e583dd97d5805745a33410146969d7093830f6f4f09756132ac79,1,7,4,3,6,arithmetic|bad_randomness|denial_service|front_running|reentrancy|unchecked_low_calls,arithmetic|bad_randomness|front_running|unchecked_low_calls,101|104|107|113|114|120,Zeus|eThor,C:\Users\Exauce\Documents\smart-contract-cgt\source\6e5827590a4e4b190d2d322aca517def.sol
6e6653bd9f7cff001d9299f5223dc4fe,1a9cb115677248adfdd087d9a076fac31ba0f63bce42c95eadaae3ecce9f5fbf,1,1,1,0,1,reentrancy,reentrancy,107,SolidiFI,C:\Users\Exauce\Documents\smart-contract-cgt\source\6e6653bd9f7cff001d9299f5223dc4fe.sol
6e70ce4c41e5ba57835b23358af92214,9292795f99b8b710661de55474581043514cbc484742cced0b644344e823899e,1,1,1,0,1,time_manipulation,time_manipulation,116,ContractFuzzer,C:\Users\Exauce\Documents\smart-contract-cgt\source\6e70ce4c41e5ba57835b23358af92214.sol
6e7607cdf8963091a078d0d5b37d1421,7c2d245fa29f64e3d535da15b55847d78ec11533d1c5796959085b2d8118655f,1,1,1,0,1,front_running,front_running,114,SolidiFI,C:\Users\Exauce\Documents\smart-contract-cgt\source\6e7607cdf8963091a078d0d5b37d1421.sol
6e820710a056a4949c7ee0ba07bdd629,f842f044b7624d9bdd5ec2e0461144f96401098e253f11ceb5d13bdb35882da4,1,1,1,0,1,arithmetic,arithmetic,101,SolidiFI,C:\Users\Exauce\Documents\smart-contract-cgt\source\6e820710a056a4949c7ee0ba07bdd629.sol
6e906316f0492ecfb598521ff96015fd,62f22cfa0bbfe3b24e8ca05b6d4de7b5a246cc91c23c07e73bc2f70895caa7e3,1,1,1,0,1,arithmetic,arithmetic,101,SolidiFI,C:\Users\Exauce\Documents\smart-contract-cgt\source\6e906316f0492ecfb598521ff96015fd.sol
6e969d0f83987634a95f1fe68df3374e,e4c6c9d7cb6200923645d290e4c960a2b047335e378744dd53f7e12b4c210f7a,1,1,1,0,1,unchecked_low_calls,unchecked_low_calls,104,SolidiFI,C:\Users\Exauce\Documents\smart-contract-cgt\source\6e969d0f83987634a95f1fe68df3374e.sol
6ec32e59ad2fd033e28877be45284c17,266e86d1680f6bece17dae2924ce63236451e0313642a7edbb09328596927949,1,6,1,5,6,arithmetic|bad_randomness|denial_service|front_running|reentrancy|unchecked_low_calls,arithmetic,101|104|107|113|114|120,Zeus,C:\Users\Exauce\Documents\smart-contract-cgt\source\6ec32e59ad2fd033e28877be45284c17.sol
6ecd155721fbaf6bb1d37261a16028b5,ff27d2f4fc8ae4edf01a121956f94e9458b171c6df8cd9b62ad9b55c3e7e73c9,1,1,1,0,1,time_manipulation,time_manipulation,116,SolidiFI,C:\Users\Exauce\Documents\smart-contract-cgt\source\6ecd155721fbaf6bb1d37261a16028b5.sol
6ed4d37392add7aaf9898db587ddb6f3,6ef49768776d8e2221c2c2fa6eca3f5bcccebb2d14da9042eeb76659f309c4ec,0,5,0,5,4,bad_randomness|denial_service|reentrancy|unchecked_low_calls,,104|107|113|120|128,CodeSmells,C:\Users\Exauce\Documents\smart-contract-cgt\source\6ed4d37392add7aaf9898db587ddb6f3.sol
6ed8f2b13987e5c5945bfe64ae9e2d48,66d118153c9278cd3d4850ead9c8017a8062a6c9e4868b1c2075e54001571318,0,1,0,1,1,bad_randomness,,120,SWCregistry,C:\Users\Exauce\Documents\smart-contract-cgt\source\6ed8f2b13987e5c5945bfe64ae9e2d48.sol
6f0a4b3a110b5684bb76f5afbcb83195,180942f548648bef3397c2248359835822e704a45120a5396a9fe585707d4e04,1,7,3,4,6,arithmetic|bad_randomness|denial_service|front_running|reentrancy|unchecked_low_calls,arithmetic|denial_service|reentrancy,101|104|107|113|114|120,Zeus|eThor,C:\Users\Exauce\Documents\smart-contract-cgt\source\6f0a4b3a110b5684bb76f5afbcb83195.sol
6f18a424c9315bce4bc9cbe0701afcb5,dbd0303a5457df5ed26032b9684632e47736b04cac6a40a2cdf2738a2f45a2e5,1,1,1,0,1,unchecked_low_calls,unchecked_low_calls,104,SolidiFI,C:\Users\Exauce\Documents\smart-contract-cgt\source\6f18a424c9315bce4bc9cbe0701afcb5.sol
6f2372e9a6c4eb54da1f676ddc2dfb93,bce3c75d49dd4102529a9dc003edb057484e74c33642bd099c21923715f8ac5b,1,6,1,5,6,arithmetic|bad_randomness|denial_service|front_running|reentrancy|unchecked_low_calls,arithmetic,101|104|107|113|114|120,Zeus,C:\Users\Exauce\Documents\smart-contract-cgt\source\6f2372e9a6c4eb54da1f676ddc2dfb93.sol
6f298016822a0d553cd6018dff886cae,0e3ea709f5ee68c0adf8561a29c593cc94c8b9046e3deafc679d26f44e77a6b6,1,1,1,0,1,bad_randomness,bad_randomness,120,ContractFuzzer,C:\Users\Exauce\Documents\smart-contract-cgt\source\6f298016822a0d553cd6018dff886cae.sol
6f362f295b6aa256356737f42121ed15,1ac97e642ed88391904553fbd47a2c398a286461b0bae352d7ca8c97d0d68eab,1,5,3,2,5,arithmetic|bad_randomness|front_running|reentrancy|unchecked_low_calls,arithmetic|bad_randomness|front_running,101|104|107|114|120,Zeus,C:\Users\Exauce\Documents\smart-contract-cgt\source\6f362f295b6aa256356737f42121ed15.sol
6f457f194440242a7f3e1d358483b09b,3d4ae052078474672e364834393e42fce7b40672990536ac4e44e45b9bc20671,0,7,0,7,6,arithmetic|bad_randomness|denial_service|front_running|reentrancy|unchecked_low_calls,,101|104|107|113|114|120,Zeus|eThor,C:\Users\Exauce\Documents\smart-contract-cgt\source\6f457f194440242a7f3e1d358483b09b.sol
6f743a3b65517a1c94eae500fa939a26,5bbdcdf6017882a0ef7a2ad3fd9576fc0c91a642fbe9e54be868406690db2a5d,1,6,1,5,6,arithmetic|bad_randomness|denial_service|front_running|reentrancy|unchecked_low_calls,denial_service,101|104|107|113|114|120,Zeus,C:\Users\Exauce\Documents\smart-contract-cgt\source\6f743a3b65517a1c94eae500fa939a26.sol
6fab2d27933e8c26e2bf144353ea4226,0b71e8dcc04f7f55b80b94d451e3d0589c799511eee9a4c1d83748e88b8a8195,1,1,1,0,1,time_manipulation,time_manipulation,116,ContractFuzzer,C:\Users\Exauce\Documents\smart-contract-cgt\source\6fab2d27933e8c26e2bf144353ea4226.sol
6fbb7a5c0c11157b9e096228c856362e,bc8d539ca5eb73406c624ab89ce67f1bced652a46a7a3b75ee42aa87f889d4ef,1,8,2,6,6,arithmetic|bad_randomness|denial_service|front_running|reentrancy|unchecked_low_calls,arithmetic|unchecked_low_calls,101|104|107|113|114|120,Doublade|Zeus|eThor,C:\Users\Exauce\Documents\smart-contract-cgt\source\6fbb7a5c0c11157b9e096228c856362e.sol
6fe1e693bfa68d5712c8076451fa5951,1974b237c7d9cd2504b7da61d24cd46e50a86f275be0d3394da12600b24bcdf3,1,7,4,3,6,arithmetic|bad_randomness|denial_service|front_running|reentrancy|unchecked_low_calls,arithmetic|bad_randomness|front_running|reentrancy,101|104|107|113|114|120,Zeus|eThor,C:\Users\Exauce\Documents\smart-contract-cgt\source\6fe1e693bfa68d5712c8076451fa5951.sol
6ff3f276e05c6d074f0a187cca966738,4137c097c19747b7918c28d05486df1b1cfcaee45cf108a8da42b3cabe43766b,1,1,1,0,1,time_manipulation,time_manipulation,116,SolidiFI,C:\Users\Exauce\Documents\smart-contract-cgt\source\6ff3f276e05c6d074f0a187cca966738.sol
70209f077c4d53518ccfcd0a97a86406,3ec252b0e7268ec4091a1510b42f4c5406226cca3daafd743d2d4ab5b1d594be,1,7,3,4,6,arithmetic|bad_randomness|denial_service|front_running|reentrancy|unchecked_low_calls,arithmetic|front_running|unchecked_low_calls,101|104|107|113|114|120,Zeus|eThor,C:\Users\Exauce\Documents\smart-contract-cgt\source\70209f077c4d53518ccfcd0a97a86406.sol
705913f4fe05f8e6e445d1e3727d34ca,10e4c7c98006fc2edf0500deabd61d661a0ff0df6e84aa0f8d2187a241336063,1,5,1,4,4,bad_randomness|denial_service|reentrancy|unchecked_low_calls,unchecked_low_calls,104|107|113|120|128,CodeSmells,C:\Users\Exauce\Documents\smart-contract-cgt\source\705913f4fe05f8e6e445d1e3727d34ca.sol
706e5e05978e067c55ad94976a35924c,357e2935d510e805c1f28da8bb05fa7fe384914142a16840a84a0e32ac6ac104,0,7,0,7,6,arithmetic|bad_randomness|denial_service|front_running|reentrancy|unchecked_low_calls,,101|104|107|113|114|120,Zeus|eThor,C:\Users\Exauce\Documents\smart-contract-cgt\source\706e5e05978e067c55ad94976a35924c.sol
7071554947ea73a4bf62a37c06a8cea4,2a1d096f07877ad4c35179699bc0cdb3eea6f43b36442ad5fc7ba004bfea2509,1,1,1,0,1,reentrancy,reentrancy,107,SolidiFI,C:\Users\Exauce\Documents\smart-contract-cgt\source\7071554947ea73a4bf62a37c06a8cea4.sol
7074e9cce1838b560f9504f60e5dcdf5,c245cbda683222bd3f021ae05f4ba8f060e7d9bc032121bca7c99502be28e0ad,1,11,4,7,6,arithmetic|bad_randomness|denial_service|front_running|reentrancy|unchecked_low_calls,arithmetic|bad_randomness|denial_service|front_running,101|104|107|113|114|120|128,CodeSmells|Zeus|eThor,C:\Users\Exauce\Documents\smart-contract-cgt\source\7074e9cce1838b560f9504f60e5dcdf5.sol
70f4803cbbb29f62b9912ba11687051a,5cd03fb43284a92d6b3e4affce53eb1fc33f4d479dc961e5f959eb9b572de358,1,6,1,5,6,arithmetic|bad_randomness|denial_service|front_running|reentrancy|unchecked_low_calls,arithmetic,101|104|107|113|114|120,Zeus,C:\Users\Exauce\Documents\smart-contract-cgt\source\70f4803cbbb29f62b9912ba11687051a.sol
711b1efdaa7f1fe246879c249a83a0e7,db0819ee90d0968591a5440bb7c9d0152929c5469e0e01d22bdf63a68dc75350,1,1,1,0,1,unchecked_low_calls,unchecked_low_calls,104,SolidiFI,C:\Users\Exauce\Documents\smart-contract-cgt\source\711b1efdaa7f1fe246879c249a83a0e7.sol
71223e893a8419dbc61a3f95cd9de5ad,d23f5a9c5775a7eb2088cc34ff2c5dff742ba33c0d14564f2057c84c0df70897,1,1,1,0,1,front_running,front_running,114,SolidiFI,C:\Users\Exauce\Documents\smart-contract-cgt\source\71223e893a8419dbc61a3f95cd9de5ad.sol
71389e64ab96ff841df2394fa13a7429,4958f8b80c811f07e2ff0a390fd44ac3275eed2f1f5416d71dac0251f1d0b118,1,1,1,0,1,bad_randomness,bad_randomness,120,ContractFuzzer,C:\Users\Exauce\Documents\smart-contract-cgt\source\71389e64ab96ff841df2394fa13a7429.sol
7167040d12494e69e1c42de4b0f8bea2,47020987a8451caa53781d524b1e3643dd514dc6de3fa3bc3f69390d3e124c6d,1,5,1,4,4,bad_randomness|denial_service|reentrancy|unchecked_low_calls,bad_randomness,104|107|113|120|128,CodeSmells,C:\Users\Exauce\Documents\smart-contract-cgt\source\7167040d12494e69e1c42de4b0f8bea2.sol
716c1f1a5b62d378764b9cdb7be9cfb9,962694ce4c280f707381fb5405a40ac64fe594176836b72c7ecb149d6182dc01,1,1,1,0,1,front_running,front_running,114,EthRacer,C:\Users\Exauce\Documents\smart-contract-cgt\source\716c1f1a5b62d378764b9cdb7be9cfb9.sol
71bc5d102050e91557d75f0b087aae87,30891c12f8c0ed4cbe2794dbccb22ad0ef4be977bb223fbf41c39084564a2e6a,0,1,0,1,1,reentrancy,,107,Doublade,C:\Users\Exauce\Documents\smart-contract-cgt\source\71bc5d102050e91557d75f0b087aae87.sol
71ecbae277e89913114f9ba1cdf5c720,1cf1b485bc50e9668ac67c47902b37bf61571c762461081c1c85015d9d3c570c,0,6,0,6,6,arithmetic|bad_randomness|denial_service|front_running|reentrancy|unchecked_low_calls,,101|104|107|113|114|120,Zeus,C:\Users\Exauce\Documents\smart-contract-cgt\source\71ecbae277e89913114f9ba1cdf5c720.sol
7290b74bc2e49075508adc65be008112,cbb478738570ac2c199f221aaa06f791ff2b62c42890155bc9a65efbfab3d781,1,7,1,6,6,arithmetic|bad_randomness|denial_service|front_running|reentrancy|unchecked_low_calls,arithmetic,101|104|107|113|114|120,Zeus|eThor,C:\Users\Exauce\Documents\smart-contract-cgt\source\7290b74bc2e49075508adc65be008112.sol
7292adb8d9ce813fd36e7687738e3de2,1a0c6e3fda9f6943ac8c1a25e8e63e184e8339d7b09b8ccc92b746157b981ad6,1,7,2,5,6,arithmetic|bad_randomness|denial_service|front_running|reentrancy|unchecked_low_calls,arithmetic|denial_service,101|104|107|113|114|120,Zeus|eThor,C:\Users\Exauce\Documents\smart-contract-cgt\source\7292adb8d9ce813fd36e7687738e3de2.sol
72c1b33723843471843e4445a2dca0da,6b9d45695f8ef7f8eec13ef64627e2e4fb66d72773c5232377e0f2a672454a74,1,11,5,6,6,arithmetic|bad_randomness|denial_service|front_running|reentrancy|unchecked_low_calls,arithmetic|denial_service|front_running|unchecked_low_calls,101|104|107|113|114|120|128,CodeSmells|Zeus,C:\Users\Exauce\Documents\smart-contract-cgt\source\72c1b33723843471843e4445a2dca0da.sol
72cecfd60c6ed641570cf60783f6f23c,dbb5a2ba12c722f70c5826bcb75b9398f99fd5bf6df374aef4cb3df7c1fe0371,1,1,1,0,1,front_running,front_running,114,EthRacer,C:\Users\Exauce\Documents\smart-contract-cgt\source\72cecfd60c6ed641570cf60783f6f23c.sol
72d2e267fc295b17af504d91f48ccc10,db0e7abeb98f6563de14eadc6069519952e9f7d7feab7213a921f87381b537b0,0,5,0,5,4,bad_randomness|denial_service|reentrancy|unchecked_low_calls,,104|107|113|120|128,CodeSmells,C:\Users\Exauce\Documents\smart-contract-cgt\source\72d2e267fc295b17af504d91f48ccc10.sol
730d5df102a80a444a5b90026bf7c692,76ea16091584f78e80c76f66dbb55dae49d00df964a59f84366d3f4fa45a4158,1,8,4,4,6,arithmetic|bad_randomness|denial_service|front_running|reentrancy|unchecked_low_calls,arithmetic|front_running|unchecked_low_calls,101|104|107|113|114|120,ContractFuzzer|Zeus|eThor,C:\Users\Exauce\Documents\smart-contract-cgt\source\730d5df102a80a444a5b90026bf7c692.sol
7346dff085b523d2820f65c1f9065fb0,c4e87143d779e7bc2b78f086fefc6238067134b3f255e35c01f3ca99a356d314,1,1,1,0,1,bad_randomness,bad_randomness,120,ContractFuzzer,C:\Users\Exauce\Documents\smart-contract-cgt\source\7346dff085b523d2820f65c1f9065fb0.sol
734aa600d951e36e39d4f94248676ab2,a517f32ab0a9e8b41b312d6031c911866f2a4a9b9ea325994bdc7e05768e2add,1,7,3,4,6,arithmetic|bad_randomness|denial_service|front_running|reentrancy|unchecked_low_calls,arithmetic|front_running|unchecked_low_calls,101|104|107|113|114|120,Zeus|eThor,C:\Users\Exauce\Documents\smart-contract-cgt\source\734aa600d951e36e39d4f94248676ab2.sol
735483d61ed5b9d9aa9e31ef8567c988,7a5e324a5adeee274cf56e011096c45506395611f0b4e5410bc2a0a4e6b38e0c,1,1,1,0,1,reentrancy,reentrancy,107,SolidiFI,C:\Users\Exauce\Documents\smart-contract-cgt\source\735483d61ed5b9d9aa9e31ef8567c988.sol
73555ae4b71ce220e9ded35284c80a3a,40f37d0765dbb07790d6b68cc9c0c311169a73ecca7e4cc27eb8b14401ac53eb,1,1,1,0,1,front_running,front_running,114,EthRacer,C:\Users\Exauce\Documents\smart-contract-cgt\source\73555ae4b71ce220e9ded35284c80a3a.sol
736fe21716c4bb540c13121f978d1850,5ca836e2c2df600997df9a989363cc7040c4ce0e2adc10ff24e59798565e9b39,0,6,0,6,6,arithmetic|bad_randomness|denial_service|front_running|reentrancy|unchecked_low_calls,,101|104|107|113|114|120,Zeus,C:\Users\Exauce\Documents\smart-contract-cgt\source\736fe21716c4bb540c13121f978d1850.sol
738cda6c5d4d0952633d7a91e88d6f6a,8bc47c1a1472ee2ee2c4e9cb254643f6ef3fe20f9aac1ebd4ed4300d685bea95,0,5,0,5,4,bad_randomness|denial_service|reentrancy|unchecked_low_calls,,104|107|113|120|128,CodeSmells,C:\Users\Exauce\Documents\smart-contract-cgt\source\738cda6c5d4d0952633d7a91e88d6f6a.sol
7391ec54eca9eb37bd2cd1d7263097a6,a25577d15d9d69d53f37c40f5d237a8609464c7b0f862b4e24ffa3c30ec12b3d,0,5,0,5,4,bad_randomness|denial_service|reentrancy|unchecked_low_calls,,104|107|113|120|128,CodeSmells,C:\Users\Exauce\Documents\smart-contract-cgt\source\7391ec54eca9eb37bd2cd1d7263097a6.sol
7396c4df9cd89c1b1bbafc7821d87698,d406a84983b5ffa9860ff96e5953ec4d383ab6035320e97748bf2ccfc893ef67,1,7,1,6,6,arithmetic|bad_randomness|denial_service|front_running|reentrancy|unchecked_low_calls,denial_service,101|104|107|113|114|120,Zeus|eThor,C:\Users\Exauce\Documents\smart-contract-cgt\source\7396c4df9cd89c1b1bbafc7821d87698.sol
73a8debe2e975aeae26930f89ecb0a61,62d0f04f822bc23749e36748c8a5e3357a96cf31d70ffa9db5f4a8abd4e013e6,1,6,5,1,6,arithmetic|bad_randomness|denial_service|front_running|reentrancy|unchecked_low_calls,arithmetic|bad_randomness|denial_service|front_running|unchecked_low_calls,101|104|107|113|114|120,Zeus,C:\Users\Exauce\Documents\smart-contract-cgt\source\73a8debe2e975aeae26930f89ecb0a61.sol
73f8c19a1c36b10c33493b08e6807053,e9f9bd6995a6022f183803ece84b8bd37955d984d2f3e95c9a20114650668681,1,1,1,0,1,unchecked_low_calls,unchecked_low_calls,104,SolidiFI,C:\Users\Exauce\Documents\smart-contract-cgt\source\73f8c19a1c36b10c33493b08e6807053.sol
740d58de759400575c5b7700f11a8e67,5bc25240adbfa43d89360ec01b15d10acd629daf7dbc43dd3b9190e6d8a1b23d,0,5,0,5,4,bad_randomness|denial_service|reentrancy|unchecked_low_calls,,104|107|113|120|128,CodeSmells,C:\Users\Exauce\Documents\smart-contract-cgt\source\740d58de759400575c5b7700f11a8e67.sol
74325a89e4ca4b627f497b14f8a21faf,43e10c7f50a4584818ff0e32a0c50513a44bf9298fb3fb2acab9056780af64b9,0,6,0,6,6,arithmetic|bad_randomness|denial_service|front_running|reentrancy|unchecked_low_calls,,101|104|107|113|114|120,Zeus,C:\Users\Exauce\Documents\smart-contract-cgt\source\74325a89e4ca4b627f497b14f8a21faf.sol
7492b42303855e72ec58f4750580ffc3,ed2ad90e225e853aceab853015fa07d9e0876866b6fa10c7c5d678e48ab75772,1,1,1,0,1,denial_service,denial_service,113,Doublade,C:\Users\Exauce\Documents\smart-contract-cgt\source\7492b42303855e72ec58f4750580ffc3.sol
74a9cc8e9d2ced3567d9cd2dbcd44600,81ccfc9f88eb654e948be5da54a80dbc12fdde52d6c28206fd03f972b2fb6801,0,5,0,5,4,bad_randomness|denial_service|reentrancy|unchecked_low_calls,,104|107|113|120|128,CodeSmells,C:\Users\Exauce\Documents\smart-contract-cgt\source\74a9cc8e9d2ced3567d9cd2dbcd44600.sol
74c75f12af10014e829f916f081a8bc8,5e40bdf9108d42387e2eaddb4d1316ba0081749065a72475e7f082a48e85a3ca,0,7,0,7,6,arithmetic|bad_randomness|denial_service|front_running|reentrancy|unchecked_low_calls,,101|104|107|113|114|120,Zeus|eThor,C:\Users\Exauce\Documents\smart-contract-cgt\source\74c75f12af10014e829f916f081a8bc8.sol
755363468144b9d2a5ee332c3abda0c4,b8c3dcd4ee92bde3899e7aba7af0625b45988f2bf6e1139836b067fb936b76e1,0,4,0,4,3,bad_randomness|denial_service|unchecked_low_calls,,104|113|120|128,CodeSmells,C:\Users\Exauce\Documents\smart-contract-cgt\source\755363468144b9d2a5ee332c3abda0c4.sol
758626dd5c9edcb24b8d02bdcd696c35,7c236d315a4c3620fd4e5a4778c6906f329c5a664fd37727daedfffc5d737362,1,1,1,0,1,arithmetic,arithmetic,101,SolidiFI,C:\Users\Exauce\Documents\smart-contract-cgt\source\758626dd5c9edcb24b8d02bdcd696c35.sol
75a1d4f547c131286f22e2f684e7e2ba,a2ffc2e6c4dbc3f0e976ef32708ca6fe985e8317f61cf2d01cdc3812dcd27805,1,1,1,0,1,time_manipulation,time_manipulation,116,SolidiFI,C:\Users\Exauce\Documents\smart-contract-cgt\source\75a1d4f547c131286f22e2f684e7e2ba.sol
75a3cb5ca080ba7238e39ce50147887c,87f5fbf562f9be1d34f208741f0b49cb88e2ab1e81b001b88185287ea6df557b,1,1,1,0,1,unchecked_low_calls,unchecked_low_calls,104,ContractFuzzer,C:\Users\Exauce\Documents\smart-contract-cgt\source\75a3cb5ca080ba7238e39ce50147887c.sol
75b8e2bbd0ac7871eabc57470f3ac29e,bea7c92a0bc1b2b6c7b73945223d082e8736da00da04d9a5f56ec9986dd093e8,1,1,1,0,1,bad_randomness,bad_randomness,120,ContractFuzzer,C:\Users\Exauce\Documents\smart-contract-cgt\source\75b8e2bbd0ac7871eabc57470f3ac29e.sol
75dbc241bd72aed63cd2e92fd18b39db,596b2e2c38f39583c41dd81e1cef7b5c3edc90cdf57dcf76aae43cd5e05f300b,1,5,1,4,5,bad_randomness|denial_service|front_running|reentrancy|unchecked_low_calls,front_running,104|107|113|114|120,NPChecker,C:\Users\Exauce\Documents\smart-contract-cgt\source\75dbc241bd72aed63cd2e92fd18b39db.sol
7664c901c397094e9fa2b9b250fabac1,2dd248b0a525786892171caa8939cfe2823c1a11c2e3b240304ad3d9113bbc23,1,5,2,3,4,bad_randomness|denial_service|reentrancy|unchecked_low_calls,reentrancy|unchecked_low_calls,104|107|113|120|128,CodeSmells|NotSoSmartC,C:\Users\Exauce\Documents\smart-contract-cgt\source\7664c901c397094e9fa2b9b250fabac1.sol
76842ffbf10d8f31578dcc0b201c906c,ee680221c5e4c1f06eda5331b86c07ef2120279f9b821653e7180240d6248b76,1,6,2,4,6,arithmetic|bad_randomness|denial_service|front_running|reentrancy|unchecked_low_calls,denial_service|front_running,101|104|107|113|114|120,Zeus,C:\Users\Exauce\Documents\smart-contract-cgt\source\76842ffbf10d8f31578dcc0b201c906c.sol
76b4d5b17906ff10116249550d16dedf,acf2a48dce3e0fc8ed158ad555a8a143f368ce4d5c92ddce5e07205659942974,1,6,1,5,6,arithmetic|bad_randomness|denial_service|front_running|reentrancy|unchecked_low_calls,arithmetic,101|104|107|113|114|120,Zeus,C:\Users\Exauce\Documents\smart-contract-cgt\source\76b4d5b17906ff10116249550d16dedf.sol
76c070810e8737a0f3f15e384649151a,a2e66248768f1bfff4d11dcaf0e99f6219d4411b7ead8b5f7bea100a3fe39ebe,0,5,0,5,4,bad_randomness|denial_service|reentrancy|unchecked_low_calls,,104|107|113|120|128,CodeSmells,C:\Users\Exauce\Documents\smart-contract-cgt\source\76c070810e8737a0f3f15e384649151a.sol
76c0fb3498bd12505069726eabf3f30f,bf6419aef55b85b14d76af463230eea3cf896a7f99436a7eae9614e6d1d018b0,1,1,1,0,1,time_manipulation,time_manipulation,116,ContractFuzzer,C:\Users\Exauce\Documents\smart-contract-cgt\source\76c0fb3498bd12505069726eabf3f30f.sol
76d397cfc254cc18e83fe06dbbca1f2f,53db83470c5c485938c2ec4f634fcb7ab0da102f0a91c91b904ebe9fe8100ff8,1,1,1,0,1,unchecked_low_calls,unchecked_low_calls,104,SolidiFI,C:\Users\Exauce\Documents\smart-contract-cgt\source\76d397cfc254cc18e83fe06dbbca1f2f.sol
76f86d8427d414b242165c7c96d0099d,6eea1bba674e25dea01f2b11926a6db88e72a82e80e4fb2e1582195bb42e3b2f,0,5,0,5,4,bad_randomness|denial_service|reentrancy|unchecked_low_calls,,104|107|113|120|128,CodeSmells,C:\Users\Exauce\Documents\smart-contract-cgt\source\76f86d8427d414b242165c7c96d0099d.sol
779b4b3a8b4898ac2530beb7be99f529,5f0c8d55dc26a84018096546d8a993fef184bea1cf9866c7bd910819c99ba4a3,1,6,1,5,6,arithmetic|bad_randomness|denial_service|front_running|reentrancy|unchecked_low_calls,arithmetic,101|104|107|113|114|120,Zeus,C:\Users\Exauce\Documents\smart-contract-cgt\source\779b4b3a8b4898ac2530beb7be99f529.sol
77bd069d7e6f290da86c92a99dc9f095,430ddd2705486f94997c20e5ff797d292a545f94225cfc62c72e2de5fb0dcec7,0,1,0,1,1,front_running,,114,EthRacer,C:\Users\Exauce\Documents\smart-contract-cgt\source\77bd069d7e6f290da86c92a99dc9f095.sol
77bdcc525bbdbc192d216964b3cc597b,2e6b5c8d9a193d42c6802e7026125d3b16401fc0624eb3fe148666c104f84259,0,5,0,5,4,bad_randomness|denial_service|reentrancy|unchecked_low_calls,,104|107|113|120|128,CodeSmells,C:\Users\Exauce\Documents\smart-contract-cgt\source\77bdcc525bbdbc192d216964b3cc597b.sol
77dcff320b30d2b54b8ee3bc992116cc,4e661b62ccaddf3675f7c77285e90abe0f1ce13cc519b90288719963e0cf8d91,1,5,2,3,5,arithmetic|bad_randomness|denial_service|front_running|unchecked_low_calls,arithmetic|front_running,101|104|113|114|120,Zeus,C:\Users\Exauce\Documents\smart-contract-cgt\source\77dcff320b30d2b54b8ee3bc992116cc.sol
77ee44350a6149b5da87c86a5c2a4d71,542524a8a3ab97a533f100eff64a2d136886fc0e901b877db5bff1187b5fa3b9,1,7,3,4,6,arithmetic|bad_randomness|denial_service|front_running|reentrancy|unchecked_low_calls,arithmetic|denial_service|reentrancy,101|104|107|113|114|120,Zeus|eThor,C:\Users\Exauce\Documents\smart-contract-cgt\source\77ee44350a6149b5da87c86a5c2a4d71.sol
77f72498629ed28ec71f29e12930c095,efde7b895bdeb74c754fc1cda1b1a0eeba397e3f48ff12b2b4b8d3e2255562e9,1,7,2,5,6,arithmetic|bad_randomness|denial_service|front_running|reentrancy|unchecked_low_calls,reentrancy,101|104|107|113|114|120,Zeus|eThor,C:\Users\Exauce\Documents\smart-contract-cgt\source\77f72498629ed28ec71f29e12930c095.sol
7822f8a315085f57c6c20a8d0ce6ff19,8cbc9b2706a40b7f5a0ebda5fe7570846c3174e4c911a04927e830187dc95f70,1,12,1,11,6,arithmetic|bad_randomness|denial_service|front_running|reentrancy|unchecked_low_calls,arithmetic,101|104|107|113|114|120,NPChecker|Zeus|eThor,C:\Users\Exauce\Documents\smart-contract-cgt\source\7822f8a315085f57c6c20a8d0ce6ff19.sol
784bb31914dbcfe60b6579b0d148d020,043ea46e2835cf7d35e0f41fb71e90ca62f439ac0fa4bbf7dd8eeff0dea0b65f,1,1,1,0,1,arithmetic,arithmetic,101,SolidiFI,C:\Users\Exauce\Documents\smart-contract-cgt\source\784bb31914dbcfe60b6579b0d148d020.sol
7850615f130d45c454a41adab0839920,e4b66aa7fdf6a92d6b3d1696114639f9e7335f89820df8c3b360142dcf9d69ae,1,1,1,0,1,unchecked_low_calls,unchecked_low_calls,104,SolidiFI,C:\Users\Exauce\Documents\smart-contract-cgt\source\7850615f130d45c454a41adab0839920.sol
786f6d65d4d8cd05531d280e4492f592,50f97dfa10d5b8da739a5979366c1aeb50142b7b49b954d8480e8e8f3c4e271a,1,1,1,0,1,arithmetic,arithmetic,101,SolidiFI,C:\Users\Exauce\Documents\smart-contract-cgt\source\786f6d65d4d8cd05531d280e4492f592.sol
78c77d038abdb62fcf47689f475c6104,ce51305916d755fd421252a369fbdb54c163759d85cb7be7ef8d7b01f70a2d76,1,1,1,0,1,time_manipulation,time_manipulation,116,SolidiFI,C:\Users\Exauce\Documents\smart-contract-cgt\source\78c77d038abdb62fcf47689f475c6104.sol
78da1572241616fa5b453f5d7c23f05a,bad79f492ad49cea069e6de0f2ae2afee505b586b93c01534774e32d4ba38537,0,5,0,5,4,bad_randomness|denial_service|reentrancy|unchecked_low_calls,,104|107|113|120|128,CodeSmells,C:\Users\Exauce\Documents\smart-contract-cgt\source\78da1572241616fa5b453f5d7c23f05a.sol
78db6c4c072afbb7e376ca3546055073,b2ce348b3ca85d01c7042b60ad6e899cf37386f53d4874e5b37f402f324b92e4,0,5,0,5,4,bad_randomness|denial_service|reentrancy|unchecked_low_calls,,104|107|113|120|128,CodeSmells,C:\Users\Exauce\Documents\smart-contract-cgt\source\78db6c4c072afbb7e376ca3546055073.sol
795bef97938b69c10b08d0fc6733340b,a091c20de635db2e580ea2e332d1b64debb9d1eafaa6fd1ba523a14a60d202c9,1,7,3,4,6,arithmetic|bad_randomness|denial_service|front_running|reentrancy|unchecked_low_calls,arithmetic|front_running|unchecked_low_calls,101|104|107|113|114|120,Zeus|eThor,C:\Users\Exauce\Documents\smart-contract-cgt\source\795bef97938b69c10b08d0fc6733340b.sol
796130bea0e92bd03923f7c797983c39,075dd414b210240675a11407838fa691cb9ae53eec1e3b6a48f48bfbdb60f969,1,1,1,0,1,unchecked_low_calls,unchecked_low_calls,104,SolidiFI,C:\Users\Exauce\Documents\smart-contract-cgt\source\796130bea0e92bd03923f7c797983c39.sol
79792891790db94c2f58a87aa65ff958,fe47205ca84084eba788cd6a6edb711fa379b8f7fe1b1fe3b7edd99f4d2dac28,0,5,0,5,4,bad_randomness|denial_service|reentrancy|unchecked_low_calls,,104|107|113|120|128,CodeSmells,C:\Users\Exauce\Documents\smart-contract-cgt\source\79792891790db94c2f58a87aa65ff958.sol
798a0911ab2bc05583da97320bd7d643,b086c9628cd4c0f5fbb4e6589bf671cf05568380babafffc8b3d29559f97ce2a,1,6,2,4,6,arithmetic|bad_randomness|denial_service|front_running|reentrancy|unchecked_low_calls,bad_randomness|reentrancy,101|104|107|113|114|120,Zeus,C:\Users\Exauce\Documents\smart-contract-cgt\source\798a0911ab2bc05583da97320bd7d643.sol
79c0309ed060e54a01c3c1b00e352e4d,9ff4cd2ad9d1184cf775e475b657862cb8e899942346a2cdcc5eed558e91ceb9,1,5,1,4,4,bad_randomness|denial_service|reentrancy|unchecked_low_calls,bad_randomness,104|107|113|120|128,CodeSmells,C:\Users\Exauce\Documents\smart-contract-cgt\source\79c0309ed060e54a01c3c1b00e352e4d.sol
79f7272f9bf4433e87f9206d7ca44ab5,79d022dce9aed909f9555ca11c369c4c6ee993222757ea1f8faee8fb5af40a69,1,1,1,0,1,front_running,front_running,114,EthRacer,C:\Users\Exauce\Documents\smart-contract-cgt\source\79f7272f9bf4433e87f9206d7ca44ab5.sol
7a1a52c5c2027874be2a4b8386d5535c,e214673c33cc21518fc7e1587ff55c31c2d10546a6342ef3e30aa31bfe24623f,0,1,0,1,1,denial_service,,113,JiuZhou,C:\Users\Exauce\Documents\smart-contract-cgt\source\7a1a52c5c2027874be2a4b8386d5535c.sol
7a2b6f6fbc379100627d02dd203deb78,2e3ba7deb64f30ec1516123e349c3b7613d9ad45aefcf09386727ff8eb7eab12,1,1,1,0,1,bad_randomness,bad_randomness,120,ContractFuzzer,C:\Users\Exauce\Documents\smart-contract-cgt\source\7a2b6f6fbc379100627d02dd203deb78.sol
7a64289fb66092fe1c8f2b072f75db9a,bdbd67110b52778cd8386510f956d11abbf8421bf5b5631690c973ed0510b86e,1,7,3,4,6,arithmetic|bad_randomness|denial_service|front_running|reentrancy|unchecked_low_calls,arithmetic|front_running|unchecked_low_calls,101|104|107|113|114|120,Zeus|eThor,C:\Users\Exauce\Documents\smart-contract-cgt\source\7a64289fb66092fe1c8f2b072f75db9a.sol
7a7b12f2e68a66ad1597de44d4a67252,e4ddce5a09cf89666b73e91ee1d399aba22c0ab51c8db6695ab81899bf0297d5,0,5,0,5,4,bad_randomness|denial_service|reentrancy|unchecked_low_calls,,104|107|113|120|128,CodeSmells,C:\Users\Exauce\Documents\smart-contract-cgt\source\7a7b12f2e68a66ad1597de44d4a67252.sol
7ad48449b789a2e5b2af6df909aa06de,499feb6ed50d3f6ef00d3dc9309d993ad0cdee517ff45d8e9851457e766da2b9,1,7,2,5,6,arithmetic|bad_randomness|denial_service|front_running|reentrancy|unchecked_low_calls,denial_service|reentrancy,101|104|107|113|114|120,Zeus|eThor,C:\Users\Exauce\Documents\smart-contract-cgt\source\7ad48449b789a2e5b2af6df909aa06de.sol
7adb7c42dabaf12602a755e45f2722da,d265725ecab97e9c8ff4e219a77271b38d656916ea749226b29b44ab2a1d1eab,1,1,1,0,1,arithmetic,arithmetic,101,SolidiFI,C:\Users\Exauce\Documents\smart-contract-cgt\source\7adb7c42dabaf12602a755e45f2722da.sol
7af9d31dd83638da9a8d194c4dacd148,39e71a5b2600b482bd782016f5da5b049b8933ab252736799f710759cb775e64,1,1,1,0,1,reentrancy,reentrancy,107,SolidiFI,C:\Users\Exauce\Documents\smart-contract-cgt\source\7af9d31dd83638da9a8d194c4dacd148.sol
7b3666e84ed06d8ae80b406c91996427,11bf2a4713d49ef8cd35d05eb90a78352c7dd1d2d0472f61f403bf2919845b9e,1,7,4,3,6,arithmetic|bad_randomness|denial_service|front_running|reentrancy|unchecked_low_calls,arithmetic|bad_randomness|denial_service|front_running,101|104|107|113|114|120,Zeus|eThor,C:\Users\Exauce\Documents\smart-contract-cgt\source\7b3666e84ed06d8ae80b406c91996427.sol
7b36c0f1b4ed31f58dde536efc25cfad,ef295eeb14ca43cdbc4415d5b29a419bb7f96ae15fbceb59b1144df36c057017,1,7,3,4,6,arithmetic|bad_randomness|denial_service|front_running|reentrancy|unchecked_low_calls,arithmetic|denial_service|reentrancy,101|104|107|113|114|120,Zeus|eThor,C:\Users\Exauce\Documents\smart-contract-cgt\source\7b36c0f1b4ed31f58dde536efc25cfad.sol
7b48f8872cd4c0341402cd36505e1f73,e1fb2ebc7eadf0193448845fb7e811b519336a11264b10e0c59be44ce1751f0f,1,1,1,0,1,time_manipulation,time_manipulation,116,SWCregistry,C:\Users\Exauce\Documents\smart-contract-cgt\source\7b48f8872cd4c0341402cd36505e1f73.sol
7b7807512399007d4ba9201bffb88a60,3f28a5dcc19fae23eba0c56c1e9a19b238b0357798d716b13357fd30be66fe2c,0,4,0,4,3,bad_randomness|denial_service|unchecked_low_calls,,104|113|120|128,CodeSmells,C:\Users\Exauce\Documents\smart-contract-cgt\source\7b7807512399007d4ba9201bffb88a60.sol
7b8ce73d7b597c2af51067e68d6693eb,5ff65e0d8efcc1f4d0ade0fa1fabc34181588d97350f42dfb451f41fecd09e45,0,5,0,5,4,bad_randomness|denial_service|reentrancy|unchecked_low_calls,,104|107|113|120|128,CodeSmells,C:\Users\Exauce\Documents\smart-contract-cgt\source\7b8ce73d7b597c2af51067e68d6693eb.sol
7b9c23ead7253373c91b745869612feb,6f21e50c1c0f9764fa03af2b49d443b144aadd490bc5d707ad6c4c6ea273718e,1,6,2,4,6,arithmetic|bad_randomness|denial_service|front_running|reentrancy|unchecked_low_calls,arithmetic|denial_service,101|104|107|113|114|120,Zeus,C:\Users\Exauce\Documents\smart-contract-cgt\source\7b9c23ead7253373c91b745869612feb.sol
7ba657d5b3e829821944dab6a34f05fb,ea516abfe56a79e3138781c4fa61ecc36e3c1a90605a55219d89986d4ca7d3f7,0,4,0,4,3,bad_randomness|denial_service|unchecked_low_calls,,104|113|120|128,CodeSmells,C:\Users\Exauce\Documents\smart-contract-cgt\source\7ba657d5b3e829821944dab6a34f05fb.sol
7bfeec0009438143f2558fc9144aebe4,d567602174f628ef9d507434987a6ff792fdb21782766679e55fbb4cc1da7508,1,6,3,3,6,arithmetic|bad_randomness|denial_service|front_running|reentrancy|unchecked_low_calls,arithmetic|front_running|unchecked_low_calls,101|104|107|113|114|120,Zeus,C:\Users\Exauce\Documents\smart-contract-cgt\source\7bfeec0009438143f2558fc9144aebe4.sol
7c4200c10e1c54bbf609cde91c975168,241c9c971ebd97a3e9fe5972702665bc45e4d2e91efcd898cb6ca752e1be88a7,1,7,1,6,6,arithmetic|bad_randomness|denial_service|front_running|reentrancy|unchecked_low_calls,bad_randomness,101|104|107|113|114|120,Zeus|eThor,C:\Users\Exauce\Documents\smart-contract-cgt\source\7c4200c10e1c54bbf609cde91c975168.sol
7c6e30f50a8217c32ae481f5bd515a2a,a473186eb4f9c5aa0ad49f088809eff2e9beb42294b1a4e402e1516dda4baa70,1,6,1,5,6,arithmetic|bad_randomness|denial_service|front_running|reentrancy|unchecked_low_calls,arithmetic,101|104|107|113|114|120,Zeus,C:\Users\Exauce\Documents\smart-contract-cgt\source\7c6e30f50a8217c32ae481f5bd515a2a.sol
7c768acd1a6aaceeb2608de8d68bdc9e,bc38036a6b8c91288bed98fca69b99a4247975d78064d2edd8c826d1d09b68c8,1,1,1,0,1,unchecked_low_calls,unchecked_low_calls,104,SolidiFI,C:\Users\Exauce\Documents\smart-contract-cgt\source\7c768acd1a6aaceeb2608de8d68bdc9e.sol
7c7ee1f000f6b81c0640bbbc66a0be48,73d4fbf39185b77eb0ec7b4b9d62b8dcea872193d16088ea5970111f73b3af03,1,1,1,0,1,unchecked_low_calls,unchecked_low_calls,104,SolidiFI,C:\Users\Exauce\Documents\smart-contract-cgt\source\7c7ee1f000f6b81c0640bbbc66a0be48.sol
7c87059cd0be68164be88f79ca2aa411,835eb8e03faa1a44a93f2fac83646a813c8789aca7d8b66c45def53c9ff6e43f,1,7,1,6,6,arithmetic|bad_randomness|denial_service|front_running|reentrancy|unchecked_low_calls,arithmetic,101|104|107|113|114|120,Zeus|eThor,C:\Users\Exauce\Documents\smart-contract-cgt\source\7c87059cd0be68164be88f79ca2aa411.sol
7c8c13e054d253c80776aa19cfc150e5,a920bb61afc2f872688ee5ca4f0692a7462bd4684288daab92669d56fdf8abe9,0,5,0,5,4,bad_randomness|denial_service|reentrancy|unchecked_low_calls,,104|107|113|120|128,CodeSmells,C:\Users\Exauce\Documents\smart-contract-cgt\source\7c8c13e054d253c80776aa19cfc150e5.sol
7caa99a5c7caca49a3915980d5a69ea6,06e2133ee0ffcf226df7730428f3a9775e310d7efa82a50696ebe29441f8e024,1,1,1,0,1,time_manipulation,time_manipulation,116,ContractFuzzer,C:\Users\Exauce\Documents\smart-contract-cgt\source\7caa99a5c7caca49a3915980d5a69ea6.sol
7ce26a0b3a9e1dbe11700936495160a4,7dd7a29e4d15e95d88a51d8e90eb96ab75e34cdf099185b12d93ef00bcc7a60a,1,1,1,0,1,front_running,front_running,114,SolidiFI,C:\Users\Exauce\Documents\smart-contract-cgt\source\7ce26a0b3a9e1dbe11700936495160a4.sol
7d0e3f58927a4b3e5651892d5045b74c,ec7a8573ba68556faec910c124c8bda97c3bf4d7bb878f6d65e55f0abe2591c6,1,1,1,0,1,time_manipulation,time_manipulation,116,ContractFuzzer,C:\Users\Exauce\Documents\smart-contract-cgt\source\7d0e3f58927a4b3e5651892d5045b74c.sol
7d27dd9bfa74287d2cdc390031d9578d,c4fe4a692b2625247490fd8a9985967b88a71da712fdbd45a3300d4d47122ffa,0,5,0,5,4,bad_randomness|denial_service|reentrancy|unchecked_low_calls,,104|107|113|120|128,CodeSmells,C:\Users\Exauce\Documents\smart-contract-cgt\source\7d27dd9bfa74287d2cdc390031d9578d.sol
7d6ac131fbf69dca43168d0327fcc2b8,bd1b3f0a415589e3e91c396269acfa31f31717929dabcd1c326d29125d2eb1a6,1,6,4,2,6,arithmetic|bad_randomness|denial_service|front_running|reentrancy|unchecked_low_calls,arithmetic|bad_randomness|denial_service|front_running,101|104|107|113|114|120,Zeus,C:\Users\Exauce\Documents\smart-contract-cgt\source\7d6ac131fbf69dca43168d0327fcc2b8.sol
7d6b9a034771315b63328b230f104990,b20564ec47131a102be0728e3a218703657095e9c0eeb2b1e18facbc863fda6a,1,5,1,4,4,bad_randomness|denial_service|reentrancy|unchecked_low_calls,reentrancy,104|107|113|120|128,CodeSmells,C:\Users\Exauce\Documents\smart-contract-cgt\source\7d6b9a034771315b63328b230f104990.sol
7dc70726c5940fd0f7b0dfef8696d541,837e17c1d8c4d267c136e80aab312bf31aa7c782983e6b4fba7f6a5a5691c0d0,0,5,0,5,4,bad_randomness|denial_service|reentrancy|unchecked_low_calls,,104|107|113|120|128,CodeSmells,C:\Users\Exauce\Documents\smart-contract-cgt\source\7dc70726c5940fd0f7b0dfef8696d541.sol
7dd18fb5fc95fc38b5c7d6442326b074,98c7fbdf6fae5a80078b787dc8d84598b6a004dc9a2ec5d24d575b5d7ead6738,1,1,1,0,1,arithmetic,arithmetic,101,SolidiFI,C:\Users\Exauce\Documents\smart-contract-cgt\source\7dd18fb5fc95fc38b5c7d6442326b074.sol
7e15db6fbdac537bcc3fd8b18ef81027,71f54f9493896bf3f95804f1a5fabd6c9be1f5507ff3ac132f208b1d64f1c1f2,1,7,3,4,6,arithmetic|bad_randomness|denial_service|front_running|reentrancy|unchecked_low_calls,arithmetic|denial_service|reentrancy,101|104|107|113|114|120,Zeus|eThor,C:\Users\Exauce\Documents\smart-contract-cgt\source\7e15db6fbdac537bcc3fd8b18ef81027.sol
7e22311b4e039bc3e5fa87fef6c8c99d,e2b0885aeaf7366df2c71cdc47c62634610f1a1a79a9d0f216aa9ab1e14b305e,0,7,0,7,6,arithmetic|bad_randomness|denial_service|front_running|reentrancy|unchecked_low_calls,,101|104|107|113|114|120,Zeus|eThor,C:\Users\Exauce\Documents\smart-contract-cgt\source\7e22311b4e039bc3e5fa87fef6c8c99d.sol
7e75f67b4ed0e2fc7a53a89e45c4acb2,2a07037156c8837ad1b3c582d87430e235401cdc82ad854d9420a35f946258c0,1,6,1,5,6,arithmetic|bad_randomness|denial_service|front_running|reentrancy|unchecked_low_calls,arithmetic,101|104|107|113|114|120,Zeus,C:\Users\Exauce\Documents\smart-contract-cgt\source\7e75f67b4ed0e2fc7a53a89e45c4acb2.sol
7e833ddd83434ce7c79e6881f9933cce,ff6ec765fae676dbc96fefc1fb537403d9ea45e23b2b97701c0ec1e8acdba104,0,5,0,5,4,bad_randomness|denial_service|reentrancy|unchecked_low_calls,,104|107|113|120|128,CodeSmells,C:\Users\Exauce\Documents\smart-contract-cgt\source\7e833ddd83434ce7c79e6881f9933cce.sol
7e8b768284cb6e9ec8abdf9d9d61ec41,624d77e6723d753461109488759832e2a4ea7323cdc67fc84b890a4f3f910a5b,0,5,0,5,4,bad_randomness|denial_service|reentrancy|unchecked_low_calls,,104|107|113|120|128,CodeSmells,C:\Users\Exauce\Documents\smart-contract-cgt\source\7e8b768284cb6e9ec8abdf9d9d61ec41.sol
7eb1103dd388e60aef31de71855ef942,fd2bbd26381ca72cc51266ff6e39a45c1c07c62ffa61b1541bf623e1c5929c8d,0,5,0,5,4,bad_randomness|denial_service|reentrancy|unchecked_low_calls,,104|107|113|120|128,CodeSmells,C:\Users\Exauce\Documents\smart-contract-cgt\source\7eb1103dd388e60aef31de71855ef942.sol
7ebd71a2ad69c9f4bcb733c440646994,5f4d25d4fefdcc19f5f6c3006559889f71ebf47cf537c6ca6c93c1c2c17f3e72,0,5,0,5,4,bad_randomness|denial_service|reentrancy|unchecked_low_calls,,104|107|113|120|128,CodeSmells,C:\Users\Exauce\Documents\smart-contract-cgt\source\7ebd71a2ad69c9f4bcb733c440646994.sol
7ece38ae4706a8abfb4b860044e380df,798968300cb4a567ef9b30926b4a35c63de1cf38cf833e1608c82dac239f955b,1,1,1,0,1,time_manipulation,time_manipulation,116,ContractFuzzer,C:\Users\Exauce\Documents\smart-contract-cgt\source\7ece38ae4706a8abfb4b860044e380df.sol
7f1cb43dfa46b3d2759d20c21dd9df6e,ad110c477086c97b70a66f01426b796577ae63a626bd265f030c7ca574e11e3d,1,1,1,0,1,unchecked_low_calls,unchecked_low_calls,104,SolidiFI,C:\Users\Exauce\Documents\smart-contract-cgt\source\7f1cb43dfa46b3d2759d20c21dd9df6e.sol
7f363250765430cfd54314c54825ed6e,be4345d2c2818f710fb919855e1051021adcd5c558230eff2e8a2c760b28b168,0,5,0,5,4,bad_randomness|denial_service|reentrancy|unchecked_low_calls,,104|107|113|120|128,CodeSmells,C:\Users\Exauce\Documents\smart-contract-cgt\source\7f363250765430cfd54314c54825ed6e.sol
7f40a8297602868af3960799606b01ce,ee54ce3e052c1b03f18f0e13a68bc17bb05bdbb97b9a7f5661d05b69c7d3e63a,1,7,1,6,6,arithmetic|bad_randomness|denial_service|front_running|reentrancy|unchecked_low_calls,arithmetic,101|104|107|113|114|120,Zeus|eThor,C:\Users\Exauce\Documents\smart-contract-cgt\source\7f40a8297602868af3960799606b01ce.sol
7f766de805ddcc3f0884df8daaae6e56,8f87e030981f57d3032036e676d8ca997362d1caef853ee9c921aac74df35080,1,1,1,0,1,bad_randomness,bad_randomness,120,ContractFuzzer,C:\Users\Exauce\Documents\smart-contract-cgt\source\7f766de805ddcc3f0884df8daaae6e56.sol
7f91af178547eb7e7335d5f6c42f6af1,7156b7aef1bda94f79ecfb5f4ddc6ce05d49e197ca7174a0db621a664542fc42,1,1,1,0,1,reentrancy,reentrancy,107,SolidiFI,C:\Users\Exauce\Documents\smart-contract-cgt\source\7f91af178547eb7e7335d5f6c42f6af1.sol
7ffc55c7c522b9a8cbed3750ff47218e,74f81bea726603a835bfc86d859f06b614536497e55854c73d49939700dd9299,1,7,3,4,6,arithmetic|bad_randomness|denial_service|front_running|reentrancy|unchecked_low_calls,arithmetic|front_running|unchecked_low_calls,101|104|107|113|114|120,Zeus|eThor,C:\Users\Exauce\Documents\smart-contract-cgt\source\7ffc55c7c522b9a8cbed3750ff47218e.sol
800ccd3bd134bc0bfcbe06fc152f51aa,7911ba962db2c668ae5011134d89b3ad1b0b546e703eceef104f41577dabbb5b,0,1,0,1,1,front_running,,114,EthRacer,C:\Users\Exauce\Documents\smart-contract-cgt\source\800ccd3bd134bc0bfcbe06fc152f51aa.sol
80165263e16c32c0a09f3d80142d08ac,67f3fcb0f50b4b39d407e41daffe784db74bb77ad387e98135705a8ec062e8b7,1,6,1,5,5,bad_randomness|denial_service|front_running|reentrancy|unchecked_low_calls,front_running,104|107|113|114|120|128,CodeSmells|EthRacer,C:\Users\Exauce\Documents\smart-contract-cgt\source\80165263e16c32c0a09f3d80142d08ac.sol
80540374a3b4d6daa7bbffcc2e91bce7,404a95b3045173b38291a3f7ebf89e1068a665f81617ea84261e9ada6124fbc9,0,7,0,7,6,arithmetic|bad_randomness|denial_service|front_running|reentrancy|unchecked_low_calls,,101|104|107|113|114|120,Zeus|eThor,C:\Users\Exauce\Documents\smart-contract-cgt\source\80540374a3b4d6daa7bbffcc2e91bce7.sol
8075c737c6bc20ea94c0461a0972e438,28648d13ce164c271a360d3a9fa5bd27edb09a905f6c85aeb6f4247a2d375e11,0,5,0,5,4,bad_randomness|denial_service|reentrancy|unchecked_low_calls,,104|107|113|120|128,CodeSmells,C:\Users\Exauce\Documents\smart-contract-cgt\source\8075c737c6bc20ea94c0461a0972e438.sol
8096e68d25d119fccd73b19cb22a7e8f,7a16d54166c74b1e35488fedd1d7ad40765a0a5ece922e65e3730a3814f9ef6a,1,1,1,0,1,time_manipulation,time_manipulation,116,SolidiFI,C:\Users\Exauce\Documents\smart-contract-cgt\source\8096e68d25d119fccd73b19cb22a7e8f.sol
80aa979dc64aaf479a23db4d7402c720,c33ef8ece55332335502ef51d30071a53d6b00d6ef1c9f97d0692395363b4c69,1,6,2,4,5,arithmetic|bad_randomness|denial_service|reentrancy|unchecked_low_calls,arithmetic|unchecked_low_calls,101|104|107|113|120,Zeus|eThor,C:\Users\Exauce\Documents\smart-contract-cgt\source\80aa979dc64aaf479a23db4d7402c720.sol
80b24f62fdbb2922b8ba3a2af305c6f9,28b908d6c3acb216c10fb5deaad9c7a9c8293be73d490177f52aad5b55c44cf2,0,1,0,1,1,front_running,,114,JiuZhou,C:\Users\Exauce\Documents\smart-contract-cgt\source\80b24f62fdbb2922b8ba3a2af305c6f9.sol
80bc03887e36ac189f77021ca411e713,0a2665e4008a0827a829d5f754809000a0de59c026521ea93b213b630334ca12,1,7,4,3,6,arithmetic|bad_randomness|denial_service|front_running|reentrancy|unchecked_low_calls,arithmetic|bad_randomness|unchecked_low_calls,101|104|107|113|114|120,Doublade|Zeus,C:\Users\Exauce\Documents\smart-contract-cgt\source\80bc03887e36ac189f77021ca411e713.sol
80ebfc0b73433867a04f33c23a99f031,9405dca3674f46d316a64652029e45a86bf4eba644d42bbb088f2fba63dfa25e,1,1,1,0,1,time_manipulation,time_manipulation,116,ContractFuzzer,C:\Users\Exauce\Documents\smart-contract-cgt\source\80ebfc0b73433867a04f33c23a99f031.sol
811537276f2c0601fb9663c2192532e7,e9c8140f9378937dd905d8beaf7bfb14347c920c6bd1dda8e068b9e3e8a4664d,0,6,0,6,6,arithmetic|bad_randomness|denial_service|front_running|reentrancy|unchecked_low_calls,,101|104|107|113|114|120,Zeus,C:\Users\Exauce\Documents\smart-contract-cgt\source\811537276f2c0601fb9663c2192532e7.sol
812042dceb6a3620ee34415cba096fb0,a9e8df29a7c5939f7bb57abc865c6be203e605ae9f933c22683d139776fa5602,1,7,3,4,6,arithmetic|bad_randomness|denial_service|front_running|reentrancy|unchecked_low_calls,arithmetic|front_running|unchecked_low_calls,101|104|107|113|114|120,Zeus|eThor,C:\Users\Exauce\Documents\smart-contract-cgt\source\812042dceb6a3620ee34415cba096fb0.sol
81271001a02d1a2a76625b944b3acf4d,40d2e3fa616905f44ab6b6a5e00c3798c1c14352407b9a62ed56d34e013351dc,1,6,3,3,6,arithmetic|bad_randomness|denial_service|front_running|reentrancy|unchecked_low_calls,arithmetic|front_running|unchecked_low_calls,101|104|107|113|114|120,Zeus,C:\Users\Exauce\Documents\smart-contract-cgt\source\81271001a02d1a2a76625b944b3acf4d.sol
816d6a19201b207309c5dbecfa2d7df6,96b5f309f5606a895a5b0deec33484d931b78ae6c8e7d4be514edcfc6f513a5d,1,1,1,0,1,time_manipulation,time_manipulation,116,JiuZhou,C:\Users\Exauce\Documents\smart-contract-cgt\source\816d6a19201b207309c5dbecfa2d7df6.sol
8173d1c5ff367cffb7d08b65f77a6b0a,4633082e3d74782da1f02ebeaf83f40b805e50d40761cd3a37126e4390ffd536,1,6,1,5,5,bad_randomness|denial_service|reentrancy|time_manipulation|unchecked_low_calls,time_manipulation,104|107|113|116|120|128,CodeSmells|ContractFuzzer,C:\Users\Exauce\Documents\smart-contract-cgt\source\8173d1c5ff367cffb7d08b65f77a6b0a.sol
81b148109b8ec37b833a2d3f1a66a2fb,c6b48f7813493e55c04d0d884db1608fe4269d7b9c12eeb9029e4ef1eef1bae6,0,4,0,4,3,bad_randomness|denial_service|unchecked_low_calls,,104|113|120|128,CodeSmells,C:\Users\Exauce\Documents\smart-contract-cgt\source\81b148109b8ec37b833a2d3f1a66a2fb.sol
81eb0e47925a6b49da533f82c1454ad4,eb1ebc8475873c8b161a9349eef5cf0f77c008c1bfe52d10a37259cacabb584e,0,1,0,1,1,reentrancy,,107,Doublade,C:\Users\Exauce\Documents\smart-contract-cgt\source\81eb0e47925a6b49da533f82c1454ad4.sol
82350e130f66b632da7f0603d699ba5d,18e59f13f7d1e78499b7c77346b1b4092a64d00c6705767b2c79d46a885af0e4,1,7,3,4,6,arithmetic|bad_randomness|denial_service|front_running|reentrancy|unchecked_low_calls,arithmetic|denial_service|reentrancy,101|104|107|113|114|120,Zeus|eThor,C:\Users\Exauce\Documents\smart-contract-cgt\source\82350e130f66b632da7f0603d699ba5d.sol
82916db237361af327ded0dd136ef504,795d2f1873e2db711a7c9317526f54eaafba9307f76a6f9f4e7dd98cd19914fb,1,7,1,6,6,arithmetic|bad_randomness|denial_service|front_running|reentrancy|unchecked_low_calls,arithmetic,101|104|107|113|114|120,Zeus|eThor,C:\Users\Exauce\Documents\smart-contract-cgt\source\82916db237361af327ded0dd136ef504.sol
82a95267f482b47b5df9f2afc4fa1130,d4655c99a4120fa86cf232e358a99599a8cd0845cb4231652fded8c4b21b72ed,1,1,1,0,1,reentrancy,reentrancy,107,SolidiFI,C:\Users\Exauce\Documents\smart-contract-cgt\source\82a95267f482b47b5df9f2afc4fa1130.sol
82a980a79785fc47ba08ada144bb9256,b92cebb4bea77bfa88828a87ff9337badde4e8f1068d560b9ada93a0999d2f8a,1,6,1,5,6,arithmetic|bad_randomness|denial_service|front_running|reentrancy|unchecked_low_calls,arithmetic,101|104|107|113|114|120,Zeus,C:\Users\Exauce\Documents\smart-contract-cgt\source\82a980a79785fc47ba08ada144bb9256.sol
82ccd5367f915d111504bd7afd3a29bf,eab4cbab3f730bdaaef306aba5def56c6ca8cbba1a7081579ed2f14ec0d37d47,1,1,1,0,1,time_manipulation,time_manipulation,116,ContractFuzzer,C:\Users\Exauce\Documents\smart-contract-cgt\source\82ccd5367f915d111504bd7afd3a29bf.sol
82d73d1a6004acde53f9b27975fa4bc8,1f213c9a5fbf54e884365ae48b1fad475c0a2cd6c2960d3bc41e4047ec69975c,1,1,1,0,1,time_manipulation,time_manipulation,116,ContractFuzzer,C:\Users\Exauce\Documents\smart-contract-cgt\source\82d73d1a6004acde53f9b27975fa4bc8.sol
830740df1b1fd50b121e89e702156a95,e5a85e30614e111bfd2477cd5d98624d5698b3d3f5d38004df7ae07fcf044400,1,7,3,4,6,arithmetic|bad_randomness|denial_service|front_running|reentrancy|unchecked_low_calls,arithmetic|denial_service|reentrancy,101|104|107|113|114|120,Zeus|eThor,C:\Users\Exauce\Documents\smart-contract-cgt\source\830740df1b1fd50b121e89e702156a95.sol
834151a5395a22f7720711b4c973a780,4b7f57b93f23e9be582cbebe3c2a14f42ab0dc5dbc7041f764ec9dbae50e5426,1,1,1,0,1,bad_randomness,bad_randomness,120,ContractFuzzer,C:\Users\Exauce\Documents\smart-contract-cgt\source\834151a5395a22f7720711b4c973a780.sol
83504ae4bb7976374def17c1f4722fbb,febc86880aee6aaa9c4a1c60c7d2c7a45de2cb733cadc19278bb209ea5423f17,0,4,0,4,4,bad_randomness|denial_service|front_running|unchecked_low_calls,,104|113|114|120,NPChecker,C:\Users\Exauce\Documents\smart-contract-cgt\source\83504ae4bb7976374def17c1f4722fbb.sol
8350782c7a660532825629f26ff02b9d,b4c2b949ddb68769e6b3d7a6015c33617b1fa47061329d80f4cf8c1b3abd8598,1,6,1,5,6,arithmetic|bad_randomness|denial_service|front_running|reentrancy|unchecked_low_calls,arithmetic,101|104|107|113|114|120,Zeus,C:\Users\Exauce\Documents\smart-contract-cgt\source\8350782c7a660532825629f26ff02b9d.sol
8372aa42ea0ab6ba3902779e207fe299,f512b03b87145aae3edb749174b15ff5d779d08e57462f0661bac3c8613bef75,1,7,1,6,6,arithmetic|bad_randomness|denial_service|front_running|reentrancy|unchecked_low_calls,reentrancy,101|104|107|113|114|120,Zeus|eThor,C:\Users\Exauce\Documents\smart-contract-cgt\source\8372aa42ea0ab6ba3902779e207fe299.sol
8375f4edbd4f03358c710ee34a01770b,06a959187176e0f9ab0efe475f1a2208c4ce06d480f47e176e09c0e001b194a7,1,7,2,5,6,arithmetic|bad_randomness|denial_service|front_running|reentrancy|unchecked_low_calls,arithmetic|reentrancy,101|104|107|113|114|120,Zeus|eThor,C:\Users\Exauce\Documents\smart-contract-cgt\source\8375f4edbd4f03358c710ee34a01770b.sol
837fe9e491d6350b3d5a50b276089cdc,b3fe99bc66396086126cc2a9ffe9a96fe6816d9d670f4cf8def16494cfbec66f,0,6,0,6,4,bad_randomness|denial_service|reentrancy|unchecked_low_calls,,104|107|113|120|128,CodeSmells|Doublade,C:\Users\Exauce\Documents\smart-contract-cgt\source\837fe9e491d6350b3d5a50b276089cdc.sol
83884d98dfac6979434695c4afc26f59,8e76e8040b6c6ab5164202942626680c0aa16281eff679d2a348ff3a722a6dd9,1,1,1,0,1,bad_randomness,bad_randomness,120,ContractFuzzer,C:\Users\Exauce\Documents\smart-contract-cgt\source\83884d98dfac6979434695c4afc26f59.sol
83b05b513521748ab92e85bf9a0ea4c0,d249cc1ddebf28feea6827fcc0c311ddb1ec783d38addf5e21f8bca8c3ea8706,1,1,1,0,1,unchecked_low_calls,unchecked_low_calls,104,Doublade,C:\Users\Exauce\Documents\smart-contract-cgt\source\83b05b513521748ab92e85bf9a0ea4c0.sol
83f6dea6686e660fcc648f7a601df9dc,7e9fb5554dd61c0214e6d04eef5805dd9132e4598789534fa5122c2b0a7e0c8d,0,5,0,5,4,bad_randomness|denial_service|reentrancy|unchecked_low_calls,,104|107|113|120|128,CodeSmells,C:\Users\Exauce\Documents\smart-contract-cgt\source\83f6dea6686e660fcc648f7a601df9dc.sol
840803c55ad7b1e34edef816669f128d,e536f101112ff2500d13e0d814a669400264bef29f6178e598c321015b8b4207,1,12,5,7,6,arithmetic|bad_randomness|denial_service|front_running|reentrancy|unchecked_low_calls,arithmetic|denial_service|front_running|unchecked_low_calls,101|104|107|113|114|120|128,CodeSmells|Zeus|eThor,C:\Users\Exauce\Documents\smart-contract-cgt\source\840803c55ad7b1e34edef816669f128d.sol
844793d78cdf0dc4b986468b38bd8054,8782461eb7279848f22df052ea20b9f09ffe03e98a4de306ece2b355dc2320f8,1,1,1,0,1,front_running,front_running,114,SolidiFI,C:\Users\Exauce\Documents\smart-contract-cgt\source\844793d78cdf0dc4b986468b38bd8054.sol
8484cfbcefc9ee4124b8ec72e11ab101,4c56c456e91c0bb5f0bfef326260a93bb6de0abe473979ff9899d656cc2d13e4,0,6,0,6,6,arithmetic|bad_randomness|denial_service|front_running|reentrancy|unchecked_low_calls,,101|104|107|113|114|120,Zeus,C:\Users\Exauce\Documents\smart-contract-cgt\source\8484cfbcefc9ee4124b8ec72e11ab101.sol
8490bf74f9ca206ad6ac31e894ffa919,3c8fa6dd5f49ffc41d8ac0dff3dc743dfc913678382d79eea043a449361f76bb,1,1,1,0,1,unchecked_low_calls,unchecked_low_calls,104,ContractFuzzer,C:\Users\Exauce\Documents\smart-contract-cgt\source\8490bf74f9ca206ad6ac31e894ffa919.sol
84a46262bba908d6b6b0ed33739757ed,905ead2036e2f1cef9d8f70c11a66bdc8dce427efffb819082e34e4efc6d71dd,1,1,1,0,1,front_running,front_running,114,EthRacer,C:\Users\Exauce\Documents\smart-contract-cgt\source\84a46262bba908d6b6b0ed33739757ed.sol
84cc7f43b5272ec30407d9ff7ae89a68,32b2b56907fa275fde9d6cf082cefa6b176f18b7ad20b22ccfabe112a8ad6158,1,5,2,3,5,arithmetic|bad_randomness|denial_service|front_running|unchecked_low_calls,arithmetic|front_running,101|104|113|114|120,Zeus,C:\Users\Exauce\Documents\smart-contract-cgt\source\84cc7f43b5272ec30407d9ff7ae89a68.sol
84dba436a05544541b38c7c3ae119360,8c35e62a52e97b3c636658097d25ed40e996f2ffa1bdb89bb64b4ef790dddd85,1,1,1,0,1,front_running,front_running,114,EthRacer,C:\Users\Exauce\Documents\smart-contract-cgt\source\84dba436a05544541b38c7c3ae119360.sol
84dd18c7db72bd8d5a4f284d73c5c343,3752b7c9d93d77c6043315f8faf43723acd219806b423887c8ee376578c44353,1,1,1,0,1,unchecked_low_calls,unchecked_low_calls,104,SolidiFI,C:\Users\Exauce\Documents\smart-contract-cgt\source\84dd18c7db72bd8d5a4f284d73c5c343.sol
84e39141cd356c3e782cc12a99eaf28a,a4d34f77e288a1e08f1a890f83a6a3d26bcb472bac994309d0cabc1952dae0b3,1,7,4,3,6,arithmetic|bad_randomness|denial_service|front_running|reentrancy|unchecked_low_calls,arithmetic|bad_randomness|front_running|unchecked_low_calls,101|104|107|113|114|120,Zeus|eThor,C:\Users\Exauce\Documents\smart-contract-cgt\source\84e39141cd356c3e782cc12a99eaf28a.sol
850143185a043e3cc91af8011e55279d,1d48bf339e8fe09028024ed45a38cb4c7150c088b3e744feaf0ecd41c56e1f55,0,4,0,4,3,bad_randomness|denial_service|unchecked_low_calls,,104|113|120|128,CodeSmells,C:\Users\Exauce\Documents\smart-contract-cgt\source\850143185a043e3cc91af8011e55279d.sol
855222da5dfcf3ecdb7d4cd2d510ee8f,e8d9b643956716fef9b04a267dde0634483f98d1346c33f338d5b0390b7d3fb3,1,1,1,0,1,time_manipulation,time_manipulation,116,ContractFuzzer,C:\Users\Exauce\Documents\smart-contract-cgt\source\855222da5dfcf3ecdb7d4cd2d510ee8f.sol
85974d2aff34a5c46c4b33df9a951fb2,0a63a9d58b9eec96f094b37788ac65e58531aa412c6824db6f2b8e799e8d2ed6,0,5,0,5,4,bad_randomness|denial_service|reentrancy|unchecked_low_calls,,104|107|113|120|128,CodeSmells,C:\Users\Exauce\Documents\smart-contract-cgt\source\85974d2aff34a5c46c4b33df9a951fb2.sol
85c32efb2bca5f87ca41331fcd7f2956,3b4bc68ed363ed7d5f6ed55e6d6fcfd2067575513a103340f9fee7298d0b60ac,0,4,0,4,3,bad_randomness|denial_service|unchecked_low_calls,,104|113|120|128,CodeSmells,C:\Users\Exauce\Documents\smart-contract-cgt\source\85c32efb2bca5f87ca41331fcd7f2956.sol
85d75177730994defebce91f5ee2f96b,f7228453b69aa9e4d7a363d71fd35e152ab7bc558b48e9e6d780a1dc8a4eb2b4,1,5,1,4,4,bad_randomness|denial_service|reentrancy|unchecked_low_calls,bad_randomness,104|107|113|120|128,CodeSmells,C:\Users\Exauce\Documents\smart-contract-cgt\source\85d75177730994defebce91f5ee2f96b.sol
85f7cb0cc72810e5b5a662b3e3971785,4ff992651bee3f7aa4d265265e58746dcbf0e2bf076420bf00e9110194ccf5a2,1,1,1,0,1,unchecked_low_calls,unchecked_low_calls,104,ContractFuzzer,C:\Users\Exauce\Documents\smart-contract-cgt\source\85f7cb0cc72810e5b5a662b3e3971785.sol
8662fef1948bea2ef74ad42a86b9429f,62a56152818e7d6ef3daa6c4382846de4257b8bb4371373e6c31a88964a89715,1,12,4,8,6,arithmetic|bad_randomness|denial_service|front_running|reentrancy|unchecked_low_calls,arithmetic|front_running|unchecked_low_calls,101|104|107|113|114|120|128,CodeSmells|Zeus|eThor,C:\Users\Exauce\Documents\smart-contract-cgt\source\8662fef1948bea2ef74ad42a86b9429f.sol
86748929cf21dfa60ac54eb5e16e2717,ef69a90c1de01bbb2553ecbd8f1ffe8aeaf4d76dc28101f4ad9805647782e8cc,0,5,0,5,4,bad_randomness|denial_service|reentrancy|unchecked_low_calls,,104|107|113|120|128,CodeSmells,C:\Users\Exauce\Documents\smart-contract-cgt\source\86748929cf21dfa60ac54eb5e16e2717.sol
86b74ca754fe81a08555649dff7e67e7,bdc68841aec0e42b9b212a7dee206bf208bc99c5d5f094cb65cc0a302f3f4814,1,1,1,0,1,front_running,front_running,114,JiuZhou,C:\Users\Exauce\Documents\smart-contract-cgt\source\86b74ca754fe81a08555649dff7e67e7.sol
86e3c4a0b7f363460f1547363099a6c6,f7fac3c70c24e8b6962d5835496cc1bfcea7c02fd4fd50b86c036f5f86dae534,0,5,0,5,4,bad_randomness|denial_service|reentrancy|unchecked_low_calls,,104|107|113|120|128,CodeSmells,C:\Users\Exauce\Documents\smart-contract-cgt\source\86e3c4a0b7f363460f1547363099a6c6.sol
86e4a4bfa641c2d4c8f70b8b64a7aa9d,19f7878e1edb96a0b3cc022d59da40fbf24ced75fa8205f5f1863b38c5f0d805,1,5,1,4,4,bad_randomness|denial_service|reentrancy|unchecked_low_calls,bad_randomness,104|107|113|120|128,CodeSmells,C:\Users\Exauce\Documents\smart-contract-cgt\source\86e4a4bfa641c2d4c8f70b8b64a7aa9d.sol
8759eb3ceb70272c229a51e58d83b4bd,135d6c7932c6715459a632d96f4578aa6e756a612179cf0e3f766ad13e084ce3,1,7,1,6,6,arithmetic|bad_randomness|denial_service|front_running|reentrancy|unchecked_low_calls,arithmetic,101|104|107|113|114|120,Zeus|eThor,C:\Users\Exauce\Documents\smart-contract-cgt\source\8759eb3ceb70272c229a51e58d83b4bd.sol
87a814414d3301f272a4e9918ac7f82c,3da849749b7bdc1dc3ff168c1fab1f534056fc77b1c2b37a1ba40e1e646b2052,1,5,3,2,4,bad_randomness|denial_service|reentrancy|unchecked_low_calls,bad_randomness|denial_service,104|107|113|120|128,CodeSmells,C:\Users\Exauce\Documents\smart-contract-cgt\source\87a814414d3301f272a4e9918ac7f82c.sol
87c805086c85292a92de288bb7b5318e,5868db43408bf273792e420af91ad4bc9289cb73a1b352fc25abd4d3b933099b,0,5,0,5,4,bad_randomness|denial_service|reentrancy|unchecked_low_calls,,104|107|113|120|128,CodeSmells,C:\Users\Exauce\Documents\smart-contract-cgt\source\87c805086c85292a92de288bb7b5318e.sol
87ce8fb9757afe0d4b83aa945d380cea,d199f807a9aa20c0c711c34a32f380e12c265a8be25fc9b706cccb114c95d218,1,6,1,5,6,arithmetic|bad_randomness|denial_service|front_running|reentrancy|unchecked_low_calls,arithmetic,101|104|107|113|114|120,Zeus,C:\Users\Exauce\Documents\smart-contract-cgt\source\87ce8fb9757afe0d4b83aa945d380cea.sol
87d472a930a58839c15c42b429809e38,12e0adfd8d9145deada3a34d155300856d9e3cb2562f077ae1253e37c8c64900,0,6,0,6,6,arithmetic|bad_randomness|denial_service|front_running|reentrancy|unchecked_low_calls,,101|104|107|113|114|120,Zeus,C:\Users\Exauce\Documents\smart-contract-cgt\source\87d472a930a58839c15c42b429809e38.sol
882b1676633db9552a487588e0fdf3a5,cbc402ed634b3ba4607366082b799a897a762e695d319acc21dc1b04b71adddb,1,6,2,4,6,arithmetic|bad_randomness|denial_service|front_running|reentrancy|unchecked_low_calls,arithmetic|denial_service,101|104|107|113|114|120,Zeus,C:\Users\Exauce\Documents\smart-contract-cgt\source\882b1676633db9552a487588e0fdf3a5.sol
88421dd04b6e54a38330d8a7bdced17e,d2385377e50facd46ec72735418f738228152ca7eea99b7b78a902e53bef60d2,1,7,3,4,6,arithmetic|bad_randomness|denial_service|front_running|reentrancy|unchecked_low_calls,arithmetic|front_running|unchecked_low_calls,101|104|107|113|114|120,Zeus|eThor,C:\Users\Exauce\Documents\smart-contract-cgt\source\88421dd04b6e54a38330d8a7bdced17e.sol
8842838b6f54d5dfe321cbb2be0c6906,71aeef82954ad6ad984ca453a86fb0fb465b552529a000822b022c730569367c,1,5,2,3,5,arithmetic|bad_randomness|denial_service|front_running|unchecked_low_calls,arithmetic|front_running,101|104|113|114|120,Zeus,C:\Users\Exauce\Documents\smart-contract-cgt\source\8842838b6f54d5dfe321cbb2be0c6906.sol
886d5f79bdb6e8adacafc1cc518304bf,94f07253f1072e20e68f4702f8b5e800e7cff632ebc52004d680747b849a2164,1,7,4,3,6,arithmetic|bad_randomness|denial_service|front_running|reentrancy|unchecked_low_calls,arithmetic|denial_service|front_running|reentrancy,101|104|107|113|114|120,Zeus|eThor,C:\Users\Exauce\Documents\smart-contract-cgt\source\886d5f79bdb6e8adacafc1cc518304bf.sol
889466336997b9c74eb1bed8a69ddeb5,06455bd0afeeb6de86fe5a9341d567b938989d0696ae614e9b70f05fd57eb10f,1,7,4,3,6,arithmetic|bad_randomness|denial_service|front_running|reentrancy|unchecked_low_calls,arithmetic|denial_service|front_running|unchecked_low_calls,101|104|107|113|114|120,Zeus|eThor,C:\Users\Exauce\Documents\smart-contract-cgt\source\889466336997b9c74eb1bed8a69ddeb5.sol
88a929242df51f8c418394a0227bbae2,8c65d63678259170e3070fe5694d9a2a2a6d387b0dc333b80a0fd3627e63eb8f,1,6,1,5,6,arithmetic|bad_randomness|denial_service|front_running|reentrancy|unchecked_low_calls,arithmetic,101|104|107|113|114|120,Zeus,C:\Users\Exauce\Documents\smart-contract-cgt\source\88a929242df51f8c418394a0227bbae2.sol
88ad8be2e148f056b8d2845dc5d93248,e43c89994bebde59556fca9d486a97cba24ba0450b73bd5d80a7f19d79fef112,0,6,0,6,6,arithmetic|bad_randomness|denial_service|front_running|reentrancy|unchecked_low_calls,,101|104|107|113|114|120,Zeus,C:\Users\Exauce\Documents\smart-contract-cgt\source\88ad8be2e148f056b8d2845dc5d93248.sol
88c321d773681d01fa3900117fe3a54a,717e0a1fe2f4753d3e6301d2504528ec83fcfa4ca8493f5973e195380a2dd31e,1,1,1,0,1,unchecked_low_calls,unchecked_low_calls,104,SolidiFI,C:\Users\Exauce\Documents\smart-contract-cgt\source\88c321d773681d01fa3900117fe3a54a.sol
8936dff6fa1d3ab2fe6e287ee70765e0,aafce34a699b0627016cfee09f786cee4b10ac7cda05efbe2c166b6e7abb0ca0,1,1,1,0,1,front_running,front_running,114,EthRacer,C:\Users\Exauce\Documents\smart-contract-cgt\source\8936dff6fa1d3ab2fe6e287ee70765e0.sol
893c6ea4518839a4473b4986766db2b8,507f7a039e064bff50431b48ef3bb300f4d094f4aa1160b2bf7f5edded271efb,1,12,1,11,6,arithmetic|bad_randomness|denial_service|front_running|reentrancy|unchecked_low_calls,unchecked_low_calls,101|104|107|113|114|120,ContractFuzzer|NPChecker|Zeus|eThor,C:\Users\Exauce\Documents\smart-contract-cgt\source\893c6ea4518839a4473b4986766db2b8.sol
8946eeeafec2cc7c5ca9b5e50cd3e3e2,24fc0949fd73f222751fa0bd33c7bca26721b996bd447cfedc2264a6aa275578,1,1,1,0,1,front_running,front_running,114,EthRacer,C:\Users\Exauce\Documents\smart-contract-cgt\source\8946eeeafec2cc7c5ca9b5e50cd3e3e2.sol
89769572e52e5ae1fd945edd1ff81461,426b3d2aad5704fde89008b2b5850aa96fc9ecf853c96455bd20417c3e3ccb0d,1,1,1,0,1,reentrancy,reentrancy,107,SolidiFI,C:\Users\Exauce\Documents\smart-contract-cgt\source\89769572e52e5ae1fd945edd1ff81461.sol
897c7b9fd13f388844288b45a29d64a3,87b986e7fa0414fc0759299cc74064d6c46c43f12210b58399a60d6c2ee489da,0,5,0,5,4,bad_randomness|denial_service|reentrancy|unchecked_low_calls,,104|107|113|120|128,CodeSmells,C:\Users\Exauce\Documents\smart-contract-cgt\source\897c7b9fd13f388844288b45a29d64a3.sol
8995221fa544359e65c2c1c60c52cefa,d1ac5b71419ef1c16b990f90ac9ac01cb8efce5336c14cb1b8104f9a31c39bc2,1,6,2,4,6,arithmetic|bad_randomness|denial_service|front_running|reentrancy|unchecked_low_calls,denial_service|front_running,101|104|107|113|114|120,Zeus,C:\Users\Exauce\Documents\smart-contract-cgt\source\8995221fa544359e65c2c1c60c52cefa.sol
89ce613d0449302d16140b2ab4c3aa5d,84d596ae1237eb095c58d9cacf08ad476d352dbc7fcc0435cf477c1114b4c974,0,5,0,5,4,bad_randomness|denial_service|reentrancy|unchecked_low_calls,,104|107|113|120|128,CodeSmells,C:\Users\Exauce\Documents\smart-contract-cgt\source\89ce613d0449302d16140b2ab4c3aa5d.sol
89d93aa00cf1cc85eacbe5bd608c4178,0707aa19b9e5c46ae0418ef44a2e5a0197b0f67ed16eb04b0c7fb2dccea44b64,0,6,0,6,6,arithmetic|bad_randomness|denial_service|front_running|reentrancy|unchecked_low_calls,,101|104|107|113|114|120,Zeus,C:\Users\Exauce\Documents\smart-contract-cgt\source\89d93aa00cf1cc85eacbe5bd608c4178.sol
89db610a595197be38ff8d5bdf6189d1,8c719c4c77131059b7d50162490b8238e7f1a54ef5e18b4df499af5f9076ba34,1,6,1,5,6,arithmetic|bad_randomness|denial_service|front_running|reentrancy|unchecked_low_calls,arithmetic,101|104|107|113|114|120,Zeus,C:\Users\Exauce\Documents\smart-contract-cgt\source\89db610a595197be38ff8d5bdf6189d1.sol
89e386ed3abff0a8879bbde00c44d541,b891ee25265a6d7a0172233aff94530e68a6b2ecaf594544cc2c679c7f1ee3f5,1,7,3,4,6,arithmetic|bad_randomness|denial_service|front_running|reentrancy|unchecked_low_calls,arithmetic|denial_service|reentrancy,101|104|107|113|114|120,Zeus|eThor,C:\Users\Exauce\Documents\smart-contract-cgt\source\89e386ed3abff0a8879bbde00c44d541.sol
8a051fd9de90b410e009445a486e1d10,18eca4f77874945ec0a8c75cfe4becdf6899ee8c3218ae0250146e996d121ce5,1,1,1,0,1,reentrancy,reentrancy,107,SWCregistry,C:\Users\Exauce\Documents\smart-contract-cgt\source\8a051fd9de90b410e009445a486e1d10.sol
8a10228deb803c30587f986cd76a4506,89b952179f002d9b3e2f9e19853c1ed5a767f0c5bfc43f324a1cbc7f89dfe44e,1,1,1,0,1,time_manipulation,time_manipulation,116,SolidiFI,C:\Users\Exauce\Documents\smart-contract-cgt\source\8a10228deb803c30587f986cd76a4506.sol
8a35865555cb0d51c7a6a344877e26c8,f5a6016addcee27fc3c15416ea0df388c770629b8a3f22ea2919524bc2867f9a,1,1,1,0,1,front_running,front_running,114,EthRacer,C:\Users\Exauce\Documents\smart-contract-cgt\source\8a35865555cb0d51c7a6a344877e26c8.sol
8a996d702707350b1958ac942653f99d,bda394262e74d4a9e1627cc334a2fac35e3b0b7abede77e86291dd3bb97b86b0,0,7,0,7,6,arithmetic|bad_randomness|denial_service|front_running|reentrancy|unchecked_low_calls,,101|104|107|113|114|120,Zeus|eThor,C:\Users\Exauce\Documents\smart-contract-cgt\source\8a996d702707350b1958ac942653f99d.sol
8aa5f339acb2ed1105fbf1d3e55525ac,ecd67291b5410cfa687738827b8012e38f5e27e377d84552e183458e6c2f1908,1,6,4,2,6,arithmetic|bad_randomness|denial_service|front_running|reentrancy|unchecked_low_calls,arithmetic|bad_randomness|denial_service|front_running,101|104|107|113|114|120,Zeus,C:\Users\Exauce\Documents\smart-contract-cgt\source\8aa5f339acb2ed1105fbf1d3e55525ac.sol
8aba41bc3197da224cb3fa80942679a6,fef306730eb0e379cac67028817ad06f337302cd6b935c9ee74f1d2c16b1c167,0,5,0,5,4,bad_randomness|denial_service|reentrancy|unchecked_low_calls,,104|107|113|120|128,CodeSmells,C:\Users\Exauce\Documents\smart-contract-cgt\source\8aba41bc3197da224cb3fa80942679a6.sol
8acdd6588a8dea836c3f6cea17132bbd,2e5d33dce59d7e7c163dae792afd653cd33cc5724eaf1e79b6fd4455337bfa32,1,7,3,4,6,arithmetic|bad_randomness|denial_service|front_running|reentrancy|unchecked_low_calls,arithmetic|front_running|unchecked_low_calls,101|104|107|113|114|120,Zeus|eThor,C:\Users\Exauce\Documents\smart-contract-cgt\source\8acdd6588a8dea836c3f6cea17132bbd.sol
8b1752b1064dcb4a59159062e5eeff0e,818ae8eb6c8f6f521ef6934f2df8668892e219dfe64456248a50482997b7bf95,1,1,1,0,1,reentrancy,reentrancy,107,SBcurated,C:\Users\Exauce\Documents\smart-contract-cgt\source\8b1752b1064dcb4a59159062e5eeff0e.sol
8b5dde29396ffa088633f8c262bb6309,69a6507028411dd8e2abd0b446e06d6ec0dad964453ec69edeb0ad4e4cecf84d,1,7,1,6,6,arithmetic|bad_randomness|denial_service|front_running|reentrancy|unchecked_low_calls,arithmetic,101|104|107|113|114|120,Zeus|eThor,C:\Users\Exauce\Documents\smart-contract-cgt\source\8b5dde29396ffa088633f8c262bb6309.sol
8b6a0cea9b6b68d3e7e7f666c02be872,95ee304c93de587bf34c8028207f24fdbc6113920b12f77045efa313820c5ff2,0,6,0,6,6,arithmetic|bad_randomness|denial_service|front_running|reentrancy|unchecked_low_calls,,101|104|107|113|114|120,Zeus,C:\Users\Exauce\Documents\smart-contract-cgt\source\8b6a0cea9b6b68d3e7e7f666c02be872.sol
8be5382566d8f7b517fbb10c4161ceea,25d828933ca08dd0feb5dd57cf6583fb0b9b049a4c4ad0cc1da03e141a178762,0,7,0,7,6,arithmetic|bad_randomness|denial_service|front_running|reentrancy|unchecked_low_calls,,101|104|107|113|114|120,Zeus|eThor,C:\Users\Exauce\Documents\smart-contract-cgt\source\8be5382566d8f7b517fbb10c4161ceea.sol
8bf7ed7c21c1656d9a8f6662ae15c78d,586e5c154de2a23252cb20072ce19e05005544752e652873a632db2fca6c83f5,1,7,3,4,6,arithmetic|bad_randomness|denial_service|front_running|reentrancy|unchecked_low_calls,arithmetic|reentrancy|unchecked_low_calls,101|104|107|113|114|120,ContractFuzzer|Zeus|eThor,C:\Users\Exauce\Documents\smart-contract-cgt\source\8bf7ed7c21c1656d9a8f6662ae15c78d.sol
8c2ee4db9f4dfdfa078356f1ebc3d887,411ee6c13f6417170ec3531424615c20181f4bb87aeac4e0a8ef7e1b1814606b,1,6,1,5,6,arithmetic|bad_randomness|denial_service|front_running|reentrancy|unchecked_low_calls,arithmetic,101|104|107|113|114|120,Zeus,C:\Users\Exauce\Documents\smart-contract-cgt\source\8c2ee4db9f4dfdfa078356f1ebc3d887.sol
8c561fecee00436112bdcae5c08b3548,8b9f8fea7a0e72b68087a0b66197f359cfa29306c61b7bdac3b7aff1df7c0ea5,1,7,2,5,6,arithmetic|bad_randomness|denial_service|front_running|reentrancy|unchecked_low_calls,arithmetic|bad_randomness,101|104|107|113|114|120,Zeus|eThor,C:\Users\Exauce\Documents\smart-contract-cgt\source\8c561fecee00436112bdcae5c08b3548.sol
8c660b98a1c85d47b834849eda14d3a8,9ca23db16123dbef6b5708f06365f1f9d045016bcf162713ec064299188b0f10,1,10,4,6,5,bad_randomness|denial_service|front_running|reentrancy|unchecked_low_calls,bad_randomness|unchecked_low_calls,104|107|113|114|120,Doublade|NPChecker|Zeus|eThor,C:\Users\Exauce\Documents\smart-contract-cgt\source\8c660b98a1c85d47b834849eda14d3a8.sol
8c71a9d8ecb3c85c6411ba1a6a09d723,6e55319ef0f61cb744f9d8ea10c601c642e922def336fda9039aa58a15629775,0,5,0,5,4,bad_randomness|denial_service|reentrancy|unchecked_low_calls,,104|107|113|120|128,CodeSmells,C:\Users\Exauce\Documents\smart-contract-cgt\source\8c71a9d8ecb3c85c6411ba1a6a09d723.sol
8c785be3f04ced6e964dd690e515778b,b3e3675e6ac9ac0b1e9ec7fda83f93be32c37ad68193014db009c1131b85d0ab,0,6,0,6,6,arithmetic|bad_randomness|denial_service|front_running|reentrancy|unchecked_low_calls,,101|104|107|113|114|120,Zeus,C:\Users\Exauce\Documents\smart-contract-cgt\source\8c785be3f04ced6e964dd690e515778b.sol
8cd65334e5a3e10e1f474cc4275f2884,86559f3bc6c2f1cc4d8a479652f37120228217fef4b3955798e2222e1b1a19f9,1,1,1,0,1,front_running,front_running,114,EthRacer,C:\Users\Exauce\Documents\smart-contract-cgt\source\8cd65334e5a3e10e1f474cc4275f2884.sol
8cd7c2a2523ec12c98ec7a72d19372e8,2df45544ecdb1e28444de2878745bb3b669e6588df3125eddad4aefc4673ecf1,0,5,0,5,4,bad_randomness|denial_service|reentrancy|unchecked_low_calls,,104|107|113|120|128,CodeSmells,C:\Users\Exauce\Documents\smart-contract-cgt\source\8cd7c2a2523ec12c98ec7a72d19372e8.sol
8ce64300a5fc4443d3b3acd6885af5ba,0dd12e1c8f44f1f2a200dd59f98b3d8c482b28e7b763bb20b41f28e0f8ffabe3,1,7,3,4,6,arithmetic|bad_randomness|denial_service|front_running|reentrancy|unchecked_low_calls,arithmetic|front_running|unchecked_low_calls,101|104|107|113|114|120,Zeus|eThor,C:\Users\Exauce\Documents\smart-contract-cgt\source\8ce64300a5fc4443d3b3acd6885af5ba.sol
8ce8ef620c3c45c764425963c12558d2,ac0715e842fde5797dabe1579ec4efb9ebacefdeb2de5502fc47bafa149f3fea,1,1,1,0,1,front_running,front_running,114,SolidiFI,C:\Users\Exauce\Documents\smart-contract-cgt\source\8ce8ef620c3c45c764425963c12558d2.sol
8cf08d1010adcb85c21317082b802a0e,4feede55a99e1c37b03d82f26e5c4c69978b55fd5ae9cb492359d3a0a19bccaf,1,1,1,0,1,unchecked_low_calls,unchecked_low_calls,104,Doublade,C:\Users\Exauce\Documents\smart-contract-cgt\source\8cf08d1010adcb85c21317082b802a0e.sol
8d33efdfa6fb09dcb0f58a3d7fc62d45,65dd017b5e7acd838001c778debb1e48b35374b4d515563bfea27d2efc871855,0,5,0,5,4,bad_randomness|denial_service|reentrancy|unchecked_low_calls,,104|107|113|120|128,CodeSmells,C:\Users\Exauce\Documents\smart-contract-cgt\source\8d33efdfa6fb09dcb0f58a3d7fc62d45.sol
8d4ca61d5436b206bb6bf79dd195e0dd,afa03eb828cec3f1ce452c1082bbae2f64e4e31ba81664b233d8aab60cbb6bde,1,12,2,10,6,arithmetic|bad_randomness|denial_service|front_running|reentrancy|unchecked_low_calls,denial_service|reentrancy,101|104|107|113|114|120,NPChecker|Zeus|eThor,C:\Users\Exauce\Documents\smart-contract-cgt\source\8d4ca61d5436b206bb6bf79dd195e0dd.sol
8d51202883ac8a4a0e0d0cd0244eaed1,6a1a46f271198c506d304bbd8d823a3b80d958eb3f537ff3e17d821e40ec7723,1,6,4,2,6,arithmetic|bad_randomness|denial_service|front_running|reentrancy|unchecked_low_calls,arithmetic|bad_randomness|front_running|unchecked_low_calls,101|104|107|113|114|120,Zeus,C:\Users\Exauce\Documents\smart-contract-cgt\source\8d51202883ac8a4a0e0d0cd0244eaed1.sol
8d55ae5fd1f97769b171b36495fba9c3,89a125010aaf06502d335340f99d1b4485899fd80415ed0940f8495e595dc7e2,1,6,1,5,6,arithmetic|bad_randomness|denial_service|front_running|reentrancy|unchecked_low_calls,arithmetic,101|104|107|113|114|120,Zeus,C:\Users\Exauce\Documents\smart-contract-cgt\source\8d55ae5fd1f97769b171b36495fba9c3.sol
8da0f2be5480369b8760a9cf6db0c6f0,b02c409d0798ed69df70dcb172095887e93620023b893d43fda1aea8c38e78a6,1,1,1,0,1,arithmetic,arithmetic,101,SolidiFI,C:\Users\Exauce\Documents\smart-contract-cgt\source\8da0f2be5480369b8760a9cf6db0c6f0.sol
8dcee0422cc41adfd99e6386982a8df1,4a2daa0f581c56e90f03c17a4b6d21ecca887c9d485da8d4885fd71fb1897880,1,1,1,0,1,unchecked_low_calls,unchecked_low_calls,104,SolidiFI,C:\Users\Exauce\Documents\smart-contract-cgt\source\8dcee0422cc41adfd99e6386982a8df1.sol
8dee8c5353ecb38a25898c6c1dad7823,b815aa53c97fa7c66a8359c386dd4389d04721d028da03528a30e9790c3540dd,0,5,0,5,4,bad_randomness|denial_service|reentrancy|unchecked_low_calls,,104|107|113|120|128,CodeSmells,C:\Users\Exauce\Documents\smart-contract-cgt\source\8dee8c5353ecb38a25898c6c1dad7823.sol
8e0370c2052793e0d08a87eb9e9e680f,4ef7f5c68fdba7bd8a0d303e0adfc51968cc4a0d9b206a6526ebbbfbd66742e4,1,1,1,0,1,denial_service,denial_service,113,Doublade,C:\Users\Exauce\Documents\smart-contract-cgt\source\8e0370c2052793e0d08a87eb9e9e680f.sol
8e061a4e61f736ba659ad1191f2ae82c,7152f131a2f0da3a0ba47b324b1f8a63d33f2ea43a714545afe2179ff6d3258c,0,5,0,5,4,bad_randomness|denial_service|reentrancy|unchecked_low_calls,,104|107|113|120|128,CodeSmells,C:\Users\Exauce\Documents\smart-contract-cgt\source\8e061a4e61f736ba659ad1191f2ae82c.sol
8e2890a517758434bb73296643954d28,ae748bde683c37967a372a09fb44aa624ced67200b4bc34e6a030ac544e37615,1,7,3,4,6,arithmetic|bad_randomness|denial_service|front_running|reentrancy|unchecked_low_calls,arithmetic|reentrancy,101|104|107|113|114|120,Zeus|eThor,C:\Users\Exauce\Documents\smart-contract-cgt\source\8e2890a517758434bb73296643954d28.sol
8e3bba5f2ea6defd94656632350a61e4,ad05f72909ad21785dc2c966a5c2a5d1ac06d6507920e1575d8b42dd8a9c7d22,1,7,2,5,6,arithmetic|bad_randomness|denial_service|front_running|reentrancy|unchecked_low_calls,arithmetic|reentrancy,101|104|107|113|114|120,Zeus|eThor,C:\Users\Exauce\Documents\smart-contract-cgt\source\8e3bba5f2ea6defd94656632350a61e4.sol
8e5d982905292b9136395bd1f9de313e,b0d820f7ff7231d409613cdf324bf016c863c0c1a89d6f173076f8909c2fe215,1,7,3,4,6,arithmetic|bad_randomness|denial_service|front_running|reentrancy|unchecked_low_calls,arithmetic|front_running|unchecked_low_calls,101|104|107|113|114|120,Zeus|eThor,C:\Users\Exauce\Documents\smart-contract-cgt\source\8e5d982905292b9136395bd1f9de313e.sol
8e5e2324dab1e86771e32db702221e8d,b0c0020065ccb34e91fcb510281c6c1550bb2f25850765c066054302bce1a96a,1,1,1,0,1,unchecked_low_calls,unchecked_low_calls,104,SolidiFI,C:\Users\Exauce\Documents\smart-contract-cgt\source\8e5e2324dab1e86771e32db702221e8d.sol
8e63efcd5d67203f3dd285a86fad6569,ca4d4d18168519a1b1ec9abd67d7cb5cd55a3f3ba89abe706f8f0829723fb632,1,1,1,0,1,arithmetic,arithmetic,101,EverEvolvingG,C:\Users\Exauce\Documents\smart-contract-cgt\source\8e63efcd5d67203f3dd285a86fad6569.sol
8e653f1e5b96dd93733803a8b6d4d7f7,b400727d700fe15598feaed071989020a18ea29058d66bf209184b78dcfbb170,1,1,1,0,1,bad_randomness,bad_randomness,120,ContractFuzzer,C:\Users\Exauce\Documents\smart-contract-cgt\source\8e653f1e5b96dd93733803a8b6d4d7f7.sol
8e891eef42d103cc7f6d6dfc0251dc12,5b6a036fa4f28b2ba705623c95e6b997bc45bf108e6ab25c60bae4b8a1c1fcb1,1,5,1,4,4,bad_randomness|denial_service|reentrancy|unchecked_low_calls,unchecked_low_calls,104|107|113|120|128,CodeSmells,C:\Users\Exauce\Documents\smart-contract-cgt\source\8e891eef42d103cc7f6d6dfc0251dc12.sol
8e8f404b10c56e636e31323e95213a0b,1c8e3615455db5080cb3fc9d71d08424a39cfd3d7d03f2e94d6b01948622211e,1,7,1,6,6,arithmetic|bad_randomness|denial_service|front_running|reentrancy|unchecked_low_calls,arithmetic,101|104|107|113|114|120,Zeus|eThor,C:\Users\Exauce\Documents\smart-contract-cgt\source\8e8f404b10c56e636e31323e95213a0b.sol
8e9b05a4217c2664383f9257116942a9,de2e8e3a849526e82582cfd4f5096e70fcab728d424b39f2c3e83aa2c1f31cb3,0,7,0,7,6,arithmetic|bad_randomness|denial_service|front_running|reentrancy|unchecked_low_calls,,101|104|107|113|114|120,Zeus|eThor,C:\Users\Exauce\Documents\smart-contract-cgt\source\8e9b05a4217c2664383f9257116942a9.sol
8ebba8c77bace0a28a583bd0e3e358aa,3b7c4cf3d9520653f98813c0adea65993efea48996b9d63a8b94a4297c7682ff,1,1,1,0,1,arithmetic,arithmetic,101,SolidiFI,C:\Users\Exauce\Documents\smart-contract-cgt\source\8ebba8c77bace0a28a583bd0e3e358aa.sol
8ec93afa609fb9f50c59a5fe3492c75a,a6d869b947eadfdab5e860b8277a21a267473697769ce77d588369bd3d6c876e,1,7,4,3,6,arithmetic|bad_randomness|denial_service|front_running|reentrancy|unchecked_low_calls,arithmetic|bad_randomness|denial_service|front_running,101|104|107|113|114|120,Zeus|eThor,C:\Users\Exauce\Documents\smart-contract-cgt\source\8ec93afa609fb9f50c59a5fe3492c75a.sol
8f71bfd4490c96e0f66c33b4cd4e22bb,3aa32bf1aedd2ff306b023c0f637825e84bbd816bcdd08c2fcedbd4096133443,1,7,3,4,6,arithmetic|bad_randomness|denial_service|front_running|reentrancy|unchecked_low_calls,arithmetic|front_running|unchecked_low_calls,101|104|107|113|114|120,Zeus|eThor,C:\Users\Exauce\Documents\smart-contract-cgt\source\8f71bfd4490c96e0f66c33b4cd4e22bb.sol
8fb5d1519ed4f233f2842a1311fb6c4b,2700feebc800416618485d37cf28f9e042884718b1601fb6278b5fb783ee8d0d,1,1,1,0,1,time_manipulation,time_manipulation,116,SolidiFI,C:\Users\Exauce\Documents\smart-contract-cgt\source\8fb5d1519ed4f233f2842a1311fb6c4b.sol
8fcc9c217b7bfa2264dd6326c7baf401,4fd858da1a46e3ad7e162c740ed7b9f853f538a3eeb2aa6dcd01b38c1e0fa75e,1,1,1,0,1,bad_randomness,bad_randomness,120,ContractFuzzer,C:\Users\Exauce\Documents\smart-contract-cgt\source\8fcc9c217b7bfa2264dd6326c7baf401.sol
8fcf9b123478c89cbebd83b0326394f0,2d5330d270ed6ba62ab9e5cc90c06aaadacc188af51883a2f34a8cc2cbd506dd,0,5,0,5,4,bad_randomness|denial_service|reentrancy|unchecked_low_calls,,104|107|113|120|128,CodeSmells,C:\Users\Exauce\Documents\smart-contract-cgt\source\8fcf9b123478c89cbebd83b0326394f0.sol
8fe834ccd2ad910159634165187c62e4,f3af9b7a61fece40cf0b78ae38d8546f09ba7d444718afe34a1a796dc804b9a2,1,6,1,5,6,arithmetic|bad_randomness|denial_service|front_running|reentrancy|unchecked_low_calls,arithmetic,101|104|107|113|114|120,Zeus,C:\Users\Exauce\Documents\smart-contract-cgt\source\8fe834ccd2ad910159634165187c62e4.sol
8ff67ca880d5a3de7597778a2373db02,7869a6aadb2f8219617b07274cc8fac9457cfa68ab38aabd02636a8b0567a1b1,0,12,0,12,6,arithmetic|bad_randomness|denial_service|front_running|reentrancy|unchecked_low_calls,,101|104|107|113|114|120|128,CodeSmells|Zeus|eThor,C:\Users\Exauce\Documents\smart-contract-cgt\source\8ff67ca880d5a3de7597778a2373db02.sol
900eb56c1dc83e67fa00d073eb180fea,9f6583b762cde32f7138b1c9ae2064803da408a0518ac6b6d30b2d7d565da2eb,1,1,1,0,1,reentrancy,reentrancy,107,SolidiFI,C:\Users\Exauce\Documents\smart-contract-cgt\source\900eb56c1dc83e67fa00d073eb180fea.sol
90167a28f2218d3775ed3b252657f3a5,35abad15a9b166d2faa988b5da1b208d47c5f61ba320fe0151b09d1c1e9c66d2,1,9,2,7,5,bad_randomness|denial_service|front_running|reentrancy|unchecked_low_calls,denial_service|reentrancy,104|107|113|114|120|128,CodeSmells|Zeus|eThor,C:\Users\Exauce\Documents\smart-contract-cgt\source\90167a28f2218d3775ed3b252657f3a5.sol
9028c4ec32cf33b3d7081532833ba40f,3c94f544d8b761bab847f198b212837048f93e3c13c0720c2299edc1050b0087,0,7,0,7,6,arithmetic|bad_randomness|denial_service|front_running|reentrancy|unchecked_low_calls,,101|104|107|113|114|120,Zeus|eThor,C:\Users\Exauce\Documents\smart-contract-cgt\source\9028c4ec32cf33b3d7081532833ba40f.sol
9045fc7594e11f67ccb16b64c92f665e,10371fdc8d5077a4efc105a37cb58bcf0708078fa103ae95131362b57efa892f,1,1,1,0,1,bad_randomness,bad_randomness,120,ContractFuzzer,C:\Users\Exauce\Documents\smart-contract-cgt\source\9045fc7594e11f67ccb16b64c92f665e.sol
9059c7ef72243dbda3c1a138b0ebba5a,745051939b00037fa02aa122fb3dd51a095ae6ddf29cb713215d1ca16256e960,0,5,0,5,4,bad_randomness|denial_service|reentrancy|unchecked_low_calls,,104|107|113|120|128,CodeSmells,C:\Users\Exauce\Documents\smart-contract-cgt\source\9059c7ef72243dbda3c1a138b0ebba5a.sol
905bd154dfa43b7cb1c0840a291a0ed3,82aaa1139b5d7dfd1cf2761e44368143b7ca5f2abcb829d807364acce2c09ae4,1,1,1,0,1,time_manipulation,time_manipulation,116,ContractFuzzer,C:\Users\Exauce\Documents\smart-contract-cgt\source\905bd154dfa43b7cb1c0840a291a0ed3.sol
90b247f644f517e2ea144fddccce9c16,13ec4d7e200f509ebb3e97edd9d33e5a76aa0cda8f7105572a68760822ca522d,0,5,0,5,4,bad_randomness|denial_service|reentrancy|unchecked_low_calls,,104|107|113|120|128,CodeSmells,C:\Users\Exauce\Documents\smart-contract-cgt\source\90b247f644f517e2ea144fddccce9c16.sol
90c5f8dcbf4ca70970afa3b3eceb3740,61d1a33b599c931643b1a5239f8f8ceebd6c2d74a7644a126dbb7d82afb36240,1,6,4,2,6,arithmetic|bad_randomness|denial_service|front_running|reentrancy|unchecked_low_calls,arithmetic|denial_service|front_running|unchecked_low_calls,101|104|107|113|114|120,Zeus,C:\Users\Exauce\Documents\smart-contract-cgt\source\90c5f8dcbf4ca70970afa3b3eceb3740.sol
90dabd067acedb50b209febd7df95a68,2ca617ef8cff443534c8ddae35bd473b1a92a794240826c92fc249b56d8aa8a7,0,5,0,5,4,bad_randomness|denial_service|reentrancy|unchecked_low_calls,,104|107|113|120|128,CodeSmells,C:\Users\Exauce\Documents\smart-contract-cgt\source\90dabd067acedb50b209febd7df95a68.sol
90dc147c5c62fea93e194502776f4aea,28d6d61fa384670ef349d799a533c28c1a7c0e5bfafbf24f320f77483f4dd628,1,1,1,0,1,bad_randomness,bad_randomness,120,ContractFuzzer,C:\Users\Exauce\Documents\smart-contract-cgt\source\90dc147c5c62fea93e194502776f4aea.sol
9103f68060d5284a8083615e93629d96,328e686633c20365c49a49e82c007fce36af108e9419a0d99c04fa0d5135a1c2,1,7,1,6,6,arithmetic|bad_randomness|denial_service|front_running|reentrancy|unchecked_low_calls,denial_service,101|104|107|113|114|120,Zeus|eThor,C:\Users\Exauce\Documents\smart-contract-cgt\source\9103f68060d5284a8083615e93629d96.sol
91736024b2dde0f5c842eb191a05ffaa,2fd9e89a49b7a02095f025c4f0beb907a2e9e5233820f8d0c19d66205c215f6d,1,1,1,0,1,reentrancy,reentrancy,107,ContractFuzzer,C:\Users\Exauce\Documents\smart-contract-cgt\source\91736024b2dde0f5c842eb191a05ffaa.sol
9193781a596e8ecafc597337d01e9b0a,f8ba4073c60afa2860f30fe253a47480ad43aad87c615107afbb6becd3621c26,0,1,0,1,1,front_running,,114,EthRacer,C:\Users\Exauce\Documents\smart-contract-cgt\source\9193781a596e8ecafc597337d01e9b0a.sol
91c7e42695d3ecbbc797ef67f258d2b4,faaba23f441ae06d22cff8e0251594da6f87c1bb575809f0ac1f4b2a91b22e16,0,5,0,5,4,bad_randomness|denial_service|reentrancy|unchecked_low_calls,,104|107|113|120|128,CodeSmells,C:\Users\Exauce\Documents\smart-contract-cgt\source\91c7e42695d3ecbbc797ef67f258d2b4.sol
921491a5a662f96b2e8409e3b035cbd2,35b85d079d1dd74a803b5d6e663de482185ab0e316de9db466f07d5a55e039f0,1,7,2,5,6,arithmetic|bad_randomness|denial_service|front_running|reentrancy|unchecked_low_calls,denial_service|front_running,101|104|107|113|114|120,Zeus|eThor,C:\Users\Exauce\Documents\smart-contract-cgt\source\921491a5a662f96b2e8409e3b035cbd2.sol
922f8f476ca27d0ad02604dc38d9430e,a7b7b63cc90106777e860869417f9992193872185eb7f5059ca14cda83d5eba2,0,1,0,1,1,front_running,,114,EthRacer,C:\Users\Exauce\Documents\smart-contract-cgt\source\922f8f476ca27d0ad02604dc38d9430e.sol
92329413a1a23e66d98b9d2dd8d068c7,e1aa0173943c1ffaadb910319001e29d16e248a210554a7cedea04275d609eb8,0,5,0,5,4,bad_randomness|denial_service|reentrancy|unchecked_low_calls,,104|107|113|120|128,CodeSmells,C:\Users\Exauce\Documents\smart-contract-cgt\source\92329413a1a23e66d98b9d2dd8d068c7.sol
924e3b2e10ccc445909ddf73b0ed1dee,dd0ad833336f31b4e609abf25c9ed297a9dcb52208f6efe9bc8095389c2cc5a5,1,7,3,4,6,arithmetic|bad_randomness|denial_service|front_running|reentrancy|unchecked_low_calls,arithmetic|denial_service|reentrancy,101|104|107|113|114|120,Zeus|eThor,C:\Users\Exauce\Documents\smart-contract-cgt\source\924e3b2e10ccc445909ddf73b0ed1dee.sol
926954db34f2d719cc012f2e96922056,d27774ee46c7f1c9da05bd43e28a5c44b5fa3fb8bb7f0b39adb0eceb1783f55a,1,1,1,0,1,front_running,front_running,114,SolidiFI,C:\Users\Exauce\Documents\smart-contract-cgt\source\926954db34f2d719cc012f2e96922056.sol
92824bc00e630f9cfe39b28b9fd9f442,6ea006dbd4a6765634433a2026ce2f9729cecd44dc10024095c9b3524dc6a09c,1,3,2,1,3,denial_service|reentrancy|unchecked_low_calls,denial_service|reentrancy,104|107|113,Doublade,C:\Users\Exauce\Documents\smart-contract-cgt\source\92824bc00e630f9cfe39b28b9fd9f442.sol
92b8fc3a9b83f7f060df5c9d07fd90ba,91d1757723889de6e2582b00ef391312882531d037f5186716de58efc437dc11,1,6,1,5,6,arithmetic|bad_randomness|denial_service|front_running|reentrancy|unchecked_low_calls,arithmetic,101|104|107|113|114|120,Zeus,C:\Users\Exauce\Documents\smart-contract-cgt\source\92b8fc3a9b83f7f060df5c9d07fd90ba.sol
92bead7a99a660d6202bd617dcdf4b8e,b7f830da0b0534ba17c36d62f14c3af967a8d6413fb1551f64073dc99cfa2a4c,0,1,0,1,1,reentrancy,,107,Doublade,C:\Users\Exauce\Documents\smart-contract-cgt\source\92bead7a99a660d6202bd617dcdf4b8e.sol
92d20a8616bd73161b47dd38aa43bcee,ebb0aa3a8d64fca12fe6c47954cedbd20739acc786e259f40ec23d9e51e96e6d,0,5,0,5,4,bad_randomness|denial_service|reentrancy|unchecked_low_calls,,104|107|113|120|128,CodeSmells,C:\Users\Exauce\Documents\smart-contract-cgt\source\92d20a8616bd73161b47dd38aa43bcee.sol
92e7ff8e0a7924d8d9eee80e4735557f,8c8565aa6161585fe3aa15e011d21eb4b3a379d1a0cb22dea689001c46a5df06,1,6,1,5,6,arithmetic|bad_randomness|denial_service|front_running|reentrancy|unchecked_low_calls,arithmetic,101|104|107|113|114|120,Zeus,C:\Users\Exauce\Documents\smart-contract-cgt\source\92e7ff8e0a7924d8d9eee80e4735557f.sol
9372afd253b376514119fdf54487a8fd,33bee7c69b253a92d2630f4fa3bc517ff3caa1336fa246eabc78fbc7d9cdccf8,0,5,0,5,4,bad_randomness|denial_service|reentrancy|unchecked_low_calls,,104|107|113|120|128,CodeSmells,C:\Users\Exauce\Documents\smart-contract-cgt\source\9372afd253b376514119fdf54487a8fd.sol
9373caa45d0b20e5965baab1e7880f60,0e1de55e90a8b5e576b07d221af5f7774276967b2e4c1194ef78647fa9a742b0,1,6,1,5,6,arithmetic|bad_randomness|denial_service|front_running|reentrancy|unchecked_low_calls,arithmetic,101|104|107|113|114|120,Zeus,C:\Users\Exauce\Documents\smart-contract-cgt\source\9373caa45d0b20e5965baab1e7880f60.sol
939379d8ebfd82074e9c18b270679079,c74ceaf91089154b2c838c9640b40fc54f2ab606ba9011b56c44160c37ee8a7f,0,12,0,12,6,arithmetic|bad_randomness|denial_service|front_running|reentrancy|unchecked_low_calls,,101|104|107|113|114|120,NPChecker|Zeus|eThor,C:\Users\Exauce\Documents\smart-contract-cgt\source\939379d8ebfd82074e9c18b270679079.sol
93cdb5e42f79ef21c66a8f68a4d07c19,a41b4364e37d584e8cdded8d203ed072126f7adea4037aa266f9126323d109c9,0,5,0,5,4,bad_randomness|denial_service|reentrancy|unchecked_low_calls,,104|107|113|120|128,CodeSmells,C:\Users\Exauce\Documents\smart-contract-cgt\source\93cdb5e42f79ef21c66a8f68a4d07c19.sol
93e755238c49492f72d254a0d5532a9e,aef71f7b5772f499d6d79b7e13125cb0efc2e67c5c925b6a89f31b4d1cc1829c,0,6,0,6,6,arithmetic|bad_randomness|denial_service|front_running|reentrancy|unchecked_low_calls,,101|104|107|113|114|120,Zeus,C:\Users\Exauce\Documents\smart-contract-cgt\source\93e755238c49492f72d254a0d5532a9e.sol
93eeb3f33cca12ca238bb958e8b6a15f,036e98b582537a1a4ed7273f56aa0b52e75b5f6d03f64cf59b1152870569a989,1,1,1,0,1,arithmetic,arithmetic,101,SolidiFI,C:\Users\Exauce\Documents\smart-contract-cgt\source\93eeb3f33cca12ca238bb958e8b6a15f.sol
9422e3cc337379b8fe5785fae34c05d3,288bbcfaaeabf33b76fd932c0010baa0679efb61ed94e7fbb833baf0ac5d5503,0,5,0,5,4,bad_randomness|denial_service|reentrancy|unchecked_low_calls,,104|107|113|120|128,CodeSmells,C:\Users\Exauce\Documents\smart-contract-cgt\source\9422e3cc337379b8fe5785fae34c05d3.sol
947a23bf4eb57a0b06d39b7d682d1c42,f4de8fd6575787c13d00a73519a812f3c0c71be37dbe306c42611303df56e3a1,0,5,0,5,4,bad_randomness|denial_service|reentrancy|unchecked_low_calls,,104|107|113|120|128,CodeSmells,C:\Users\Exauce\Documents\smart-contract-cgt\source\947a23bf4eb57a0b06d39b7d682d1c42.sol
947f5dca1570a75b425b9971ae9ca2db,ffcd26432c593171b55d0a784e4c4ec8ee04061998f7e4c5bbd32ac955ef5f53,1,1,1,0,1,time_manipulation,time_manipulation,116,SolidiFI,C:\Users\Exauce\Documents\smart-contract-cgt\source\947f5dca1570a75b425b9971ae9ca2db.sol
949b86f26eab1ef14b4ea3b2065a3473,85fd34ffff61d0d2de4fb72adb7bb2c3e0e0cd219361860e1554401d9a9dff8c,1,7,3,4,6,arithmetic|bad_randomness|denial_service|front_running|reentrancy|unchecked_low_calls,arithmetic|reentrancy|unchecked_low_calls,101|104|107|113|114|120,Zeus|eThor,C:\Users\Exauce\Documents\smart-contract-cgt\source\949b86f26eab1ef14b4ea3b2065a3473.sol
94daf252f5d1002a2b19f7b584f8a974,ea9c5d6afe7e189ac9c9461c05205d3b84915e9083cd3383cf95c6ef5815a89a,1,11,1,10,6,arithmetic|bad_randomness|denial_service|front_running|reentrancy|unchecked_low_calls,denial_service,101|104|107|113|114|120|128,CodeSmells|Zeus|eThor,C:\Users\Exauce\Documents\smart-contract-cgt\source\94daf252f5d1002a2b19f7b584f8a974.sol
94fa67bad43ae7ea3b0e483ab8f78e16,734d7f6b67b2228ec8fa6a60e3366fa9e1f89e999b4da93492cc769472539b63,1,6,1,5,6,arithmetic|bad_randomness|denial_service|front_running|reentrancy|unchecked_low_calls,arithmetic,101|104|107|113|114|120,Zeus,C:\Users\Exauce\Documents\smart-contract-cgt\source\94fa67bad43ae7ea3b0e483ab8f78e16.sol
95148923868c285c22fb2ddc6da4e9f8,9995b0664a2db88e4dcc48aa37dd908ce80ea6c867232b8a6e7c24614b64ba97,1,5,2,3,5,arithmetic|bad_randomness|denial_service|front_running|unchecked_low_calls,arithmetic|front_running,101|104|113|114|120,Zeus,C:\Users\Exauce\Documents\smart-contract-cgt\source\95148923868c285c22fb2ddc6da4e9f8.sol
951d21e4c9554a54ac3e767733323dc0,dd43f6413597ad9a8ed3d3ca31cac2ca29b36ac918da5e850de33f0356a52b7e,0,5,0,5,5,bad_randomness|denial_service|front_running|reentrancy|unchecked_low_calls,,104|107|113|114|120,Zeus,C:\Users\Exauce\Documents\smart-contract-cgt\source\951d21e4c9554a54ac3e767733323dc0.sol
9595c31849e19c65ec423fbd5035a595,e2c6d7dbae5f8c55d306cfbb221a6b8b2cba78caf202458a60d78efe1e7773af,0,1,0,1,1,reentrancy,,107,Doublade,C:\Users\Exauce\Documents\smart-contract-cgt\source\9595c31849e19c65ec423fbd5035a595.sol
95abd01316ddb3073fcf3cfa9d7286ec,4e3e72e5fc015b8c161eee5cfd51f8b9d7e3f1a199d69dcc34ece653dba68cba,0,7,0,7,6,arithmetic|bad_randomness|denial_service|front_running|reentrancy|unchecked_low_calls,,101|104|107|113|114|120,Zeus|eThor,C:\Users\Exauce\Documents\smart-contract-cgt\source\95abd01316ddb3073fcf3cfa9d7286ec.sol
95b25642857cce81fe2c8cbfd462941f,7f34ad73be04176c083a893c353ca91db952878404ad608c23686cf47c2b0ae9,1,6,3,3,6,arithmetic|bad_randomness|denial_service|front_running|reentrancy|unchecked_low_calls,arithmetic|denial_service|front_running,101|104|107|113|114|120,Zeus,C:\Users\Exauce\Documents\smart-contract-cgt\source\95b25642857cce81fe2c8cbfd462941f.sol
95c4f52086e477c0f2334931a267301d,d2662bf86cfa023b47e2ef53a366f6796300a758e7eb3ba396d6a618d496b272,1,1,1,0,1,reentrancy,reentrancy,107,SolidiFI,C:\Users\Exauce\Documents\smart-contract-cgt\source\95c4f52086e477c0f2334931a267301d.sol
95fd41e1024acb327bd39a3f0c542e5d,8016e0c329cc58386863f340527ff6c2ea8b5f0ffee3bc03c34f2e1d61e95fce,1,1,1,0,1,bad_randomness,bad_randomness,120,ContractFuzzer,C:\Users\Exauce\Documents\smart-contract-cgt\source\95fd41e1024acb327bd39a3f0c542e5d.sol
9609f6fd8f12d467bfe477957f659abc,5311180c6ed7f612166f25561cd9908e1340f2fed63a7121b07703328c981354,1,7,3,4,6,arithmetic|bad_randomness|denial_service|front_running|reentrancy|unchecked_low_calls,denial_service|front_running|reentrancy,101|104|107|113|114|120,Zeus|eThor,C:\Users\Exauce\Documents\smart-contract-cgt\source\9609f6fd8f12d467bfe477957f659abc.sol
9620d3dd5e71af9afaffc8239b01fc8f,2ba76ad5fa127627646856d7e8a887e55411675452afb0a164e13db4c745d3c0,1,7,1,6,6,arithmetic|bad_randomness|denial_service|front_running|reentrancy|unchecked_low_calls,arithmetic,101|104|107|113|114|120,Zeus|eThor,C:\Users\Exauce\Documents\smart-contract-cgt\source\9620d3dd5e71af9afaffc8239b01fc8f.sol
963acb4ff7684dc80310a8b3e8832748,c8135c6c5ab9b55e69002c2983a727845b5b6af535dd122c9cfcb04c7ab21b81,1,6,4,2,6,arithmetic|bad_randomness|denial_service|front_running|reentrancy|unchecked_low_calls,arithmetic|denial_service|front_running|unchecked_low_calls,101|104|107|113|114|120,Zeus,C:\Users\Exauce\Documents\smart-contract-cgt\source\963acb4ff7684dc80310a8b3e8832748.sol
9645fb29c3b580d31224ab038a45bc30,7b59dd99ff69c2ebd3d9216231633d9adc7e09dd352fda1c55387d43a3b07626,1,1,1,0,1,time_manipulation,time_manipulation,116,ContractFuzzer,C:\Users\Exauce\Documents\smart-contract-cgt\source\9645fb29c3b580d31224ab038a45bc30.sol
964f94b10bde8775e94c9969cf91d519,66e4e85b54bf151c1643ee0799fed7f7b32b66425564d00adce07c069d5aace2,1,1,1,0,1,time_manipulation,time_manipulation,116,ContractFuzzer,C:\Users\Exauce\Documents\smart-contract-cgt\source\964f94b10bde8775e94c9969cf91d519.sol
965d1c5fdf46282f799cc3bb7e29770d,00e8ba5eb4addb277aa92b31d022de1f067476a4df9ad7858545a8d183743699,0,5,0,5,4,bad_randomness|denial_service|reentrancy|unchecked_low_calls,,104|107|113|120|128,CodeSmells,C:\Users\Exauce\Documents\smart-contract-cgt\source\965d1c5fdf46282f799cc3bb7e29770d.sol
96f7ddf754c166c18c3c2bea1a1fe344,e688f9e7a7a6c28e86dae8e5c5cd1681194bca3b35abff28abfbec6dd6a20cb5,1,7,3,4,6,arithmetic|bad_randomness|denial_service|front_running|reentrancy|unchecked_low_calls,arithmetic|denial_service|reentrancy,101|104|107|113|114|120,Zeus|eThor,C:\Users\Exauce\Documents\smart-contract-cgt\source\96f7ddf754c166c18c3c2bea1a1fe344.sol
974387b745f74d1c3cbe06d5034faf6b,376b7ddac801ac37667be53c3cab55b9bf5815f900e51c5e35ebe65e70241296,0,5,0,5,4,bad_randomness|denial_service|reentrancy|unchecked_low_calls,,104|107|113|120|128,CodeSmells,C:\Users\Exauce\Documents\smart-contract-cgt\source\974387b745f74d1c3cbe06d5034faf6b.sol
9771fd04b2f53e344bbe3e9d57f4d2a5,7254118c970b2547c1adda27cd7d81c31e58ed6b94202422aeb2af401b4bf9db,1,7,1,6,6,arithmetic|bad_randomness|denial_service|front_running|reentrancy|unchecked_low_calls,reentrancy,101|104|107|113|114|120,Zeus|eThor,C:\Users\Exauce\Documents\smart-contract-cgt\source\9771fd04b2f53e344bbe3e9d57f4d2a5.sol
9795608a4a76b3be162bef7fdfad6afb,ea16826766f1f0ab638bff0669b7362c94da1931652540cc299b48db5912ac2e,0,5,0,5,4,bad_randomness|denial_service|reentrancy|unchecked_low_calls,,104|107|113|120|128,CodeSmells,C:\Users\Exauce\Documents\smart-contract-cgt\source\9795608a4a76b3be162bef7fdfad6afb.sol
97e40f7f2e154490c7497ae241c4b0c6,d6c53d5e1f702aa986eed92cf5c02aa810c078501ece962f606c4a2fb9e0b4ae,0,6,0,6,6,arithmetic|bad_randomness|denial_service|front_running|reentrancy|unchecked_low_calls,,101|104|107|113|114|120,Zeus,C:\Users\Exauce\Documents\smart-contract-cgt\source\97e40f7f2e154490c7497ae241c4b0c6.sol
97e9068d08c231cf67c16434705ea44b,524687086f30bfceb2680210716a4c981f5579fdacfa5e7db6e148a28b6034ee,0,5,0,5,4,bad_randomness|denial_service|reentrancy|unchecked_low_calls,,104|107|113|120|128,CodeSmells,C:\Users\Exauce\Documents\smart-contract-cgt\source\97e9068d08c231cf67c16434705ea44b.sol
9803cbc4a79465760441d26d70c22e61,be8fbf492a4fc2c06b643697f21f1fac977da3fc19ed552dabaa6c8841263ccf,0,6,0,6,6,arithmetic|bad_randomness|denial_service|front_running|reentrancy|unchecked_low_calls,,101|104|107|113|114|120,Zeus,C:\Users\Exauce\Documents\smart-contract-cgt\source\9803cbc4a79465760441d26d70c22e61.sol
980a03b6d6e414c7b32e3fa0b883b176,d8c56661862ffff003226784d66a2d34db9b06f2e1b9056c591624851ef6080a,1,12,1,11,6,arithmetic|bad_randomness|denial_service|front_running|reentrancy|unchecked_low_calls,denial_service,101|104|107|113|114|120,NPChecker|Zeus|eThor,C:\Users\Exauce\Documents\smart-contract-cgt\source\980a03b6d6e414c7b32e3fa0b883b176.sol
982ee4958297ce404720a31c0111f568,a231e9dff6fe8fc80c5d9be4473b8336904182929f53d11d16863fadb59a2372,0,5,0,5,4,bad_randomness|denial_service|reentrancy|unchecked_low_calls,,104|107|113|120|128,CodeSmells,C:\Users\Exauce\Documents\smart-contract-cgt\source\982ee4958297ce404720a31c0111f568.sol
98450ec75c430e9d01e8238a28e1b2f4,26d7da47cf14638736c9b4a4b8068491fdcdf501fe51d95ba03f7dc36cadbc72,0,1,0,1,1,denial_service,,113,JiuZhou,C:\Users\Exauce\Documents\smart-contract-cgt\source\98450ec75c430e9d01e8238a28e1b2f4.sol
984c96ca23273ac73b16f6b69af77fbf,d22ef4d4745a6913c015ed338f3ac7b2f78fa3e2f72f2df81a83143b61e33321,1,1,1,0,1,arithmetic,arithmetic,101,EverEvolvingG,C:\Users\Exauce\Documents\smart-contract-cgt\source\984c96ca23273ac73b16f6b69af77fbf.sol
98aa72efb901a953b7f27321f3ba8dc2,5018ecabdc6057b0883eadc8647457a60d5d7ec79db77db4193e3270b6eb36e6,1,7,1,6,6,arithmetic|bad_randomness|denial_service|front_running|reentrancy|unchecked_low_calls,arithmetic,101|104|107|113|114|120,Zeus|eThor,C:\Users\Exauce\Documents\smart-contract-cgt\source\98aa72efb901a953b7f27321f3ba8dc2.sol
98c5843db6cd7301cce0bcdaa611f10d,bced453ab54b6db1b40a9d3fd9570774779ba09594ceb45c13944889fcdaf546,0,5,0,5,4,bad_randomness|denial_service|reentrancy|unchecked_low_calls,,104|107|113|120|128,CodeSmells,C:\Users\Exauce\Documents\smart-contract-cgt\source\98c5843db6cd7301cce0bcdaa611f10d.sol
98cdba28f4456f768cdf3d4cfd40642f,4842dc36b69a0e294b90b4bd783d4908c72fa1b847fa6d820d3f13d939b9a2be,1,6,2,4,6,arithmetic|bad_randomness|denial_service|front_running|reentrancy|unchecked_low_calls,arithmetic|bad_randomness,101|104|107|113|114|120,Zeus,C:\Users\Exauce\Documents\smart-contract-cgt\source\98cdba28f4456f768cdf3d4cfd40642f.sol
98e3701be8a33b1a83c248e2cb7bee36,165471d4b736fd791ba152718e301f1d7c8f236b693034056d247efe9a565cbd,1,1,1,0,1,time_manipulation,time_manipulation,116,SolidiFI,C:\Users\Exauce\Documents\smart-contract-cgt\source\98e3701be8a33b1a83c248e2cb7bee36.sol
990dd06e4008d0f75777c5e297cb5560,f1ae8333c713af4245e3204f54681ad871b1834ff8f61f77aa2eaa3a784880ad,1,1,1,0,1,front_running,front_running,114,EthRacer,C:\Users\Exauce\Documents\smart-contract-cgt\source\990dd06e4008d0f75777c5e297cb5560.sol
993b7f81b08d1428254b596a8c620016,61c7ddd036ff119a9d214e9bcf56fa1fb58c177ead5c8348dadfbf91fc39a37f,0,6,0,6,5,bad_randomness|denial_service|front_running|reentrancy|unchecked_low_calls,,104|107|113|114|120,Zeus|eThor,C:\Users\Exauce\Documents\smart-contract-cgt\source\993b7f81b08d1428254b596a8c620016.sol
996320092be1fba29c680dbd2ba6b4c5,e6980db419dd45d0fe735370586b69ce1c2f5d5b44bb293e24d600dd00cbc70a,1,1,1,0,1,bad_randomness,bad_randomness,120,ContractFuzzer,C:\Users\Exauce\Documents\smart-contract-cgt\source\996320092be1fba29c680dbd2ba6b4c5.sol
99824c218b80386fb9737b0b38c68a0e,3f3e82a1c2c936f929b2dfae0cbb7b6b7d03bd367b378c6f38e1567334f524e0,1,7,3,4,6,arithmetic|bad_randomness|denial_service|front_running|reentrancy|unchecked_low_calls,arithmetic|denial_service|reentrancy,101|104|107|113|114|120,Zeus|eThor,C:\Users\Exauce\Documents\smart-contract-cgt\source\99824c218b80386fb9737b0b38c68a0e.sol
99967024a919db1fd9369e55d5f1402f,10185154e1c0b67e88d5dadf5c2fb3767582a0b66b47a844fef0cd0c082d8f1e,0,5,0,5,4,bad_randomness|denial_service|reentrancy|unchecked_low_calls,,104|107|113|120|128,CodeSmells,C:\Users\Exauce\Documents\smart-contract-cgt\source\99967024a919db1fd9369e55d5f1402f.sol
99bf576e55920cc6f06fabad5b1ddeb8,78204b68cda1cea8c42ffe1085a6200288cfaebe5e4bdb0b59bced0fc6100455,0,7,0,7,6,arithmetic|bad_randomness|denial_service|front_running|reentrancy|unchecked_low_calls,,101|104|107|113|114|120,Zeus|eThor,C:\Users\Exauce\Documents\smart-contract-cgt\source\99bf576e55920cc6f06fabad5b1ddeb8.sol
9a17f7eb142dbbc787f0820d389c2c9e,83e43c48e72245dee3956339f1634b480af868be7901649c22713d639411c077,1,1,1,0,1,time_manipulation,time_manipulation,116,ContractFuzzer,C:\Users\Exauce\Documents\smart-contract-cgt\source\9a17f7eb142dbbc787f0820d389c2c9e.sol
9a24ad7a4968e769e3d990259f284c4d,e7cdef46deb4ef904d854e98e0eed1e09aa577e5e69afdb7ac81945054fd98b7,1,1,1,0,1,reentrancy,reentrancy,107,SolidiFI,C:\Users\Exauce\Documents\smart-contract-cgt\source\9a24ad7a4968e769e3d990259f284c4d.sol
9a2ebf4fb70e71b0babc3d91533e5ff7,0fb2a48b9f9a81d179ce6aea7e874ffd18097c8d0c87926129393e7a5e09278a,1,7,2,5,6,arithmetic|bad_randomness|denial_service|front_running|reentrancy|unchecked_low_calls,arithmetic|reentrancy,101|104|107|113|114|120,Zeus|eThor,C:\Users\Exauce\Documents\smart-contract-cgt\source\9a2ebf4fb70e71b0babc3d91533e5ff7.sol
9a33d7fc8044fae9e5539a2a02a54636,77cc4d447f460691d406fe3169d81365618bae6f24aca17fbfa658ac7d2b78b7,1,1,1,0,1,arithmetic,arithmetic,101,SolidiFI,C:\Users\Exauce\Documents\smart-contract-cgt\source\9a33d7fc8044fae9e5539a2a02a54636.sol
9a3b2b4ad54c4432a46534a01707f0f0,54f76009edb7598337cde3ce9e81815c0f84a8c0f3c6cb1cc4ccd5fb85d0715a,0,6,0,6,6,arithmetic|bad_randomness|denial_service|front_running|reentrancy|unchecked_low_calls,,101|104|107|113|114|120,Zeus,C:\Users\Exauce\Documents\smart-contract-cgt\source\9a3b2b4ad54c4432a46534a01707f0f0.sol
9a3c2fef012859bca36f6399e9f15181,1850b8f4aed3c2e3ed745fcd1e33b18746f082b98043be62c0accb3982080b11,1,6,1,5,6,arithmetic|bad_randomness|denial_service|front_running|reentrancy|unchecked_low_calls,arithmetic,101|104|107|113|114|120,Zeus,C:\Users\Exauce\Documents\smart-contract-cgt\source\9a3c2fef012859bca36f6399e9f15181.sol
9a8b778cd3df80aa44e9703e5a347dd6,43a2c1b35f589a4d7ffc42dee29770022de4852a35c7ecf6d823355fec6d63c7,0,5,0,5,4,bad_randomness|denial_service|reentrancy|unchecked_low_calls,,104|107|113|120|128,CodeSmells,C:\Users\Exauce\Documents\smart-contract-cgt\source\9a8b778cd3df80aa44e9703e5a347dd6.sol
9a9fe9d646c548095b8431e977da6f2f,559ea90693d308ad230827b2ad72da1664520d84e9110edc5d0bd3ba4b728ba6,0,5,0,5,4,bad_randomness|denial_service|reentrancy|unchecked_low_calls,,104|107|113|120|128,CodeSmells,C:\Users\Exauce\Documents\smart-contract-cgt\source\9a9fe9d646c548095b8431e977da6f2f.sol
9ac09d4ee9af4133fb0d013f7da08456,ec628e97081da8a8cd8610e0f2c8676a667de742ae752e29c762dca5b6c17aa1,0,1,0,1,1,reentrancy,,107,Doublade,C:\Users\Exauce\Documents\smart-contract-cgt\source\9ac09d4ee9af4133fb0d013f7da08456.sol
9ac0a5c5fc7b95661b63034ed62da6df,876cefcefda298e57c465864e9061541f76f35283785cb510288cce16dbd71de,1,1,1,0,1,time_manipulation,time_manipulation,116,ContractFuzzer,C:\Users\Exauce\Documents\smart-contract-cgt\source\9ac0a5c5fc7b95661b63034ed62da6df.sol
9af2918a940b4083f048ba28a9ceb391,93dc2de4df1ae333af08f20f5de1179c0eac500d813e837b8d54c69edace1bf2,0,1,0,1,1,reentrancy,,107,Doublade,C:\Users\Exauce\Documents\smart-contract-cgt\source\9af2918a940b4083f048ba28a9ceb391.sol
9af79af8de1566664d70bff7a489c6f5,3b785f34306e2401b8ddeaefbf5e8435ec1eff0067230ba6469f39f1bd818bb7,0,5,0,5,4,bad_randomness|denial_service|reentrancy|unchecked_low_calls,,104|107|113|120|128,CodeSmells,C:\Users\Exauce\Documents\smart-contract-cgt\source\9af79af8de1566664d70bff7a489c6f5.sol
9b4397c205396ecdd535ce93f8302656,2bc6cbab0b7c206fac0871b6c7033946ba85489099f9d1b92bed0b772fe5982e,0,6,0,6,6,arithmetic|bad_randomness|denial_service|front_running|reentrancy|unchecked_low_calls,,101|104|107|113|114|120,Zeus,C:\Users\Exauce\Documents\smart-contract-cgt\source\9b4397c205396ecdd535ce93f8302656.sol
9b8576e934a2ccc4c929591e1d60e2d0,f2b5e5aa869d51324073b9c36634a4925335fca1afe5bdfd2ebb1c4d0eb9276e,0,5,0,5,4,bad_randomness|denial_service|reentrancy|unchecked_low_calls,,104|107|113|120|128,CodeSmells,C:\Users\Exauce\Documents\smart-contract-cgt\source\9b8576e934a2ccc4c929591e1d60e2d0.sol
9b94b1cac91ace65acee22ccca5de1e2,99aa94dcb886ff03a65c0c6f537751fe571178752f9900b1d3c2c060a36bb797,1,1,1,0,1,time_manipulation,time_manipulation,116,ContractFuzzer,C:\Users\Exauce\Documents\smart-contract-cgt\source\9b94b1cac91ace65acee22ccca5de1e2.sol
9ba04804b4622d2c288b3380c4275616,6cbf1ca4b8a81ac28d3ca881fa756647013d135d6475f55f9cde8dc91c543939,1,6,1,5,6,arithmetic|bad_randomness|denial_service|front_running|reentrancy|unchecked_low_calls,unchecked_low_calls,101|104|107|113|114|120,Zeus,C:\Users\Exauce\Documents\smart-contract-cgt\source\9ba04804b4622d2c288b3380c4275616.sol
9bb556f3ceff43ca553687f9277dd2de,acdc92d776899a3d36e77da44e91faa49baef3967f9883d2bf047aef196748ae,1,6,3,3,5,bad_randomness|denial_service|front_running|reentrancy|unchecked_low_calls,bad_randomness|front_running|unchecked_low_calls,104|107|113|114|120,Zeus|eThor,C:\Users\Exauce\Documents\smart-contract-cgt\source\9bb556f3ceff43ca553687f9277dd2de.sol
9bffb70a98344520b17d9c750f2e5f69,d10c0504008ea5a637d834f21ba26aee3040af39cdeeeeecf88f38cbc8d56975,1,1,1,0,1,unchecked_low_calls,unchecked_low_calls,104,SBcurated,C:\Users\Exauce\Documents\smart-contract-cgt\source\9bffb70a98344520b17d9c750f2e5f69.sol
9c07aed69d1a4a18cc27789d39b944ae,a876f3a35de47983baddcabd9d58ac68a96bf2b03ede2fec0fcb4ba0a6b2cbc9,1,7,3,4,6,arithmetic|bad_randomness|denial_service|front_running|reentrancy|unchecked_low_calls,arithmetic|front_running|unchecked_low_calls,101|104|107|113|114|120,Zeus|eThor,C:\Users\Exauce\Documents\smart-contract-cgt\source\9c07aed69d1a4a18cc27789d39b944ae.sol
9c2be4429af8b87a8f2503f359c2f35f,a070033ae2dfc059620949e4a9a40d3056349eef3e87cf4ab5673187c1a7e231,1,1,1,0,1,arithmetic,arithmetic,101,JiuZhou,C:\Users\Exauce\Documents\smart-contract-cgt\source\9c2be4429af8b87a8f2503f359c2f35f.sol
9c37399dda2acd29509968dabe802aba,b83b025dd64b8b08bc5e3ab5f7a72f247213b50dbef4b4eba378dd9dcaa152de,1,1,1,0,1,reentrancy,reentrancy,107,Doublade,C:\Users\Exauce\Documents\smart-contract-cgt\source\9c37399dda2acd29509968dabe802aba.sol
9c3ba5becc274f3d310f6dafbd8b5aea,6104c9009369c4b2fd25c533e4eccea51c4f33a42d00fb52afe5980b7155a372,1,1,1,0,1,bad_randomness,bad_randomness,120,ContractFuzzer,C:\Users\Exauce\Documents\smart-contract-cgt\source\9c3ba5becc274f3d310f6dafbd8b5aea.sol
9c4fa04924122354888396aac1cafade,1c4dba99888f6605988c47626778f8ddad46236101d3d352a78521e366f927ec,1,1,1,0,1,front_running,front_running,114,SolidiFI,C:\Users\Exauce\Documents\smart-contract-cgt\source\9c4fa04924122354888396aac1cafade.sol
9c860cb8f87bf00a7a2126525fce6e6b,387072a5289dbdadd75c047b80a8143cd973e23be32a32a273d7bb2ee9c264ac,0,4,0,4,3,bad_randomness|denial_service|unchecked_low_calls,,104|113|120|128,CodeSmells,C:\Users\Exauce\Documents\smart-contract-cgt\source\9c860cb8f87bf00a7a2126525fce6e6b.sol
9cb333ca5facce27e4580220e357f56b,5246df1eeecc8828f3914f907793d7ecf2de8efa76cea5c589863e225da11a54,1,1,1,0,1,front_running,front_running,114,SolidiFI,C:\Users\Exauce\Documents\smart-contract-cgt\source\9cb333ca5facce27e4580220e357f56b.sol
9cd90eabda9b6628fe157db2bd97cfd3,8ed347b77c0c8baf699151c49f469bfe2db2cf86c1e6e45b587ecf8612f1d1f3,1,1,1,0,1,reentrancy,reentrancy,107,SolidiFI,C:\Users\Exauce\Documents\smart-contract-cgt\source\9cd90eabda9b6628fe157db2bd97cfd3.sol
9ce5a7a2ef0c8c83b45196bdd10d3840,ba1c69046cd722f5b5fd7a9f43d985b696b92c29a397cb7963725130a620f570,1,1,1,0,1,arithmetic,arithmetic,101,SolidiFI,C:\Users\Exauce\Documents\smart-contract-cgt\source\9ce5a7a2ef0c8c83b45196bdd10d3840.sol
9ce9e3c8ee9175784f54260dc939f65f,5e764be7a093b520e3747e5bc0d76d9b2ef1aa9c1d5e98f8b101ee1fb6f95ea1,1,5,2,3,4,bad_randomness|denial_service|reentrancy|unchecked_low_calls,denial_service|unchecked_low_calls,104|107|113|120|128,CodeSmells,C:\Users\Exauce\Documents\smart-contract-cgt\source\9ce9e3c8ee9175784f54260dc939f65f.sol
9d024234da3d1e8d51dfc757e20b9d04,47420a4d66de238e76a96266887aaf45989a1f817ce924897aadb781208b72cd,1,1,1,0,1,reentrancy,reentrancy,107,SolidiFI,C:\Users\Exauce\Documents\smart-contract-cgt\source\9d024234da3d1e8d51dfc757e20b9d04.sol
9d100918c234fe301aeef75ce459c62b,b8d5212b340f5bc108a8314a402b14b0d1f8044dcaa0a6850fc08e5dd945bc06,0,5,0,5,4,bad_randomness|denial_service|reentrancy|unchecked_low_calls,,104|107|113|120|128,CodeSmells,C:\Users\Exauce\Documents\smart-contract-cgt\source\9d100918c234fe301aeef75ce459c62b.sol
9d1162fc83895528aee33d4ab9b17d03,86a9c8b7232438443b86774c86b0c291f931b6b95c383110744753ed4e3d4080,0,5,0,5,4,bad_randomness|denial_service|reentrancy|unchecked_low_calls,,104|107|113|120|128,CodeSmells,C:\Users\Exauce\Documents\smart-contract-cgt\source\9d1162fc83895528aee33d4ab9b17d03.sol
9d2709333856ab4b89f4a292072b766e,5da41a88a9f9b779781e18e533f8653f5cd48b2777d0b94e6c62f5fecb6ec6cb,0,5,0,5,4,bad_randomness|denial_service|reentrancy|unchecked_low_calls,,104|107|113|120|128,CodeSmells,C:\Users\Exauce\Documents\smart-contract-cgt\source\9d2709333856ab4b89f4a292072b766e.sol
9d5e7c652b2d27cbf8dbfc8e195c5620,85a101a008236487ed3560ee029a65c0f38da3036baef0b7fe6528a601d177a2,1,5,1,4,4,bad_randomness|denial_service|reentrancy|unchecked_low_calls,unchecked_low_calls,104|107|113|120|128,CodeSmells,C:\Users\Exauce\Documents\smart-contract-cgt\source\9d5e7c652b2d27cbf8dbfc8e195c5620.sol
9d79677564be2d0efdeea19c67f515c0,8abb23f263ad644e24af1e7873909e3317597687c8a98f8af47d527692049400,1,1,1,0,1,time_manipulation,time_manipulation,116,ContractFuzzer,C:\Users\Exauce\Documents\smart-contract-cgt\source\9d79677564be2d0efdeea19c67f515c0.sol
9db6cd1862512b38716001b4cb18beb7,f694f9ba9fe5896c35b6f584647d0fbd18ac596e9212889c44943a044ed9ee6b,1,6,1,5,6,arithmetic|bad_randomness|denial_service|front_running|reentrancy|unchecked_low_calls,arithmetic,101|104|107|113|114|120,Zeus,C:\Users\Exauce\Documents\smart-contract-cgt\source\9db6cd1862512b38716001b4cb18beb7.sol
9dc3f78c9625847712b1bef223f2a000,d4569a1de71cf8a9db58bb36c2ebf100528e2dd8904652651afbc656fb7626b3,0,5,0,5,4,bad_randomness|denial_service|reentrancy|unchecked_low_calls,,104|107|113|120|128,CodeSmells,C:\Users\Exauce\Documents\smart-contract-cgt\source\9dc3f78c9625847712b1bef223f2a000.sol
9e03e9536734eb9fb39623f5c5a2956e,9b710e8b8fb8eea433e188fd38e259871394cb507f8f39be79eeb8e7d4361e6a,1,1,1,0,1,reentrancy,reentrancy,107,SolidiFI,C:\Users\Exauce\Documents\smart-contract-cgt\source\9e03e9536734eb9fb39623f5c5a2956e.sol
9e3910cb081d57cf42a1bf9718ddc90d,5e9df6b0135bf3802a0669b6f96623132ce5f32005b0a61a68b256472870a5f4,0,1,0,1,1,front_running,,114,EthRacer,C:\Users\Exauce\Documents\smart-contract-cgt\source\9e3910cb081d57cf42a1bf9718ddc90d.sol
9e3c12d73b36953b12191cb2709166af,254b94426e349473b2918e84681b465344a9038d1d0821e6464d1f0283cd5744,0,5,0,5,4,bad_randomness|denial_service|reentrancy|unchecked_low_calls,,104|107|113|120|128,CodeSmells,C:\Users\Exauce\Documents\smart-contract-cgt\source\9e3c12d73b36953b12191cb2709166af.sol
9ea743102e6c855d6cbb6f49fd06e6b8,db1daf0ed17b234da518ec95c617cb0d66a1a94b72853a6afa44dfe9cbcac244,1,1,1,0,1,arithmetic,arithmetic,101,SolidiFI,C:\Users\Exauce\Documents\smart-contract-cgt\source\9ea743102e6c855d6cbb6f49fd06e6b8.sol
9eb97ca8a665e2fe3e2f85eb28caaf9d,64fc5da567e25009a50ade074bac15343a34117f79d0fa9ff602fc69ecd270b0,1,5,1,4,4,bad_randomness|denial_service|reentrancy|unchecked_low_calls,bad_randomness,104|107|113|120|128,CodeSmells,C:\Users\Exauce\Documents\smart-contract-cgt\source\9eb97ca8a665e2fe3e2f85eb28caaf9d.sol
9ed531b1659bee273bc498bddee7f974,59850f8312b18e027659d9add7bb6d6d7413ace6a1b5a91e11a1e6ec1db52263,1,5,1,4,4,bad_randomness|denial_service|reentrancy|unchecked_low_calls,bad_randomness,104|107|113|120|128,CodeSmells,C:\Users\Exauce\Documents\smart-contract-cgt\source\9ed531b1659bee273bc498bddee7f974.sol
9eea2ea4b8b8ab4c4141caed4f3ddd1a,b501865dea1a503ddd7bff8b38b9aef1b2c5da699205fc42e486b0f5f4e4ad12,1,1,1,0,1,unchecked_low_calls,unchecked_low_calls,104,SolidiFI,C:\Users\Exauce\Documents\smart-contract-cgt\source\9eea2ea4b8b8ab4c4141caed4f3ddd1a.sol
9fbbfb86817c855c465379cc9168a0b8,d97431e9aec615a0defd773120f57b30bfaa178d9cf37cf42230e65facff6978,1,7,3,4,6,arithmetic|bad_randomness|denial_service|front_running|reentrancy|unchecked_low_calls,arithmetic|denial_service|reentrancy,101|104|107|113|114|120,Zeus|eThor,C:\Users\Exauce\Documents\smart-contract-cgt\source\9fbbfb86817c855c465379cc9168a0b8.sol
a02c9b58f83599f1ad9c63fab6b40381,d9e30ccad9171b2c6c76800fe926a6fed14ef1fecee032d406947552a48b208e,1,1,1,0,1,unchecked_low_calls,unchecked_low_calls,104,SolidiFI,C:\Users\Exauce\Documents\smart-contract-cgt\source\a02c9b58f83599f1ad9c63fab6b40381.sol
a051e4d73e6375d48f5b59ef594bec57,b16d4fd2f90ba6189cd34e3ac1620029b53f45c269ea399396a7321f573867d8,0,1,0,1,1,reentrancy,,107,SWCregistry,C:\Users\Exauce\Documents\smart-contract-cgt\source\a051e4d73e6375d48f5b59ef594bec57.sol
a0e13201af904506574b468f75e930c4,bf6f643b7be4884f8395c47a45ad389c93110e16593ea92f02df52ea954c924b,0,6,0,6,5,bad_randomness|denial_service|front_running|reentrancy|unchecked_low_calls,,104|107|113|114|120|128,CodeSmells|EthRacer,C:\Users\Exauce\Documents\smart-contract-cgt\source\a0e13201af904506574b468f75e930c4.sol
a0edb3f7fccb7ab496d5d81696806533,0fd32a5892e879c6ddfcaf33c175aeefd24f62de61cec0d9980cb734aaf67632,1,7,1,6,6,arithmetic|bad_randomness|denial_service|front_running|reentrancy|unchecked_low_calls,denial_service,101|104|107|113|114|120,Zeus|eThor,C:\Users\Exauce\Documents\smart-contract-cgt\source\a0edb3f7fccb7ab496d5d81696806533.sol
a0fa497167ef340db53687536ba2ef6c,0db65f6767d8d2db6594a82107a4179e4c217fd0169ecd9c34793b6229c99de9,1,1,1,0,1,time_manipulation,time_manipulation,116,SolidiFI,C:\Users\Exauce\Documents\smart-contract-cgt\source\a0fa497167ef340db53687536ba2ef6c.sol
a113d630c4433c6ac130093ded55871d,d9ee3aa49ba4282b6d26e6c3c75d961de96ddf6ab2d688e60e3bae795396a84b,0,5,0,5,4,bad_randomness|denial_service|reentrancy|unchecked_low_calls,,104|107|113|120|128,CodeSmells,C:\Users\Exauce\Documents\smart-contract-cgt\source\a113d630c4433c6ac130093ded55871d.sol
a13bbb852c96ddd2a84fa75d8040279f,b9382c96801446f3f74e59b9479b8afa82af1ce43076628275805c9ddd932805,0,6,0,6,6,arithmetic|bad_randomness|denial_service|front_running|reentrancy|unchecked_low_calls,,101|104|107|113|114|120,Zeus,C:\Users\Exauce\Documents\smart-contract-cgt\source\a13bbb852c96ddd2a84fa75d8040279f.sol
a13c7e57d1fa16acc88c52cc988dc495,96474c096fe80a85a884b68f256c1d7667c62e1e4a149a20f3aa25a36843833a,1,7,3,4,6,arithmetic|bad_randomness|denial_service|front_running|reentrancy|unchecked_low_calls,arithmetic|denial_service|reentrancy,101|104|107|113|114|120,Zeus|eThor,C:\Users\Exauce\Documents\smart-contract-cgt\source\a13c7e57d1fa16acc88c52cc988dc495.sol
a1418810954bc091f1164ec2a4be6ace,207183a03208e25c14823e3000b1d6a3f7e5cfcc3591e077a9eb74390f9efe36,0,7,0,7,6,arithmetic|bad_randomness|denial_service|front_running|reentrancy|unchecked_low_calls,,101|104|107|113|114|120,Zeus|eThor,C:\Users\Exauce\Documents\smart-contract-cgt\source\a1418810954bc091f1164ec2a4be6ace.sol
a165ee7c076de1c22d895f6e6073b589,2c8125c05fcdb6ec761a4e21c674fcfe1f0f6f9b6e67efa95e43b75a76ffb224,1,6,2,4,6,arithmetic|bad_randomness|denial_service|front_running|reentrancy|unchecked_low_calls,bad_randomness|reentrancy,101|104|107|113|114|120,Zeus,C:\Users\Exauce\Documents\smart-contract-cgt\source\a165ee7c076de1c22d895f6e6073b589.sol
a170464145899268b5142fd725e7161b,3e0d586e2b9e19db5c350938c7d7107254cebe6f2929204a1a2026a5aeb07504,0,7,0,7,6,arithmetic|bad_randomness|denial_service|front_running|reentrancy|unchecked_low_calls,,101|104|107|113|114|120,Zeus|eThor,C:\Users\Exauce\Documents\smart-contract-cgt\source\a170464145899268b5142fd725e7161b.sol
a1a33f93cbbb14226665dc3cf88b7572,d1fcbefbb312955e06b9cdad9d048013c590e62c6067d3910c35020f8bf65566,1,7,3,4,6,arithmetic|bad_randomness|denial_service|front_running|reentrancy|unchecked_low_calls,arithmetic|front_running|unchecked_low_calls,101|104|107|113|114|120,Zeus|eThor,C:\Users\Exauce\Documents\smart-contract-cgt\source\a1a33f93cbbb14226665dc3cf88b7572.sol
a1cb090cc3a721135c4901628f8071d0,1d1f498ca348c432576724097a3c79741f45b2b49111c72045259e18b876802b,1,7,1,6,6,arithmetic|bad_randomness|denial_service|front_running|reentrancy|unchecked_low_calls,denial_service,101|104|107|113|114|120,Zeus|eThor,C:\Users\Exauce\Documents\smart-contract-cgt\source\a1cb090cc3a721135c4901628f8071d0.sol
a1dd15bd4890d3094e5f3037b4e183a7,eb165c13047e8e2d3248847a1c5ec27a16f6a6b2ece3b53f946504746b94f196,1,1,1,0,1,front_running,front_running,114,EthRacer,C:\Users\Exauce\Documents\smart-contract-cgt\source\a1dd15bd4890d3094e5f3037b4e183a7.sol
a2188a5dd60810a4a88026fc0e5451a4,a1399500c79860b0a2992574c882cb29e814258dca4678b34ccf0607430a2616,1,7,1,6,6,arithmetic|bad_randomness|denial_service|front_running|reentrancy|unchecked_low_calls,front_running,101|104|107|113|114|120,Zeus|eThor,C:\Users\Exauce\Documents\smart-contract-cgt\source\a2188a5dd60810a4a88026fc0e5451a4.sol
a245796d612e90820c2ac4a9e7c9b12f,c9bf3cdea4a3cb4bfe99ab4735e65b10c20d8e49e6cbe61812c9584af324f30e,0,5,0,5,4,bad_randomness|denial_service|reentrancy|unchecked_low_calls,,104|107|113|120|128,CodeSmells,C:\Users\Exauce\Documents\smart-contract-cgt\source\a245796d612e90820c2ac4a9e7c9b12f.sol
a2dff7010491759e2c1f399deb139cd4,ba73ceee972943329c8851f9e3b90abe58db24583b51eedf9536321c57fde558,1,1,1,0,1,reentrancy,reentrancy,107,SolidiFI,C:\Users\Exauce\Documents\smart-contract-cgt\source\a2dff7010491759e2c1f399deb139cd4.sol
a33a96af304f77e7e84074f5b5820824,2eb9c025cbcf4093f91164a2a389213ac698c7427e6b8b2c0270931366cb4fc2,1,1,1,0,1,denial_service,denial_service,113,Doublade,C:\Users\Exauce\Documents\smart-contract-cgt\source\a33a96af304f77e7e84074f5b5820824.sol
a36bef406348a6afe6951f65c2221f10,4d55902462b2e3822677aa1a0293cfa0293390b567931441d7d8af4bd02555a0,1,1,1,0,1,front_running,front_running,114,EthRacer,C:\Users\Exauce\Documents\smart-contract-cgt\source\a36bef406348a6afe6951f65c2221f10.sol
a380a749e75d2a48f0fb963fa2a953d6,a0197df81e0ece1e867f62882287734caa08e3df7f0e311b732c015ddd0f36ca,0,4,0,4,3,bad_randomness|denial_service|unchecked_low_calls,,104|113|120|128,CodeSmells,C:\Users\Exauce\Documents\smart-contract-cgt\source\a380a749e75d2a48f0fb963fa2a953d6.sol
a3869db03b727dd86887e16b578ef093,8d9b99c6434bf51a351b55c79917ac494db5af1aa5b4649e42c7a6dea52a29e7,1,1,1,0,1,time_manipulation,time_manipulation,116,ContractFuzzer,C:\Users\Exauce\Documents\smart-contract-cgt\source\a3869db03b727dd86887e16b578ef093.sol
a38efe26a54d9e7cb47d3017104d9531,b328befd515c9a6a82e137ffdd7a02a041a0e3a56c51238b6115ca5479e3c020,0,5,0,5,4,bad_randomness|denial_service|reentrancy|unchecked_low_calls,,104|107|113|120|128,CodeSmells,C:\Users\Exauce\Documents\smart-contract-cgt\source\a38efe26a54d9e7cb47d3017104d9531.sol
a3a7cfb4593ae9ba54c03ba0f52dee06,171d52896618292b9249a9f812db12050215270077d8437aca589b0bf3ce6c47,1,1,1,0,1,unchecked_low_calls,unchecked_low_calls,104,SolidiFI,C:\Users\Exauce\Documents\smart-contract-cgt\source\a3a7cfb4593ae9ba54c03ba0f52dee06.sol
a3ce6e5e3d5d0cd84cb3af44b34b3c60,4a01d38a1761799fb8b7c26ff44d365a000018774a85947ff7d52504fa01acbb,1,7,1,6,6,arithmetic|bad_randomness|denial_service|front_running|reentrancy|unchecked_low_calls,arithmetic,101|104|107|113|114|120,Zeus|eThor,C:\Users\Exauce\Documents\smart-contract-cgt\source\a3ce6e5e3d5d0cd84cb3af44b34b3c60.sol
a3f97f3aaea62737f61587af1aad2b48,04513d6424c87d70691e852d2459831ad601e6a6414bf6eccbbd76649cfc1917,1,1,1,0,1,reentrancy,reentrancy,107,SBcurated,C:\Users\Exauce\Documents\smart-contract-cgt\source\a3f97f3aaea62737f61587af1aad2b48.sol
a3fa83901db097795b05ac7392f08b91,d227a788b83f6e50077b6b56c33d78ed0f1966e03b3a7abde78c04f71f862ff6,1,1,1,0,1,unchecked_low_calls,unchecked_low_calls,104,SolidiFI,C:\Users\Exauce\Documents\smart-contract-cgt\source\a3fa83901db097795b05ac7392f08b91.sol
a411ba3b97a17ab4d62c394c49d45d5b,29f67d55f6061f260c0555cfa57471ef76066ca3f656efabd6bed58c3605b167,0,5,0,5,4,bad_randomness|denial_service|reentrancy|unchecked_low_calls,,104|107|113|120|128,CodeSmells,C:\Users\Exauce\Documents\smart-contract-cgt\source\a411ba3b97a17ab4d62c394c49d45d5b.sol
a4315e02b5935fa4c9a313e71d442de8,54292ff2bb74ad7adb58618a78edef14fc6d207c9824652bd7f9cb76b6e6d23f,1,16,1,15,6,arithmetic|bad_randomness|denial_service|front_running|reentrancy|unchecked_low_calls,unchecked_low_calls,101|104|107|113|114|120|128,CodeSmells|NPChecker|Zeus|eThor,C:\Users\Exauce\Documents\smart-contract-cgt\source\a4315e02b5935fa4c9a313e71d442de8.sol
a4541046e753571d8933b290347f6357,0507d49eec56cbc5f71f2d83d23beb05640ae99f9f02ae3e5e06b756883bf5ab,0,4,0,4,3,bad_randomness|denial_service|unchecked_low_calls,,104|113|120|128,CodeSmells,C:\Users\Exauce\Documents\smart-contract-cgt\source\a4541046e753571d8933b290347f6357.sol
a46faa9dbfc52230ac79498652b827bb,f799c0e36858fa2522df368fb60266962835960aae192b8f9e5a006ab8db7ce4,1,6,2,4,6,arithmetic|bad_randomness|denial_service|front_running|reentrancy|unchecked_low_calls,denial_service|front_running,101|104|107|113|114|120,Zeus,C:\Users\Exauce\Documents\smart-contract-cgt\source\a46faa9dbfc52230ac79498652b827bb.sol
a49d19fa114fec90da45ca9e38aa41da,d34c93176807fcb1127e8f0067c9ebbd697785423cf2471fbdb1ff96be8935a6,1,6,2,4,6,arithmetic|bad_randomness|denial_service|front_running|reentrancy|unchecked_low_calls,arithmetic|reentrancy,101|104|107|113|114|120,Zeus,C:\Users\Exauce\Documents\smart-contract-cgt\source\a49d19fa114fec90da45ca9e38aa41da.sol
a4d54f067024cfda27c1e32b782c8b42,8ff562c11b1cd3e1b38f67d5a692a9c848a7e36e0395239201712c8e28b4bca5,1,1,1,0,1,unchecked_low_calls,unchecked_low_calls,104,Doublade,C:\Users\Exauce\Documents\smart-contract-cgt\source\a4d54f067024cfda27c1e32b782c8b42.sol
a508afc376b4adfa89f1c12f23f471f6,c345129eeae15541c255ddfb5972c23db69c3e8d41838d79c0d6ea498f8ae2f6,1,5,2,3,5,arithmetic|bad_randomness|denial_service|front_running|unchecked_low_calls,arithmetic|front_running,101|104|113|114|120,Zeus,C:\Users\Exauce\Documents\smart-contract-cgt\source\a508afc376b4adfa89f1c12f23f471f6.sol
a54f5981c03a37a1b86e26ce5f146539,df7b7ac03455bfec8a39f5fe99efb8515e1c282fcdb993369819245f54648adf,1,6,1,5,6,arithmetic|bad_randomness|denial_service|front_running|reentrancy|unchecked_low_calls,front_running,101|104|107|113|114|120,Zeus,C:\Users\Exauce\Documents\smart-contract-cgt\source\a54f5981c03a37a1b86e26ce5f146539.sol
a559d83730f1ce4cc5792f29857cc4bd,9054cf70c99ffc52b610c2dcf3d0a960a72533173d4241735c41015e2d7751b7,0,4,0,4,3,bad_randomness|denial_service|unchecked_low_calls,,104|113|120|128,CodeSmells,C:\Users\Exauce\Documents\smart-contract-cgt\source\a559d83730f1ce4cc5792f29857cc4bd.sol
a5629f68eab3d1e9a3e5e498e1226677,235ec9943516820f80e55d27a2168e905a70706d8de073d18c643d222b90cd1c,1,1,1,0,1,reentrancy,reentrancy,107,SBcurated,C:\Users\Exauce\Documents\smart-contract-cgt\source\a5629f68eab3d1e9a3e5e498e1226677.sol
a57d3fd4ae67f37630b7a103466b2a15,778c1380aae5cebe8ccb87b71c760e37cffd8c1d37da45e4760c6edfdaa69afc,0,5,0,5,4,bad_randomness|denial_service|reentrancy|unchecked_low_calls,,104|107|113|120|128,CodeSmells,C:\Users\Exauce\Documents\smart-contract-cgt\source\a57d3fd4ae67f37630b7a103466b2a15.sol
a585aed1d17923cb015a215108ba39ac,9340b79156ed248ac5dd964c02e1cc49b29ed601d6fccf2b8f8294345df1a049,1,7,3,4,6,arithmetic|bad_randomness|denial_service|front_running|reentrancy|unchecked_low_calls,arithmetic|denial_service|reentrancy,101|104|107|113|114|120,Zeus|eThor,C:\Users\Exauce\Documents\smart-contract-cgt\source\a585aed1d17923cb015a215108ba39ac.sol
a59a042cecdf4737884a5b754d62584b,71e8753b7fbc94cdfa21d86ba3b2cf7522364910e1d219a2731277f28ca457b6,1,5,1,4,4,bad_randomness|denial_service|reentrancy|unchecked_low_calls,denial_service,104|107|113|120|128,CodeSmells,C:\Users\Exauce\Documents\smart-contract-cgt\source\a59a042cecdf4737884a5b754d62584b.sol
a5e869f6d7b468e63424d1c1d7c50586,bf1c13000fafa17558680d2d77d0370fac24f1dc4e7ac1030fe2dba79c6f5f5f,0,1,0,1,1,denial_service,,113,Doublade,C:\Users\Exauce\Documents\smart-contract-cgt\source\a5e869f6d7b468e63424d1c1d7c50586.sol
a5ea9877fe96e676fabbdeaa0bb1ffee,d0af29941bc04cb500dca320f66e3ef727162b61c36d2ce5f944eb418e06c3d7,0,5,0,5,4,bad_randomness|denial_service|reentrancy|unchecked_low_calls,,104|107|113|120|128,CodeSmells,C:\Users\Exauce\Documents\smart-contract-cgt\source\a5ea9877fe96e676fabbdeaa0bb1ffee.sol
a5f04d41762c71456886d3e25214e51e,c903f0d5a06bc8df08f6e854c69c841daa2c9dafc747f9590c22b5537968287a,1,7,4,3,6,arithmetic|bad_randomness|denial_service|front_running|reentrancy|unchecked_low_calls,arithmetic|bad_randomness|denial_service|front_running,101|104|107|113|114|120,Zeus|eThor,C:\Users\Exauce\Documents\smart-contract-cgt\source\a5f04d41762c71456886d3e25214e51e.sol
a623766a91093646d1683f6ee9c54459,004271dc29fa412e3261999f56206f0ef6d2af7e6fcf35fb1f3901d4f40c33e8,0,5,0,5,4,bad_randomness|denial_service|reentrancy|unchecked_low_calls,,104|107|113|120|128,CodeSmells,C:\Users\Exauce\Documents\smart-contract-cgt\source\a623766a91093646d1683f6ee9c54459.sol
a640ca86a040806ad08144fdd13a268e,b03f1c76bc95644c52ce730b8dcfc33cb582bcb124a1f88838b21946097e1f46,1,1,1,0,1,time_manipulation,time_manipulation,116,SolidiFI,C:\Users\Exauce\Documents\smart-contract-cgt\source\a640ca86a040806ad08144fdd13a268e.sol
a68c80af70bdce857d42ace509eb12a7,064467729915c80fb78c5fcc30c13e609c7abdb0f2b359bae821f57dabbb624e,0,6,0,6,6,arithmetic|bad_randomness|denial_service|front_running|reentrancy|unchecked_low_calls,,101|104|107|113|114|120,Zeus,C:\Users\Exauce\Documents\smart-contract-cgt\source\a68c80af70bdce857d42ace509eb12a7.sol
a68fbd324b10507b23a239b13535779c,1778e6d030b414d58d9972084af5fb7059037a088de50b3506f3a31031b9729c,1,1,1,0,1,time_manipulation,time_manipulation,116,ContractFuzzer,C:\Users\Exauce\Documents\smart-contract-cgt\source\a68fbd324b10507b23a239b13535779c.sol
a6952b2d3e6b94126e0ffdaee8891133,18fb75636a63a605a495edf187a4f207e77076266b3f248adc77549c312ac965,1,6,1,5,6,arithmetic|bad_randomness|denial_service|front_running|reentrancy|unchecked_low_calls,arithmetic,101|104|107|113|114|120,Zeus,C:\Users\Exauce\Documents\smart-contract-cgt\source\a6952b2d3e6b94126e0ffdaee8891133.sol
a696d412e415e513d624a03221018d60,02dc1d410b03029e7263fe10c13f402a0099c55d2cfb50a4c6a738e9eb188c4a,1,1,1,0,1,time_manipulation,time_manipulation,116,SolidiFI,C:\Users\Exauce\Documents\smart-contract-cgt\source\a696d412e415e513d624a03221018d60.sol
a696db482f880685400450a308ac49c7,1c7969c339222c54d93a9bd16cafeb4e01e3d29cd6d3f18605f5b0e0da9ca156,1,1,1,0,1,reentrancy,reentrancy,107,SolidiFI,C:\Users\Exauce\Documents\smart-contract-cgt\source\a696db482f880685400450a308ac49c7.sol
a6b0b2860588ccf164592ac384205116,25eef2aedd8c62bdd44f7785cd1307278d44682bc1f3237ba458af6eb84c3540,0,5,0,5,4,bad_randomness|denial_service|reentrancy|unchecked_low_calls,,104|107|113|120|128,CodeSmells,C:\Users\Exauce\Documents\smart-contract-cgt\source\a6b0b2860588ccf164592ac384205116.sol
a6d164e556a51e24cf75118bedf0d22c,7f5f01fc5022b2d8874891da0ab2617c075f9279a8efa57951b85e93346efe42,1,7,3,4,6,arithmetic|bad_randomness|denial_service|front_running|reentrancy|unchecked_low_calls,arithmetic|denial_service|reentrancy,101|104|107|113|114|120,Zeus|eThor,C:\Users\Exauce\Documents\smart-contract-cgt\source\a6d164e556a51e24cf75118bedf0d22c.sol
a6d329e2e0f085f0f6746b3294f021b2,c52c314dca5694c132218080fafab217c447757e9ace1d83067794e0d1c46023,0,6,0,6,6,arithmetic|bad_randomness|denial_service|front_running|reentrancy|unchecked_low_calls,,101|104|107|113|114|120,Zeus,C:\Users\Exauce\Documents\smart-contract-cgt\source\a6d329e2e0f085f0f6746b3294f021b2.sol
a6f30242d8c1925cb6cb77326d502c76,fcb946a119e40d6a426683bf5fa77689bd5c2d6aace1589cd9128e5ee793994e,1,1,1,0,1,time_manipulation,time_manipulation,116,ContractFuzzer,C:\Users\Exauce\Documents\smart-contract-cgt\source\a6f30242d8c1925cb6cb77326d502c76.sol
a759496b217f1abe32af56ce4cb9a50b,d7c282bee716d4b877ef89095523a06a740e68bf90bb6b89437252cbc01e7956,0,7,0,7,6,arithmetic|bad_randomness|denial_service|front_running|reentrancy|unchecked_low_calls,,101|104|107|113|114|120,Zeus|eThor,C:\Users\Exauce\Documents\smart-contract-cgt\source\a759496b217f1abe32af56ce4cb9a50b.sol
a78ba815580e0b8a28b6adf0a30fb986,1680e02d19e90c55387439b8465893374756fe1e33c5783906b51759aa72f8e5,0,5,0,5,4,bad_randomness|denial_service|reentrancy|unchecked_low_calls,,104|107|113|120|128,CodeSmells,C:\Users\Exauce\Documents\smart-contract-cgt\source\a78ba815580e0b8a28b6adf0a30fb986.sol
a794164d9ea7ec96d50ba1d3a1b98ae4,5ca990ece908cd9767ec5bfdae6936918776e51714af11494e3b6dfc3453087b,0,1,0,1,1,reentrancy,,107,Doublade,C:\Users\Exauce\Documents\smart-contract-cgt\source\a794164d9ea7ec96d50ba1d3a1b98ae4.sol
a7a08de67ee0aa8938d01f4739462e83,0311d5feae26d2c2839f834cac3749fd2823c012ab90a45a34f25bcdbf813e3f,1,1,1,0,1,bad_randomness,bad_randomness,120,ContractFuzzer,C:\Users\Exauce\Documents\smart-contract-cgt\source\a7a08de67ee0aa8938d01f4739462e83.sol
a7bd263983d251859bbd7c2464c14c25,8a5003651ddb75767a6d2284d1922cd6336bd1c431c67d3c533dd28d8b1d6348,0,7,0,7,6,arithmetic|bad_randomness|denial_service|front_running|reentrancy|unchecked_low_calls,,101|104|107|113|114|120,Zeus|eThor,C:\Users\Exauce\Documents\smart-contract-cgt\source\a7bd263983d251859bbd7c2464c14c25.sol
a7c4c78a08253d3b97a58085b3f2670d,b77049cc73e72ec2dffef16810efa54cc150761009942d911fc62fe66ec13b58,1,1,1,0,1,denial_service,denial_service,128,JiuZhou,C:\Users\Exauce\Documents\smart-contract-cgt\source\a7c4c78a08253d3b97a58085b3f2670d.sol
a7d9fd99ac068bc601bdd7d35a025274,b74efa13a9a7920f52a5d50595b015b3e385c305fceef5a7c8e9372bbf83d6e6,1,6,2,4,6,arithmetic|bad_randomness|denial_service|front_running|reentrancy|unchecked_low_calls,arithmetic|front_running,101|104|107|113|114|120,Zeus,C:\Users\Exauce\Documents\smart-contract-cgt\source\a7d9fd99ac068bc601bdd7d35a025274.sol
a7e4b0b5625d1b9c3141bae27c9859b8,f61e79783d06df08ec5508eddbb0ec0e677a47790aba614ed7c2cb431ebd122b,1,7,1,6,6,arithmetic|bad_randomness|denial_service|front_running|reentrancy|unchecked_low_calls,reentrancy,101|104|107|113|114|120,Zeus|eThor,C:\Users\Exauce\Documents\smart-contract-cgt\source\a7e4b0b5625d1b9c3141bae27c9859b8.sol
a820b9e52c6d2ff632a22149da0d2f5c,1f7fb3eed97f9b76b4dbafd8e3210a6ad4942d4ebad79b07db218735ad038f50,0,5,0,5,4,bad_randomness|denial_service|reentrancy|unchecked_low_calls,,104|107|113|120|128,CodeSmells,C:\Users\Exauce\Documents\smart-contract-cgt\source\a820b9e52c6d2ff632a22149da0d2f5c.sol
a8296a943c5bb4586ca1703b6eee6761,1120ed69443167c561496cb84b0b798a09b38db4970476a5f8bf41a78d7fdf80,1,1,1,0,1,time_manipulation,time_manipulation,116,ContractFuzzer,C:\Users\Exauce\Documents\smart-contract-cgt\source\a8296a943c5bb4586ca1703b6eee6761.sol
a8380621126f794b4776a4dbe4095e3f,b60aa59e02d07335c9487a8f15a8d9a881926d7a4d974168f62cba302baee332,0,5,0,5,4,bad_randomness|denial_service|reentrancy|unchecked_low_calls,,104|107|113|120|128,CodeSmells,C:\Users\Exauce\Documents\smart-contract-cgt\source\a8380621126f794b4776a4dbe4095e3f.sol
a87c8e51e5f0c64df777eba7683d75d4,844b5824d47c1be5c2ebb17fd1517f760da7039f3486ae7ab5bbaefd2f767fb2,1,6,4,2,6,arithmetic|bad_randomness|denial_service|front_running|reentrancy|unchecked_low_calls,arithmetic|denial_service|front_running|unchecked_low_calls,101|104|107|113|114|120,Zeus,C:\Users\Exauce\Documents\smart-contract-cgt\source\a87c8e51e5f0c64df777eba7683d75d4.sol
a952fd44dcf4befc7e95afb3090d9e5d,feb83bc48eb22f5bfed2190f381c313946f3a9b6ec2505acda6bc83a5c7711f9,1,1,1,0,1,reentrancy,reentrancy,107,SolidiFI,C:\Users\Exauce\Documents\smart-contract-cgt\source\a952fd44dcf4befc7e95afb3090d9e5d.sol
a972f8fb1fe8d854b46bd92c83f1df55,4da757ab321a385f55862651b2ccc26139fd531d4c80e1b2d46b1eb82a4a75bf,1,1,1,0,1,unchecked_low_calls,unchecked_low_calls,104,SolidiFI,C:\Users\Exauce\Documents\smart-contract-cgt\source\a972f8fb1fe8d854b46bd92c83f1df55.sol
a977641d9816726f0a3d66502adeff48,3efacca123cd023df9bb268fc0c406c88a02a95ccea54b01f694663461471bcf,1,1,1,0,1,time_manipulation,time_manipulation,116,SolidiFI,C:\Users\Exauce\Documents\smart-contract-cgt\source\a977641d9816726f0a3d66502adeff48.sol
a989132d6873a70fcf3f90062f34dd07,f17939d6badff638a74f5f2021c184d7d302804653e5c9164c4e80c9888bbd57,1,7,3,4,6,arithmetic|bad_randomness|denial_service|front_running|reentrancy|unchecked_low_calls,arithmetic|front_running|unchecked_low_calls,101|104|107|113|114|120,Zeus|eThor,C:\Users\Exauce\Documents\smart-contract-cgt\source\a989132d6873a70fcf3f90062f34dd07.sol
a9a2697e134180944bfa16232a11aaa8,ea95eba25842ff69d0391fe6c675f016299213cc8bd29cce36f2dd71510e5be3,1,1,1,0,1,time_manipulation,time_manipulation,116,SolidiFI,C:\Users\Exauce\Documents\smart-contract-cgt\source\a9a2697e134180944bfa16232a11aaa8.sol
a9cd3c02ab49a90defa3e2e3772fcf70,469b5c86fbd3c739b77c6366ea038850d303ace43f7b3d89b7083326e30961e9,1,5,1,4,4,bad_randomness|denial_service|reentrancy|unchecked_low_calls,bad_randomness,104|107|113|120|128,CodeSmells,C:\Users\Exauce\Documents\smart-contract-cgt\source\a9cd3c02ab49a90defa3e2e3772fcf70.sol
aa5104d26e734f968be1a1f14c09c07f,e8ec90aa134caa377ec7a5056d9ad891e3c378219ba5731434f63239083300f4,1,7,3,4,6,arithmetic|bad_randomness|denial_service|front_running|reentrancy|unchecked_low_calls,arithmetic|front_running|unchecked_low_calls,101|104|107|113|114|120,Zeus|eThor,C:\Users\Exauce\Documents\smart-contract-cgt\source\aa5104d26e734f968be1a1f14c09c07f.sol
aa5aab54dabc58741db51328edd8fc10,b993a463e556af726a49388b8808c54033bc3f16dc519877beb88abd3a1f1521,1,1,1,0,1,front_running,front_running,114,SolidiFI,C:\Users\Exauce\Documents\smart-contract-cgt\source\aa5aab54dabc58741db51328edd8fc10.sol
aa6c08f07e27cbfd195d553bb327318d,cc36cb282e4c2522bf0756f78bcd07585f7d2fc41ec10f3ddab27bec8c5b4903,0,6,0,6,6,arithmetic|bad_randomness|denial_service|front_running|reentrancy|unchecked_low_calls,,101|104|107|113|114|120,Zeus,C:\Users\Exauce\Documents\smart-contract-cgt\source\aa6c08f07e27cbfd195d553bb327318d.sol
aa78617003a78b2f3f9cb3cc57fc1b11,9f676d4b38ef0f235a1af82d5855f66b0a11417b1142953cecf73d7c0e0052e8,0,5,0,5,4,bad_randomness|denial_service|reentrancy|unchecked_low_calls,,104|107|113|120|128,CodeSmells,C:\Users\Exauce\Documents\smart-contract-cgt\source\aa78617003a78b2f3f9cb3cc57fc1b11.sol
aab9b503e6f61cb0b4ab33490e3ea93f,377120219e8559a30ed72d0a1881801ae17bfeaa450e0af3dcdb9bba6e0e2457,0,5,0,5,4,bad_randomness|denial_service|reentrancy|unchecked_low_calls,,104|107|113|120|128,CodeSmells,C:\Users\Exauce\Documents\smart-contract-cgt\source\aab9b503e6f61cb0b4ab33490e3ea93f.sol
aacfcc65cea7fc5d9cde2bf0591edae4,eb4aa5d096b2972cf24c07e895a54352217eb980d443c1271d68028e61460113,0,5,0,5,4,bad_randomness|denial_service|reentrancy|unchecked_low_calls,,104|107|113|120|128,CodeSmells,C:\Users\Exauce\Documents\smart-contract-cgt\source\aacfcc65cea7fc5d9cde2bf0591edae4.sol
aad40d98e7b55661f66efb05f190968e,df19d58e76c8e059f08c534c48da565f4f5bebfabc0b1df6a72a98d901dce6c5,1,1,1,0,1,time_manipulation,time_manipulation,116,ContractFuzzer,C:\Users\Exauce\Documents\smart-contract-cgt\source\aad40d98e7b55661f66efb05f190968e.sol
ab0e2ea9e14512594f714bc485a94361,60a53cdce96cd1fce1c98786ae65e62e2bf03d323faa168cf39c6cf0bcade54a,1,7,4,3,6,arithmetic|bad_randomness|denial_service|front_running|reentrancy|unchecked_low_calls,arithmetic|denial_service|reentrancy|unchecked_low_calls,101|104|107|113|114|120,Zeus|eThor,C:\Users\Exauce\Documents\smart-contract-cgt\source\ab0e2ea9e14512594f714bc485a94361.sol
ab7437187612f2d991340b0b6db0b256,1e5163f1f206c468ffc66d9b4a70fb1a91ad152b166af0d7472f2faba3a81abf,1,6,1,5,6,arithmetic|bad_randomness|denial_service|front_running|reentrancy|unchecked_low_calls,arithmetic,101|104|107|113|114|120,Zeus,C:\Users\Exauce\Documents\smart-contract-cgt\source\ab7437187612f2d991340b0b6db0b256.sol
ab81565d9f592f36d171ef52f0bac7ba,e1ae58ba1b592b5f694006cab7b867d27e17c6914521780462021d85da40d84c,1,6,1,5,6,arithmetic|bad_randomness|denial_service|front_running|reentrancy|unchecked_low_calls,arithmetic,101|104|107|113|114|120,Zeus,C:\Users\Exauce\Documents\smart-contract-cgt\source\ab81565d9f592f36d171ef52f0bac7ba.sol
ab9c2681eb4aa3c242c82fe2da9b938c,dcd66f45bea3f1e0fca3f13cbc65167e608e229f9bb3b59df67343b108e96ebc,1,1,1,0,1,front_running,front_running,114,SolidiFI,C:\Users\Exauce\Documents\smart-contract-cgt\source\ab9c2681eb4aa3c242c82fe2da9b938c.sol
aba70e2dfd0272b89d73643769fd3798,99f83e57fcf43103a899992262a54dfa125879d7975e5d07ac5a93bfa7330eb6,1,6,2,4,5,arithmetic|bad_randomness|denial_service|front_running|reentrancy,arithmetic|front_running,101|107|113|114|120,Zeus|eThor,C:\Users\Exauce\Documents\smart-contract-cgt\source\aba70e2dfd0272b89d73643769fd3798.sol
abc8bf67c3ceca9ecb202c377fbec7f0,31b53b5a90e21dea9a79246589c2e783b8c5a9ce971739688985fbdb752297a8,1,1,1,0,1,front_running,front_running,114,EthRacer,C:\Users\Exauce\Documents\smart-contract-cgt\source\abc8bf67c3ceca9ecb202c377fbec7f0.sol
ac09cdde645a2a499ee33d7f0808b73d,7e06da8fa4859f4ffb762e1cd5ff8ee9b482858e67161a8b62cd2eaafd32e654,1,1,1,0,1,reentrancy,reentrancy,107,Doublade,C:\Users\Exauce\Documents\smart-contract-cgt\source\ac09cdde645a2a499ee33d7f0808b73d.sol
ac5360a509ec3a18d46b515209efae9d,e558d3b53dcb738598991e344a2b133785a40c396a5ee37f61294b4d528b3cca,1,1,1,0,1,reentrancy,reentrancy,107,ContractFuzzer,C:\Users\Exauce\Documents\smart-contract-cgt\source\ac5360a509ec3a18d46b515209efae9d.sol
ac8959ffa55a2efa106c08e8f186274c,d2de3d9d9a27608e3ad29f8ea05bf6e0f16994bd67f04ea6ac1380ec433ce69d,1,2,1,1,2,front_running|time_manipulation,time_manipulation,114|116,ContractFuzzer|EthRacer,C:\Users\Exauce\Documents\smart-contract-cgt\source\ac8959ffa55a2efa106c08e8f186274c.sol
acb5af00ad32ba1424a7347d7f4faee2,1d4875ae9c312cfb458605e820ea8d00c1b9e38ba4d35dd13560f6aac0f6ade5,0,5,0,5,4,bad_randomness|denial_service|reentrancy|unchecked_low_calls,,104|107|113|120|128,CodeSmells,C:\Users\Exauce\Documents\smart-contract-cgt\source\acb5af00ad32ba1424a7347d7f4faee2.sol
acb72f1f3b2898b62d6d841f999e5c77,c73946c1de8a64d3b57f3d9900705ae2e709fda723842439e6c47fd906a7acf0,1,1,1,0,1,arithmetic,arithmetic,101,SolidiFI,C:\Users\Exauce\Documents\smart-contract-cgt\source\acb72f1f3b2898b62d6d841f999e5c77.sol
acfa6cdc59e4a9be916229bfe9df007c,9357f38ce4cce1adcf97c621a3d7dba47a07079c1aecb6aedba22320830d2c79,1,1,1,0,1,front_running,front_running,114,SolidiFI,C:\Users\Exauce\Documents\smart-contract-cgt\source\acfa6cdc59e4a9be916229bfe9df007c.sol
ad32d63f634422902e7c4c39b9aecdfe,3006d0844727561cead2ae69ea5284b2a7630ec0a4fcd19fea5bd8270750e520,1,12,6,6,6,arithmetic|bad_randomness|denial_service|front_running|reentrancy|unchecked_low_calls,arithmetic|bad_randomness|front_running|unchecked_low_calls,101|104|107|113|114|120|128,CodeSmells|Zeus|eThor,C:\Users\Exauce\Documents\smart-contract-cgt\source\ad32d63f634422902e7c4c39b9aecdfe.sol
ad6272a0ed4eab09325294bb65a29eb1,bc08de845dc3495e7e5ca0ed6b5bb17bf02244f9ea63bfd01e1a391b9687eb69,1,7,3,4,6,arithmetic|bad_randomness|denial_service|front_running|reentrancy|unchecked_low_calls,arithmetic|front_running|unchecked_low_calls,101|104|107|113|114|120,Zeus|eThor,C:\Users\Exauce\Documents\smart-contract-cgt\source\ad6272a0ed4eab09325294bb65a29eb1.sol
ad89904519b1b25971fe6b3047868836,407a0fbf86d4767b038897cfebed48698400dcce4d580f1bf65e6c9c1176a690,0,1,0,1,1,denial_service,,128,JiuZhou,C:\Users\Exauce\Documents\smart-contract-cgt\source\ad89904519b1b25971fe6b3047868836.sol
ae25d8db7078f0326a84d9d81d9c5717,52e081349092f9f46109acc7133be878f1a27f6f028f892d6408a9e59658764e,1,12,2,10,6,arithmetic|bad_randomness|denial_service|front_running|reentrancy|unchecked_low_calls,denial_service|reentrancy,101|104|107|113|114|120,NPChecker|Zeus|eThor,C:\Users\Exauce\Documents\smart-contract-cgt\source\ae25d8db7078f0326a84d9d81d9c5717.sol
ae8faf841b910d5fd37bad60509f9f42,2452082b16b4fcc333a08e139a13d2432933d9e13e798d5cd33e353a8e4bb47a,0,6,0,6,6,arithmetic|bad_randomness|denial_service|front_running|reentrancy|unchecked_low_calls,,101|104|107|113|114|120,Zeus,C:\Users\Exauce\Documents\smart-contract-cgt\source\ae8faf841b910d5fd37bad60509f9f42.sol
ae9a0fb060935e70aeb2bf9778462ba1,388b98bf6dd7d58c173f95a75a09ec503a2f183905774d0b7088b52a1c8f8291,0,1,0,1,1,front_running,,114,EthRacer,C:\Users\Exauce\Documents\smart-contract-cgt\source\ae9a0fb060935e70aeb2bf9778462ba1.sol
aed86f640a1ca751d0a2e7e82475aac1,48aa54b23af0088686e663328de0762412ef9969f5a3ce3ff042aa5318234063,1,1,1,0,1,denial_service,denial_service,113,Doublade,C:\Users\Exauce\Documents\smart-contract-cgt\source\aed86f640a1ca751d0a2e7e82475aac1.sol
aedb904ae894f07b5bc5bfcc94fa4c9e,2399f43fafc723f687eac38d74dc299f5827970d3ff726b518a8ee8a2f554758,1,1,1,0,1,time_manipulation,time_manipulation,116,ContractFuzzer,C:\Users\Exauce\Documents\smart-contract-cgt\source\aedb904ae894f07b5bc5bfcc94fa4c9e.sol
af09bbd76f52399f5a770684f8037795,76ba27d406228b2975d9851bdb9d810882cb618997fed4be0c9f93c106e9db21,1,6,1,5,5,bad_randomness|denial_service|reentrancy|time_manipulation|unchecked_low_calls,time_manipulation,104|107|113|116|120|128,CodeSmells|ContractFuzzer,C:\Users\Exauce\Documents\smart-contract-cgt\source\af09bbd76f52399f5a770684f8037795.sol
af26f098d886b0057df5fa43a5f01d81,3e1c9cdb77a12f24da0fc967e373635a68a0aa04318a16e8d4b8157191f04890,0,1,0,1,1,front_running,,114,EthRacer,C:\Users\Exauce\Documents\smart-contract-cgt\source\af26f098d886b0057df5fa43a5f01d81.sol
af57ac4c86444d63bfdfe8880ff445e6,1107e5774516f0d6a931cee90cba37ed1ca66bb0e3ee29e65d812cc4b18229b7,1,7,3,4,6,arithmetic|bad_randomness|denial_service|front_running|reentrancy|unchecked_low_calls,arithmetic|front_running|unchecked_low_calls,101|104|107|113|114|120,Zeus|eThor,C:\Users\Exauce\Documents\smart-contract-cgt\source\af57ac4c86444d63bfdfe8880ff445e6.sol
af7f3afa749a621b22670f0729dd245f,4e5e8afcec54cba7eb88ce12425edfce9b155c260790a9912cbd8c81d7ac910c,1,6,3,3,6,arithmetic|bad_randomness|denial_service|front_running|reentrancy|unchecked_low_calls,arithmetic|denial_service|front_running,101|104|107|113|114|120,Zeus,C:\Users\Exauce\Documents\smart-contract-cgt\source\af7f3afa749a621b22670f0729dd245f.sol
af9e16b307ac68a75910a123c24fdb75,5a6627e43867c595f0f6cfaddcec1853232220c70cddac6dbea04fe6f327d5b1,1,1,1,0,1,unchecked_low_calls,unchecked_low_calls,104,SolidiFI,C:\Users\Exauce\Documents\smart-contract-cgt\source\af9e16b307ac68a75910a123c24fdb75.sol
afa310e4bbc21689d774a192fbee59dd,46afdb39d2aa4d47dabe10ac184287a3924695f0a80b44a0b5a276c6b616c63e,1,6,1,5,6,arithmetic|bad_randomness|denial_service|front_running|reentrancy|unchecked_low_calls,arithmetic,101|104|107|113|114|120,Zeus,C:\Users\Exauce\Documents\smart-contract-cgt\source\afa310e4bbc21689d774a192fbee59dd.sol
afb5fb77476d43ecb7e40ccd46651b63,1243b7caf983d734768abcad2c9b8ba76dfbb857d72bad81cd05a26c0e3e3f4e,1,1,1,0,1,time_manipulation,time_manipulation,116,SWCregistry,C:\Users\Exauce\Documents\smart-contract-cgt\source\afb5fb77476d43ecb7e40ccd46651b63.sol
afd7fd6e85cbe1d382caa09011a48f3f,6a56fc24bd5d89e30867df4870d1f1275d0d95c2df4c163c5ca438126a7bdcdf,1,7,3,4,6,arithmetic|bad_randomness|denial_service|front_running|reentrancy|unchecked_low_calls,arithmetic|front_running|unchecked_low_calls,101|104|107|113|114|120,Zeus|eThor,C:\Users\Exauce\Documents\smart-contract-cgt\source\afd7fd6e85cbe1d382caa09011a48f3f.sol
b032874b8a340a40ca49017ce15eb066,3f7ed06d64009e2c4f4995fed943620152e50b68536e72cc388b8e53e28fd324,1,7,3,4,6,arithmetic|bad_randomness|denial_service|front_running|reentrancy|unchecked_low_calls,arithmetic|denial_service|reentrancy,101|104|107|113|114|120,Zeus|eThor,C:\Users\Exauce\Documents\smart-contract-cgt\source\b032874b8a340a40ca49017ce15eb066.sol
b03647dac7ebe168bb4f95d35404bc5a,a001a8c9431a4493da8d49750646b2554897df0729a172b8e742f7b6cdff599d,0,5,0,5,4,bad_randomness|denial_service|reentrancy|unchecked_low_calls,,104|107|113|120|128,CodeSmells,C:\Users\Exauce\Documents\smart-contract-cgt\source\b03647dac7ebe168bb4f95d35404bc5a.sol
b04a3628d854f576def17f4b6f83b951,b0a83cba4e7b8638b8eac878e4fab4ed7f0453e3fd05c1e06a6336acd30d3abd,1,7,3,4,6,arithmetic|bad_randomness|denial_service|front_running|reentrancy|unchecked_low_calls,arithmetic|denial_service|reentrancy,101|104|107|113|114|120,Zeus|eThor,C:\Users\Exauce\Documents\smart-contract-cgt\source\b04a3628d854f576def17f4b6f83b951.sol
b0943049dac6770c1fb794cfe1e570ba,26c28a12f12ce86a47aeaaae5b1bc92c6a56acada35f12e7208c6529a99c3d8b,1,1,1,0,1,unchecked_low_calls,unchecked_low_calls,104,SolidiFI,C:\Users\Exauce\Documents\smart-contract-cgt\source\b0943049dac6770c1fb794cfe1e570ba.sol
b0c97bd3e86cfba340096a1611a936fe,2c0253627d04b2a6c1c1926fb84ef9b5247093e36c37530e56e7b0f1730812a4,1,7,3,4,6,arithmetic|bad_randomness|denial_service|front_running|reentrancy|unchecked_low_calls,arithmetic|front_running|unchecked_low_calls,101|104|107|113|114|120,Zeus|eThor,C:\Users\Exauce\Documents\smart-contract-cgt\source\b0c97bd3e86cfba340096a1611a936fe.sol
b0d131e4fe035abd75bcf15f0d048fc6,c74631545399cf8eabc37b5ca25fce78bd530b7cd1f94aad708d01f30a11040f,1,1,1,0,1,bad_randomness,bad_randomness,120,ContractFuzzer,C:\Users\Exauce\Documents\smart-contract-cgt\source\b0d131e4fe035abd75bcf15f0d048fc6.sol
b0d1a6f17dfae1dca1ca05a7ba4a7743,1087aa4e7fc09563fbb05618e6fad8bf6083d143972771a088e1d0fba5389866,1,6,4,2,6,arithmetic|bad_randomness|denial_service|front_running|reentrancy|unchecked_low_calls,arithmetic|bad_randomness|denial_service|front_running,101|104|107|113|114|120,Zeus,C:\Users\Exauce\Documents\smart-contract-cgt\source\b0d1a6f17dfae1dca1ca05a7ba4a7743.sol
b0d2e43facab3f277c5f6338d4901c38,33ead47c3636e00bef792df00690c45c8296ebf92a46f192cfe1e99c5e4e714e,1,6,2,4,6,arithmetic|bad_randomness|denial_service|front_running|reentrancy|unchecked_low_calls,denial_service|front_running,101|104|107|113|114|120,Zeus,C:\Users\Exauce\Documents\smart-contract-cgt\source\b0d2e43facab3f277c5f6338d4901c38.sol
b0f34ed474d95b0acea675f02f9d3661,8f2154a5402f0f1c5f80205702656aa482494ef5a0b304da10d685e456b46e34,1,1,1,0,1,denial_service,denial_service,113,JiuZhou,C:\Users\Exauce\Documents\smart-contract-cgt\source\b0f34ed474d95b0acea675f02f9d3661.sol
b0ffe18dde0bfb17cb6435096c68d070,38d8703f6031cf20e6cdd6b35bc3646089865cbcf8b3081cf39827d3c817f1eb,0,5,0,5,5,bad_randomness|denial_service|front_running|reentrancy|unchecked_low_calls,,104|107|113|114|120,NPChecker,C:\Users\Exauce\Documents\smart-contract-cgt\source\b0ffe18dde0bfb17cb6435096c68d070.sol
b1523f4fa53a0d4a093da369e2e796b2,8587cf7bea9ec2041c868c906d46c0d5aa68673e3513c07afc54a8cfb93080ae,0,5,0,5,4,bad_randomness|denial_service|reentrancy|unchecked_low_calls,,104|107|113|120|128,CodeSmells,C:\Users\Exauce\Documents\smart-contract-cgt\source\b1523f4fa53a0d4a093da369e2e796b2.sol
b1a122f7e0f55faa95ffffc716a4ea7a,4a723756025d1333b687952bdb9abc50ecdf3cc4367a7cedd094ce8aeaa51f19,1,1,1,0,1,bad_randomness,bad_randomness,120,ContractFuzzer,C:\Users\Exauce\Documents\smart-contract-cgt\source\b1a122f7e0f55faa95ffffc716a4ea7a.sol
b1d70f620b671dabb6f941c9c9fcecb1,fddfd77a90f7254ac2e8fe7f7e71f7de08596bc2ab3a7a26efb3d949cf2c53fb,0,1,0,1,1,time_manipulation,,116,JiuZhou,C:\Users\Exauce\Documents\smart-contract-cgt\source\b1d70f620b671dabb6f941c9c9fcecb1.sol
b1dc998b811e7d3ac3b6eabb7a0cd0f8,afeecf740662fb118f67658c987b85efdee8ea17be02e436aebb32b7819b7d91,0,6,0,6,4,bad_randomness|denial_service|reentrancy|unchecked_low_calls,,104|107|113|120|128,CodeSmells|Doublade,C:\Users\Exauce\Documents\smart-contract-cgt\source\b1dc998b811e7d3ac3b6eabb7a0cd0f8.sol
b1ebb8f73761e1f5104fda2535731bf1,98f81c43ca8f6492b2d6d972c075f14af889a5669f61257f6c985d6e5eb9314b,0,5,0,5,4,bad_randomness|denial_service|reentrancy|unchecked_low_calls,,104|107|113|120|128,CodeSmells,C:\Users\Exauce\Documents\smart-contract-cgt\source\b1ebb8f73761e1f5104fda2535731bf1.sol
b2079954eb647a9473615665cff7d659,767972e59d55c44ff4371c75949d1272d9ef242ef0b61252790bcba7631eb4ce,1,1,1,0,1,bad_randomness,bad_randomness,120,ContractFuzzer,C:\Users\Exauce\Documents\smart-contract-cgt\source\b2079954eb647a9473615665cff7d659.sol
b22c1619bedaa2a5c01884e8ee91ff04,0bfb0e626173374e11b63e0a00b8a28c3264c9383068eae73941c5fb77e4ff2a,0,5,0,5,4,bad_randomness|denial_service|reentrancy|unchecked_low_calls,,104|107|113|120|128,CodeSmells,C:\Users\Exauce\Documents\smart-contract-cgt\source\b22c1619bedaa2a5c01884e8ee91ff04.sol
b266a7c793474c8a26ac062b87f92eab,1628fac216146575e124021b88cdc3d156deb2141e08e0f240b148d46bb0293c,1,7,1,6,6,arithmetic|bad_randomness|denial_service|front_running|reentrancy|unchecked_low_calls,arithmetic,101|104|107|113|114|120,Zeus|eThor,C:\Users\Exauce\Documents\smart-contract-cgt\source\b266a7c793474c8a26ac062b87f92eab.sol
b2e89eb9f3b74486ff4e8677cb5f425b,aa36884d910bea9fa14e54cc838fc0633ef81d5a9a9d0718b320d01b10d8abec,0,6,0,6,6,arithmetic|bad_randomness|denial_service|front_running|reentrancy|unchecked_low_calls,,101|104|107|113|114|120,Zeus,C:\Users\Exauce\Documents\smart-contract-cgt\source\b2e89eb9f3b74486ff4e8677cb5f425b.sol
b37d7077feeed635bf11c21fd9da3037,d4f0f31eb25513ed62dd8cbc07fcb9153ab8a78f425364b4d1abde827fe0e6b7,0,5,0,5,4,bad_randomness|denial_service|reentrancy|unchecked_low_calls,,104|107|113|120|128,CodeSmells,C:\Users\Exauce\Documents\smart-contract-cgt\source\b37d7077feeed635bf11c21fd9da3037.sol
b3bf3213d3304d768888198658b7c6ec,ecd1d1e17b41b250efa8fd9772088cd90e1d6beb63f4687c72c238a3c9a3f4a2,0,1,0,1,1,front_running,,114,EthRacer,C:\Users\Exauce\Documents\smart-contract-cgt\source\b3bf3213d3304d768888198658b7c6ec.sol
b4a97b004c986634316d15215b142f73,503023e3b45b20e18716011a9fcababf65b153a80d746943cce58251fe74369b,1,1,1,0,1,front_running,front_running,114,EthRacer,C:\Users\Exauce\Documents\smart-contract-cgt\source\b4a97b004c986634316d15215b142f73.sol
b4d1f6e342c2283d3b0851ef980a98f6,f8da69399427217c1b6cd15f8020215f31211fb1628a1acf1543fe1a2c96e705,0,5,0,5,4,bad_randomness|denial_service|reentrancy|unchecked_low_calls,,104|107|113|120|128,CodeSmells,C:\Users\Exauce\Documents\smart-contract-cgt\source\b4d1f6e342c2283d3b0851ef980a98f6.sol
b521486cd4db83789a805e758e04b120,e03b67f6a1baeab8781b35b132c7e909df18f55b64e1974f05e3f7779f34ff86,0,1,0,1,1,reentrancy,,107,Doublade,C:\Users\Exauce\Documents\smart-contract-cgt\source\b521486cd4db83789a805e758e04b120.sol
b56b48ea2a51f48a769eaa6609797a3d,6d5dc8d0a0aab2828216cceeb02a67db132742b68133cb6d42275fb33969e5c9,0,4,0,4,3,bad_randomness|denial_service|unchecked_low_calls,,104|113|120|128,CodeSmells,C:\Users\Exauce\Documents\smart-contract-cgt\source\b56b48ea2a51f48a769eaa6609797a3d.sol
b59800d512903ba1a0bb9de967b4d668,a8d61e3688bbd4cec5ce41005c02db391c4c234169da995355870d1387a9df27,0,5,0,5,4,bad_randomness|denial_service|reentrancy|unchecked_low_calls,,104|107|113|120|128,CodeSmells,C:\Users\Exauce\Documents\smart-contract-cgt\source\b59800d512903ba1a0bb9de967b4d668.sol
b5a0846728f155d6a0e5d12f1f16c284,1a1aadd51c5f0368830253c9680df019d87d4e006683830f72f2fc4e609d682d,0,5,0,5,4,bad_randomness|denial_service|reentrancy|unchecked_low_calls,,104|107|113|120|128,CodeSmells,C:\Users\Exauce\Documents\smart-contract-cgt\source\b5a0846728f155d6a0e5d12f1f16c284.sol
b5abbc2c1ab28d77460a6fb3bc032137,e9a09858299ac0189a46cf3b5fd360b42640c8245ccea7e1afbc7c6fd769361c,0,5,0,5,4,bad_randomness|denial_service|reentrancy|unchecked_low_calls,,104|107|113|120|128,CodeSmells,C:\Users\Exauce\Documents\smart-contract-cgt\source\b5abbc2c1ab28d77460a6fb3bc032137.sol
b5df1f498ad832b3c2558a4d0669e1b7,2339fde7f7937871b31620d7af8349f80d5c45eab55e16010917164d0ab9210a,1,7,3,4,6,arithmetic|bad_randomness|denial_service|front_running|reentrancy|unchecked_low_calls,arithmetic|front_running|unchecked_low_calls,101|104|107|113|114|120,Zeus|eThor,C:\Users\Exauce\Documents\smart-contract-cgt\source\b5df1f498ad832b3c2558a4d0669e1b7.sol
b617797ec3e9260c72f941365c1d8c81,f10d5b73c9761d8e4ea34a5946f403ee5521d3c3a255c82d07d71cd1177f6780,0,4,0,4,3,bad_randomness|denial_service|unchecked_low_calls,,104|113|120|128,CodeSmells,C:\Users\Exauce\Documents\smart-contract-cgt\source\b617797ec3e9260c72f941365c1d8c81.sol
b6183a4674a66e7161f71b7886ad23c5,5df34ee8e713934e2f47c3ee33c97058e732eec839960304cd335bb16a5962fe,1,7,2,5,6,arithmetic|bad_randomness|denial_service|front_running|reentrancy|unchecked_low_calls,arithmetic|reentrancy,101|104|107|113|114|120,Zeus|eThor,C:\Users\Exauce\Documents\smart-contract-cgt\source\b6183a4674a66e7161f71b7886ad23c5.sol
b6291d23f6e98fb512eab9cd94923dfd,429d5eb16cf1d398f795fd431e73886ceea5c66477bd6400b34bd83b62c42de0,0,1,0,1,1,denial_service,,113,JiuZhou,C:\Users\Exauce\Documents\smart-contract-cgt\source\b6291d23f6e98fb512eab9cd94923dfd.sol
b6648d695c4a1544b6aa5aa6c2d303b1,52e4d4f6cad6c16adba23ce574c61a0906492386bb9961f3332d4508b5218c23,0,1,0,1,1,reentrancy,,107,JiuZhou,C:\Users\Exauce\Documents\smart-contract-cgt\source\b6648d695c4a1544b6aa5aa6c2d303b1.sol
b69969618da401e7416b9da9a350b963,c26652512e12c01e785743ab850892c91690fc6a5a6d897705e6baa0428620a5,1,1,1,0,1,unchecked_low_calls,unchecked_low_calls,104,Doublade,C:\Users\Exauce\Documents\smart-contract-cgt\source\b69969618da401e7416b9da9a350b963.sol
b6a33843b4f065c98fb321edabfd06fe,f874a5f9210238929d88c3c9d4179e699f38267bd58ca0372594ab345e74fe00,0,5,0,5,4,bad_randomness|denial_service|reentrancy|unchecked_low_calls,,104|107|113|120|128,CodeSmells,C:\Users\Exauce\Documents\smart-contract-cgt\source\b6a33843b4f065c98fb321edabfd06fe.sol
b6f710c491587593452e97b5e0e61591,c96ab5d510ca21538b6ccb8837578e02ce03e09fa300160c459b4cbcaefc5095,1,1,1,0,1,time_manipulation,time_manipulation,116,SolidiFI,C:\Users\Exauce\Documents\smart-contract-cgt\source\b6f710c491587593452e97b5e0e61591.sol
b706d5ae1c4c4f5a607d61a95f6bd0a8,feb9639a92ac14070ded401a8172d3e2c20e009c1a7627533aba0ac230af9fe5,1,6,2,4,5,arithmetic|bad_randomness|denial_service|reentrancy|unchecked_low_calls,arithmetic|denial_service,101|104|107|113|120,Zeus|eThor,C:\Users\Exauce\Documents\smart-contract-cgt\source\b706d5ae1c4c4f5a607d61a95f6bd0a8.sol
b7467da073c5c80750ad5740fec17c8d,5729666b3c75407fd97c0f3e5eac6a7892bc719e384eecb5bae92ee3477c73ad,1,1,1,0,1,reentrancy,reentrancy,107,SolidiFI,C:\Users\Exauce\Documents\smart-contract-cgt\source\b7467da073c5c80750ad5740fec17c8d.sol
b77f5d5db7bab7ef519d5e0f8a9ee4d6,f754ba6d2b15853582501c83dee8245a07f63a9868b8d53c556147b300d57420,0,5,0,5,4,bad_randomness|denial_service|reentrancy|unchecked_low_calls,,104|107|113|120|128,CodeSmells,C:\Users\Exauce\Documents\smart-contract-cgt\source\b77f5d5db7bab7ef519d5e0f8a9ee4d6.sol
b79acb07be86c013a5a860ed1f3df20e,861d4c030e9a396c179c625c83664cb0def94d568d6754cfb29d04bb2bbfd43d,1,1,1,0,1,front_running,front_running,114,SolidiFI,C:\Users\Exauce\Documents\smart-contract-cgt\source\b79acb07be86c013a5a860ed1f3df20e.sol
b7ab48206bb0a06aeda50deceddbeeca,7ef53549345bbeb646c70ff4a863aee880d90fb8368393b129e2298081261636,1,1,1,0,1,arithmetic,arithmetic,101,SolidiFI,C:\Users\Exauce\Documents\smart-contract-cgt\source\b7ab48206bb0a06aeda50deceddbeeca.sol
b7b273dcda5b51a458a63217bc707d65,107b8ddb0dd305d2890139411535de64980c2d36eb144913cf5893763967becc,1,1,1,0,1,arithmetic,arithmetic,101,SolidiFI,C:\Users\Exauce\Documents\smart-contract-cgt\source\b7b273dcda5b51a458a63217bc707d65.sol
b7b48660c4fcc5a1fa65b71ef39203ad,7052a376d8f0e46bbda87b8506c11d103061f3a62e2534199b90ea0475d95f90,1,1,1,0,1,arithmetic,arithmetic,101,SolidiFI,C:\Users\Exauce\Documents\smart-contract-cgt\source\b7b48660c4fcc5a1fa65b71ef39203ad.sol
b7bd4ae865662908993f5895ef5e113f,09364f710199e2da8ea55ac78a3d98bf1b7a57da0d4f7f55d5ae23b5a695f626,0,1,0,1,1,denial_service,,128,JiuZhou,C:\Users\Exauce\Documents\smart-contract-cgt\source\b7bd4ae865662908993f5895ef5e113f.sol
b7cce9a92ea87916fc68be5d287603d9,1973c3cc6e9fe5f3712534e9bcdb66b9782d5e25d82d1243ef6a3c546ad661da,1,1,1,0,1,front_running,front_running,114,EthRacer,C:\Users\Exauce\Documents\smart-contract-cgt\source\b7cce9a92ea87916fc68be5d287603d9.sol
b7f902d5238ef8f6102acb93a14b35f6,fdbe44909b4330cb147a7b0cf5eb3ec2a01e8a2f1b6bd407ff2618353eea3028,0,1,0,1,1,front_running,,114,EthRacer,C:\Users\Exauce\Documents\smart-contract-cgt\source\b7f902d5238ef8f6102acb93a14b35f6.sol
b81339027e0b2509087452fb09b9f026,54204e97c9b529ea16d11aaa9c0e3c9aadbee05ae0178dbc9f6f199cab97095a,0,5,0,5,4,bad_randomness|denial_service|reentrancy|unchecked_low_calls,,104|107|113|120|128,CodeSmells,C:\Users\Exauce\Documents\smart-contract-cgt\source\b81339027e0b2509087452fb09b9f026.sol
b82c119f73b2e79a10e6e3c22c77ec27,95114b545e3cfe2f9ba4321f85b13eb9cb2868438ce81ac76d89ecbe0bafc610,0,5,0,5,4,bad_randomness|denial_service|reentrancy|unchecked_low_calls,,104|107|113|120|128,CodeSmells,C:\Users\Exauce\Documents\smart-contract-cgt\source\b82c119f73b2e79a10e6e3c22c77ec27.sol
b82c2eeaa8fcada6444d91372cc6c052,efbcc75fa545366df1477ede6b79a98428abe628ff2d1168c22947e47c514143,1,6,1,5,6,arithmetic|bad_randomness|denial_service|front_running|reentrancy|unchecked_low_calls,arithmetic,101|104|107|113|114|120,Zeus,C:\Users\Exauce\Documents\smart-contract-cgt\source\b82c2eeaa8fcada6444d91372cc6c052.sol
b845d738638a81cf34298171cd543497,ff48cd663f60b8229c9d53ff3fddc11ffde4f89647973f35daa02705d28563c2,0,5,0,5,4,bad_randomness|denial_service|reentrancy|unchecked_low_calls,,104|107|113|120|128,CodeSmells,C:\Users\Exauce\Documents\smart-contract-cgt\source\b845d738638a81cf34298171cd543497.sol
b85717bcac15ccc2af8357c1f523838d,50993e1e73cf1223efe5a4a22230ac43a75ef7fea118a62808b592b619dd56e6,1,1,1,0,1,front_running,front_running,114,SolidiFI,C:\Users\Exauce\Documents\smart-contract-cgt\source\b85717bcac15ccc2af8357c1f523838d.sol
b87661c61f22302cdad07a18f24c76ab,5a8aac2a411c273c58b7e17b609b97d8dcaf808d78d4e61283fc8743d51bd1c1,1,6,2,4,6,arithmetic|bad_randomness|denial_service|front_running|reentrancy|unchecked_low_calls,denial_service|front_running,101|104|107|113|114|120,Zeus,C:\Users\Exauce\Documents\smart-contract-cgt\source\b87661c61f22302cdad07a18f24c76ab.sol
b887335703fb4e49c20e8a9d411e0e44,0e916dabff55b12af7273029f9ba4818689e42d94a2e718b859c96d5cca31783,1,7,1,6,6,arithmetic|bad_randomness|denial_service|front_running|reentrancy|unchecked_low_calls,arithmetic,101|104|107|113|114|120,Zeus|eThor,C:\Users\Exauce\Documents\smart-contract-cgt\source\b887335703fb4e49c20e8a9d411e0e44.sol
b8b90e17d4c41be7659648aa3d1ba7f6,0fb2ba52925c05abed4ca1944bea876efbebddc5bf0915477792e4d8d35601f2,0,5,0,5,4,bad_randomness|denial_service|reentrancy|unchecked_low_calls,,104|107|113|120|128,CodeSmells,C:\Users\Exauce\Documents\smart-contract-cgt\source\b8b90e17d4c41be7659648aa3d1ba7f6.sol
b8be08b836382e0d0b7ce2500d5b471d,479066cd59d40a756ec70eadafc195149cdbada07a1d4339d19c354492410b10,1,7,3,4,6,arithmetic|bad_randomness|denial_service|front_running|reentrancy|unchecked_low_calls,arithmetic|front_running|unchecked_low_calls,101|104|107|113|114|120,Zeus|eThor,C:\Users\Exauce\Documents\smart-contract-cgt\source\b8be08b836382e0d0b7ce2500d5b471d.sol
b8c0698cbda4e088ef12b9f7e97a78a1,f77786a0e329dc16ce3ef9757946aab34ba729d3d063a991725bc2e5275fc24d,1,5,1,4,4,bad_randomness|denial_service|reentrancy|unchecked_low_calls,unchecked_low_calls,104|107|113|120|128,CodeSmells,C:\Users\Exauce\Documents\smart-contract-cgt\source\b8c0698cbda4e088ef12b9f7e97a78a1.sol
b8f1813a9e03323197c93ac68211d93a,0ecffafb8825cf6e268b063af1833ba670b48ab865875992c42072058884ac6a,0,4,0,4,3,bad_randomness|denial_service|unchecked_low_calls,,104|113|120|128,CodeSmells,C:\Users\Exauce\Documents\smart-contract-cgt\source\b8f1813a9e03323197c93ac68211d93a.sol
b91327c92a16ca4980dfc58d0f5c9728,e82bd81fa8c8dc55811ffb3839039bb013847f0db8a8b392f3be3a19771dae99,0,4,0,4,3,bad_randomness|denial_service|unchecked_low_calls,,104|113|120|128,CodeSmells,C:\Users\Exauce\Documents\smart-contract-cgt\source\b91327c92a16ca4980dfc58d0f5c9728.sol
b9149e1ccfbe786399f7ac68f3b732bc,89501022b93d58dc5f26e790f64c8c2956758b559357a193a9de74f511bcdf47,0,1,0,1,1,reentrancy,,107,Doublade,C:\Users\Exauce\Documents\smart-contract-cgt\source\b9149e1ccfbe786399f7ac68f3b732bc.sol
b919aba3600d5478defdf971ef884c26,207d6e41f5e64c83e3029f75987d3466e5055d512d4061cb4d0dd32f1dd8cbdd,0,2,0,2,1,denial_service,,113|128,NotSoSmartC,C:\Users\Exauce\Documents\smart-contract-cgt\source\b919aba3600d5478defdf971ef884c26.sol
b9278412bff790d789cfa453108f4e10,6ea0dee93555a9976ebaeadbcaf1d90684e857a91553fdb163ea7d6baefbb09d,1,1,1,0,1,unchecked_low_calls,unchecked_low_calls,104,SolidiFI,C:\Users\Exauce\Documents\smart-contract-cgt\source\b9278412bff790d789cfa453108f4e10.sol
b9791537081b1cd34088e89ab81f3409,42478fb52f79194d16c04359f744b2561655a649a0987c4ad91901fd5eff50b5,1,1,1,0,1,arithmetic,arithmetic,101,SolidiFI,C:\Users\Exauce\Documents\smart-contract-cgt\source\b9791537081b1cd34088e89ab81f3409.sol
b9ae0ce221e3a700bdb751262a4e5aab,16730319a3557765c94cf10625fc17138c0e97422395cd229dee6fe93d822d2d,1,1,1,0,1,reentrancy,reentrancy,107,Doublade,C:\Users\Exauce\Documents\smart-contract-cgt\source\b9ae0ce221e3a700bdb751262a4e5aab.sol
ba018e49d0d07a3cd716a67d3e6de000,096182c07d79dcfe8b004e7e3d90190cb31f261c2d5a1144089379ce3b52aabb,0,1,0,1,1,unchecked_low_calls,,104,JiuZhou,C:\Users\Exauce\Documents\smart-contract-cgt\source\ba018e49d0d07a3cd716a67d3e6de000.sol
ba2c65a3529f067ab9a620fdfd49e889,2788f15e1a68daa5fde38cea952158e30b311ce337adc6d3e2938871d34e299b,1,1,1,0,1,front_running,front_running,114,SolidiFI,C:\Users\Exauce\Documents\smart-contract-cgt\source\ba2c65a3529f067ab9a620fdfd49e889.sol
ba398b0756615ac6deb5f6b75e166043,7f699c42dd3bf22ef2a203164df31e8eaed7fc7c7bd9583922f42ffeb20de959,1,1,1,0,1,time_manipulation,time_manipulation,116,SolidiFI,C:\Users\Exauce\Documents\smart-contract-cgt\source\ba398b0756615ac6deb5f6b75e166043.sol
ba47c86acea38e0de1b239351ae09e0a,b4804e226ff02b3adf13c15b69b46527e0185bad979f85a0ed47f5b8037fb8c1,0,4,0,4,3,bad_randomness|denial_service|reentrancy,,107|113|120,Zeus|eThor,C:\Users\Exauce\Documents\smart-contract-cgt\source\ba47c86acea38e0de1b239351ae09e0a.sol
ba75b4fb49ecaa23db361c050e1082da,31aedd635e239cbf7993c8122fe78d1c026a377d476dcdb7e0d73bd6fcc0a4bc,1,6,4,2,6,arithmetic|bad_randomness|denial_service|front_running|reentrancy|unchecked_low_calls,arithmetic|bad_randomness|front_running|unchecked_low_calls,101|104|107|113|114|120,Zeus,C:\Users\Exauce\Documents\smart-contract-cgt\source\ba75b4fb49ecaa23db361c050e1082da.sol
ba75b91f513cdeb116ae91da6137e2d0,3bf2e55bcf4465d372b3fe574090e96fdbbb8824d42384b371b1f2955a09ce3c,1,5,1,4,4,bad_randomness|denial_service|reentrancy|unchecked_low_calls,bad_randomness,104|107|113|120|128,CodeSmells,C:\Users\Exauce\Documents\smart-contract-cgt\source\ba75b91f513cdeb116ae91da6137e2d0.sol
bac37773ed7fc5b30ac7b57874456124,ef54994f6258b13553a71224e00f88acba6d5808d386e8694ce83b2c24e43f36,1,1,1,0,1,front_running,front_running,114,SolidiFI,C:\Users\Exauce\Documents\smart-contract-cgt\source\bac37773ed7fc5b30ac7b57874456124.sol
bae905d76ed5cce064dd9189e57154b1,3655f528209686622c0639a5b0d276408ffc5e16a094f844ef9f066ca494cadb,1,1,1,0,1,front_running,front_running,114,EthRacer,C:\Users\Exauce\Documents\smart-contract-cgt\source\bae905d76ed5cce064dd9189e57154b1.sol
baf7d9a4f82ca5fedd1e8264443cb6fd,bc79aa66f28b3ec86367b5171bd79900cc34c4a69d39889210a8d65a622104ef,1,6,1,5,6,arithmetic|bad_randomness|denial_service|front_running|reentrancy|unchecked_low_calls,arithmetic,101|104|107|113|114|120,Zeus,C:\Users\Exauce\Documents\smart-contract-cgt\source\baf7d9a4f82ca5fedd1e8264443cb6fd.sol
bb17a0093e9958e1cc4b668f9ca97514,83e9228c95ec22b2ecd1f587b87a6f795f38a72b445ef1d92e401c472d790a5e,1,7,2,5,6,arithmetic|bad_randomness|denial_service|front_running|reentrancy|unchecked_low_calls,arithmetic|front_running,101|104|107|113|114|120,Zeus|eThor,C:\Users\Exauce\Documents\smart-contract-cgt\source\bb17a0093e9958e1cc4b668f9ca97514.sol
bb67c140578e1f23a24425085f5bca8e,0ccb6dfb2057bed5528c520eb2903f0cd9a2845e31f5bc9b959a8cb92eb9fa47,1,7,3,4,6,arithmetic|bad_randomness|denial_service|front_running|reentrancy|unchecked_low_calls,arithmetic|denial_service|reentrancy,101|104|107|113|114|120,Zeus|eThor,C:\Users\Exauce\Documents\smart-contract-cgt\source\bb67c140578e1f23a24425085f5bca8e.sol
bbb71945c27adb7e562bb42ab3a610bb,eec7dc741b7e8fff5cbbb95ba1ca150123b54047777ce7f312e48b5d55671561,1,2,2,0,1,denial_service,denial_service,113|128,NotSoSmartC,C:\Users\Exauce\Documents\smart-contract-cgt\source\bbb71945c27adb7e562bb42ab3a610bb.sol
bbc1345212ec699ebe601c0221b070ef,cf848ecc02382191560c7d40eeb7a3afd778b24d0a4af0758dbe28492fdf0a5e,1,7,4,3,6,arithmetic|bad_randomness|denial_service|front_running|reentrancy|unchecked_low_calls,arithmetic|denial_service|front_running|unchecked_low_calls,101|104|107|113|114|120,Zeus|eThor,C:\Users\Exauce\Documents\smart-contract-cgt\source\bbc1345212ec699ebe601c0221b070ef.sol
bbebbb3a6132e658d463c2de5716ec98,e39725bd57454c880348f88984b43589ccd6a561cfd43b477e1e12ecce7fb996,0,1,0,1,1,reentrancy,,107,Doublade,C:\Users\Exauce\Documents\smart-contract-cgt\source\bbebbb3a6132e658d463c2de5716ec98.sol
bc03bc214e6175946d71fb5d82d3f209,e5ddc6b36e80a1bf66e498ae0c3dc25dad163542cee7430ef6c341d5b1df7005,1,11,1,10,6,arithmetic|bad_randomness|denial_service|front_running|reentrancy|unchecked_low_calls,denial_service,101|104|107|113|114|120,NPChecker|Zeus,C:\Users\Exauce\Documents\smart-contract-cgt\source\bc03bc214e6175946d71fb5d82d3f209.sol
bc18223caf13ec34b42aba9e4eb36cb3,3d25dd3b33bafd68e0c4f5f4c06302423e48a085b0f1dc4b12832b80326acb28,0,5,0,5,4,bad_randomness|denial_service|reentrancy|unchecked_low_calls,,104|107|113|120|128,CodeSmells,C:\Users\Exauce\Documents\smart-contract-cgt\source\bc18223caf13ec34b42aba9e4eb36cb3.sol
bc1abef02dec83776487eab6828e21ab,dd7f04270ebe5b901a05c527e6396cb94b051031fd0f7975e9e28b472be76506,1,1,1,0,1,unchecked_low_calls,unchecked_low_calls,104,Doublade,C:\Users\Exauce\Documents\smart-contract-cgt\source\bc1abef02dec83776487eab6828e21ab.sol
bc9e1013fe90cd028495ed8531df2c98,6e8e1066d98e645dfe3805138907ce223d6a67cf941039262e974d56151670ad,0,5,0,5,4,bad_randomness|denial_service|reentrancy|unchecked_low_calls,,104|107|113|120|128,CodeSmells,C:\Users\Exauce\Documents\smart-contract-cgt\source\bc9e1013fe90cd028495ed8531df2c98.sol
bceadcc140d54735bb49d5d0af2c7c80,5958acb90fb4553e10a7b64d7846ca6183f569de68a766f22d95ec217f832133,1,1,1,0,1,arithmetic,arithmetic,101,SolidiFI,C:\Users\Exauce\Documents\smart-contract-cgt\source\bceadcc140d54735bb49d5d0af2c7c80.sol
bcfb41bde49b64c80b098f6e790a4682,00d5bf18bc27fec598382a667f3eedc47d51beb2e5a13ba831432e293f3e689f,0,5,0,5,4,bad_randomness|denial_service|reentrancy|unchecked_low_calls,,104|107|113|120|128,CodeSmells,C:\Users\Exauce\Documents\smart-contract-cgt\source\bcfb41bde49b64c80b098f6e790a4682.sol
bd18ec7ff75ca9b21952c2121a47510b,72f68d0ceb8b17a2ec7d5249ad0c566c967a9572166a6bb6dfb582a5f79330cf,1,1,1,0,1,front_running,front_running,114,EthRacer,C:\Users\Exauce\Documents\smart-contract-cgt\source\bd18ec7ff75ca9b21952c2121a47510b.sol
bd1e5b72a7af197ed11f600a72cf88de,1b37ddf87550666326fbbaeb46d676df224581347c4bf1f7971aad29d937e436,1,7,3,4,6,arithmetic|bad_randomness|denial_service|front_running|reentrancy|unchecked_low_calls,arithmetic|front_running|unchecked_low_calls,101|104|107|113|114|120,Zeus|eThor,C:\Users\Exauce\Documents\smart-contract-cgt\source\bd1e5b72a7af197ed11f600a72cf88de.sol
bd6213de4ba421e2b5b757bb0c1e359d,ba12d0aaf01ce511b8adf42003a6245f6f5e5081a22fdf46215d977bfa31b7c3,1,7,3,4,6,arithmetic|bad_randomness|denial_service|front_running|reentrancy|unchecked_low_calls,arithmetic|front_running|unchecked_low_calls,101|104|107|113|114|120,Zeus|eThor,C:\Users\Exauce\Documents\smart-contract-cgt\source\bd6213de4ba421e2b5b757bb0c1e359d.sol
bd6fd5b69d6b3242234a0a3cdc0f4a8f,8fbe51f2b216ad00b543d5779561926037572327f2b44f79cafb5b341f2dbe0a,1,1,1,0,1,bad_randomness,bad_randomness,120,ContractFuzzer,C:\Users\Exauce\Documents\smart-contract-cgt\source\bd6fd5b69d6b3242234a0a3cdc0f4a8f.sol
bd7662ae83ebb128239184eed056eabc,97fa36abb58b4f38c397d63526742832f8f9d53bebf0b4b7a3bff2a4f095c73d,1,1,1,0,1,unchecked_low_calls,unchecked_low_calls,104,Doublade,C:\Users\Exauce\Documents\smart-contract-cgt\source\bd7662ae83ebb128239184eed056eabc.sol
bd8fb94ce68305d53b7cb2378211008b,95b0f9e8f01435d195e07a34041be398ad379f2b3ecea4c08462f919a0cc4e1f,1,1,1,0,1,time_manipulation,time_manipulation,116,SolidiFI,C:\Users\Exauce\Documents\smart-contract-cgt\source\bd8fb94ce68305d53b7cb2378211008b.sol
bd9b469f7e44b99a7c9d3c3c1f25308e,f33b5a56ea79b609d395eee0437b796594980ea731b19d20a6fb82d64b43bb40,0,5,0,5,4,bad_randomness|denial_service|reentrancy|unchecked_low_calls,,104|107|113|120|128,CodeSmells,C:\Users\Exauce\Documents\smart-contract-cgt\source\bd9b469f7e44b99a7c9d3c3c1f25308e.sol
bd9dd8bf1ac11515edf23d52fc9ce763,ade53657e4883341dee695f7c30384f1a46c18c1f8ba36af8dfd4c161bdcb136,0,5,0,5,4,bad_randomness|denial_service|reentrancy|unchecked_low_calls,,104|107|113|120|128,CodeSmells,C:\Users\Exauce\Documents\smart-contract-cgt\source\bd9dd8bf1ac11515edf23d52fc9ce763.sol
bdbfc96feefc3a7fffd06cb83639342d,fb7d363afe60359e514fd37e274a3ee821a3fc48cf2ac54fcbe18301cceb4c4f,1,1,1,0,1,front_running,front_running,114,EthRacer,C:\Users\Exauce\Documents\smart-contract-cgt\source\bdbfc96feefc3a7fffd06cb83639342d.sol
bdea43b3065d81a9b15057e2d8a1bfb2,d854cd8acb5678f5498dc827fa6b7d893e204d6a5fef1b5e168d419eb0aec7f5,0,1,0,1,1,front_running,,114,EthRacer,C:\Users\Exauce\Documents\smart-contract-cgt\source\bdea43b3065d81a9b15057e2d8a1bfb2.sol
be1d9f07674a9947d56bf12428ac61cc,741a4a14ed2f706a3fafc4d24f3d6aefe9d3641255fa75448500eb7d8cb13620,0,1,0,1,1,front_running,,114,EthRacer,C:\Users\Exauce\Documents\smart-contract-cgt\source\be1d9f07674a9947d56bf12428ac61cc.sol
be23a920e0816b5cb9a3f8a657e7232d,b603240fdd753428b04f35fd1209c399736d32c767155c15a5b4fcac4562ffd9,0,1,0,1,1,front_running,,114,EthRacer,C:\Users\Exauce\Documents\smart-contract-cgt\source\be23a920e0816b5cb9a3f8a657e7232d.sol
be35a2601813a74f5a81b6bb52c103e9,06f0a3585f50bdebe835f86147a123f0817dea04c22e202f7cba398f376b2278,0,5,0,5,4,bad_randomness|denial_service|reentrancy|unchecked_low_calls,,104|107|113|120|128,CodeSmells,C:\Users\Exauce\Documents\smart-contract-cgt\source\be35a2601813a74f5a81b6bb52c103e9.sol
be8bf3bcf3718ca243316f4df80ea575,c00006875e533a9fb9a4516acde345920596c071ef5f8c4b12cea92ae59692ea,0,6,0,6,6,arithmetic|bad_randomness|denial_service|front_running|reentrancy|unchecked_low_calls,,101|104|107|113|114|120,Zeus,C:\Users\Exauce\Documents\smart-contract-cgt\source\be8bf3bcf3718ca243316f4df80ea575.sol
becbee11db1aaa1611f720a99dfa8ad9,f69eabd25b5efe8e08fa4bed5716854b6c583117124407c490bc955f72a14335,1,1,1,0,1,reentrancy,reentrancy,107,EverEvolvingG,C:\Users\Exauce\Documents\smart-contract-cgt\source\becbee11db1aaa1611f720a99dfa8ad9.sol
bef2abc692785b7915882c9b213d34c5,5cf6267265abfe9fc0f799b9f64260cd915b6cd9a278e18218f7938aa3f60fc9,1,6,1,5,6,arithmetic|bad_randomness|denial_service|front_running|reentrancy|unchecked_low_calls,unchecked_low_calls,101|104|107|113|114|120,Zeus|eThor,C:\Users\Exauce\Documents\smart-contract-cgt\source\bef2abc692785b7915882c9b213d34c5.sol
bf04346ddf0338682d8bea38cb717736,927713c213b96b51b56501e4def07636595830e52703e7615033e5a069ebfa8d,0,5,0,5,4,bad_randomness|denial_service|reentrancy|unchecked_low_calls,,104|107|113|120|128,CodeSmells,C:\Users\Exauce\Documents\smart-contract-cgt\source\bf04346ddf0338682d8bea38cb717736.sol
bf0a656f5a377410936c159c459a9b4f,4a59645dd1b57a4d1cc871ecbd5ffab3d6fae8ce17fe6eea807310ee4101b405,1,1,1,0,1,time_manipulation,time_manipulation,116,ContractFuzzer,C:\Users\Exauce\Documents\smart-contract-cgt\source\bf0a656f5a377410936c159c459a9b4f.sol
bf2af91f38da86eb0c25ca4f98816b69,a3b37f71f234b40e2b0c609c369f708cc903e0921d0dc9c672dc17393926ce56,0,5,0,5,4,bad_randomness|denial_service|reentrancy|unchecked_low_calls,,104|107|113|120|128,CodeSmells,C:\Users\Exauce\Documents\smart-contract-cgt\source\bf2af91f38da86eb0c25ca4f98816b69.sol
bf2dae18806681f9676b01b984d5d065,3b14b39ed1db3d05f6ade7dde046db9d90f6e2228b333141355b3b2d83a4fef6,0,1,0,1,1,reentrancy,,107,Doublade,C:\Users\Exauce\Documents\smart-contract-cgt\source\bf2dae18806681f9676b01b984d5d065.sol
bf31e226b9fb15240db3d7307c6e54d0,a484f1de2d5d0ac521fef5bd54d6eb69d691559a0b567a07848fb5ccb5485435,0,5,0,5,4,bad_randomness|denial_service|reentrancy|unchecked_low_calls,,104|107|113|120|128,CodeSmells,C:\Users\Exauce\Documents\smart-contract-cgt\source\bf31e226b9fb15240db3d7307c6e54d0.sol
bf37c4c55b5124bc418efd7418d249f0,a26c058dd00b79b1ba1f578ec1b99e26a71e91a1d4e4bed06de8b701a7547911,1,7,1,6,6,arithmetic|bad_randomness|denial_service|front_running|reentrancy|unchecked_low_calls,reentrancy,101|104|107|113|114|120,Zeus|eThor,C:\Users\Exauce\Documents\smart-contract-cgt\source\bf37c4c55b5124bc418efd7418d249f0.sol
bf78f99f096987ca444f6a8ea28142cb,d0f4d88e9c57387257405495a8f60fb645b76ad0dcbf72dc6f6cf1c414721c03,1,1,1,0,1,bad_randomness,bad_randomness,120,ContractFuzzer,C:\Users\Exauce\Documents\smart-contract-cgt\source\bf78f99f096987ca444f6a8ea28142cb.sol
bfefe4003cddd929bd86d180e451e732,bb0d40d92d1af0677a415693399033c4fab26b6d6fbc8bff889f8019f2e8e3c4,1,7,3,4,6,arithmetic|bad_randomness|denial_service|front_running|reentrancy|unchecked_low_calls,arithmetic|front_running|unchecked_low_calls,101|104|107|113|114|120,Zeus|eThor,C:\Users\Exauce\Documents\smart-contract-cgt\source\bfefe4003cddd929bd86d180e451e732.sol
c028b7485dcd3c24c82db62a577046ef,bb4b15aeda09f9a9edb8407fdf76a5f21f085c3afd317e29102d9495966fd96f,0,5,0,5,4,bad_randomness|denial_service|reentrancy|unchecked_low_calls,,104|107|113|120|128,CodeSmells,C:\Users\Exauce\Documents\smart-contract-cgt\source\c028b7485dcd3c24c82db62a577046ef.sol
c084f5a97a2e277f7b89a666b56bdc18,2497f6a9006704f2dec5bf60b7454e38685579b2d3ac4b2340998f6494c48766,0,6,0,6,6,arithmetic|bad_randomness|denial_service|front_running|reentrancy|unchecked_low_calls,,101|104|107|113|114|120,Zeus,C:\Users\Exauce\Documents\smart-contract-cgt\source\c084f5a97a2e277f7b89a666b56bdc18.sol
c08844d442ba19ddd7a784e4d8070376,d9d7859af92084f3441e99490ca548ccf63dff5e34c7d8b59d081a386dd92641,0,5,0,5,4,bad_randomness|denial_service|reentrancy|unchecked_low_calls,,104|107|113|120|128,CodeSmells,C:\Users\Exauce\Documents\smart-contract-cgt\source\c08844d442ba19ddd7a784e4d8070376.sol
c0a55122072a2af24cff4ed6f967efa4,4caa07e9d0316cf258ae2d146028eb3e5239d3f654ad27ff4ffdaf94d2c7f68d,1,1,1,0,1,front_running,front_running,114,SolidiFI,C:\Users\Exauce\Documents\smart-contract-cgt\source\c0a55122072a2af24cff4ed6f967efa4.sol
c124f5f08d7431d62130a82b76dff89d,ebdf06d8fc792a236b46ce7acd4e9c2bee591c457d1e67f74d89fa1cdc929901,1,7,2,5,6,arithmetic|bad_randomness|denial_service|front_running|reentrancy|unchecked_low_calls,arithmetic|denial_service,101|104|107|113|114|120,Zeus|eThor,C:\Users\Exauce\Documents\smart-contract-cgt\source\c124f5f08d7431d62130a82b76dff89d.sol
c155eecdc6d42d9427b489da45d75627,5e747875266d7503fb71194f35eb7f472dc9d72d6d0ce93d67b93c612f6b88bc,1,1,1,0,1,reentrancy,reentrancy,107,SolidiFI,C:\Users\Exauce\Documents\smart-contract-cgt\source\c155eecdc6d42d9427b489da45d75627.sol
c172863d17f277b705cbf6720069f756,fa45464793863b7cf3415388fb752e86c36c8e587946e7410945f04f36a29020,1,7,1,6,6,arithmetic|bad_randomness|denial_service|front_running|reentrancy|unchecked_low_calls,denial_service,101|104|107|113|114|120,Zeus|eThor,C:\Users\Exauce\Documents\smart-contract-cgt\source\c172863d17f277b705cbf6720069f756.sol
c17588773501374a0518ae1d65f72433,c18ef2c28f6b3379824ef0e4823d4c37eea4666b17ca888f333643f6328222ce,0,6,0,6,6,arithmetic|bad_randomness|denial_service|front_running|reentrancy|unchecked_low_calls,,101|104|107|113|114|120,Zeus,C:\Users\Exauce\Documents\smart-contract-cgt\source\c17588773501374a0518ae1d65f72433.sol
c19bad2486856869eef221576194b721,7a62fc25d93c81d7d971c34135a2648327a4e13572e70a6c3a61dd1674a7750d,1,6,4,2,6,arithmetic|bad_randomness|denial_service|front_running|reentrancy|unchecked_low_calls,arithmetic|denial_service|front_running|unchecked_low_calls,101|104|107|113|114|120,Zeus,C:\Users\Exauce\Documents\smart-contract-cgt\source\c19bad2486856869eef221576194b721.sol
c206245d6caa7135bccfbab9f4404d23,be3b4e43816e5783ace26ec8965944819e8cb3c5515a843e906f7574a2698d20,1,1,1,0,1,front_running,front_running,114,SolidiFI,C:\Users\Exauce\Documents\smart-contract-cgt\source\c206245d6caa7135bccfbab9f4404d23.sol
c20de2ed57efa2a2bd6dfc0f234013ed,5a5d67c1126d96f24426650a4cb037f4feddd01abc71054112470d572b8c8c17,1,6,4,2,6,arithmetic|bad_randomness|denial_service|front_running|reentrancy|unchecked_low_calls,arithmetic|denial_service|front_running|unchecked_low_calls,101|104|107|113|114|120,Zeus,C:\Users\Exauce\Documents\smart-contract-cgt\source\c20de2ed57efa2a2bd6dfc0f234013ed.sol
c215228a920394748f6bcfc25baf56e6,7ae8614f84801d21b266212a73ffd9366c3d50e7096eb95b5bf2c96980db35a4,0,5,0,5,4,bad_randomness|denial_service|reentrancy|unchecked_low_calls,,104|107|113|120|128,CodeSmells,C:\Users\Exauce\Documents\smart-contract-cgt\source\c215228a920394748f6bcfc25baf56e6.sol
c21dc8ea873bfbdd614e04003fe63962,a2728975e9502bd7aa044611e643982e97926f33e32b881e04ee89356c0b5059,0,5,0,5,5,bad_randomness|denial_service|front_running|reentrancy|unchecked_low_calls,,104|107|113|114|120,NPChecker,C:\Users\Exauce\Documents\smart-contract-cgt\source\c21dc8ea873bfbdd614e04003fe63962.sol
c21e71c10af3b72da09ba24659338293,95c8a32948d8940c77adbc0372d300d609e16dc9377bbffd55a365ff1dbd516c,0,1,0,1,1,front_running,,114,EthRacer,C:\Users\Exauce\Documents\smart-contract-cgt\source\c21e71c10af3b72da09ba24659338293.sol
c228eaf30e8e8835e44573b39fcfd4ea,88e7884dab549985a368136891d968b4672c5f767847807cd5d9cd5e96212d5d,0,4,0,4,3,bad_randomness|denial_service|unchecked_low_calls,,104|113|120|128,CodeSmells,C:\Users\Exauce\Documents\smart-contract-cgt\source\c228eaf30e8e8835e44573b39fcfd4ea.sol
c269597bb8a0201ade3a34429355d166,36a410780793e24e3b5fd6ec4c165f0ed12d23d66bcea7d4059c08336d427534,0,5,0,5,4,bad_randomness|denial_service|reentrancy|unchecked_low_calls,,104|107|113|120|128,CodeSmells,C:\Users\Exauce\Documents\smart-contract-cgt\source\c269597bb8a0201ade3a34429355d166.sol
c26f124badb3b7c335a0ecf0008d7664,63095d614388b49e5f870c0a25ce98734cb21cd08ff8011d6aef4b6e8fe01bef,1,1,1,0,1,arithmetic,arithmetic,101,SolidiFI,C:\Users\Exauce\Documents\smart-contract-cgt\source\c26f124badb3b7c335a0ecf0008d7664.sol
c27fc45d979a95d3f4033b6f68da9bb6,5d560a045cd02cce3dffa067a1573ad46c843028062e6727f005941b4c01df59,1,1,1,0,1,reentrancy,reentrancy,107,EverEvolvingG,C:\Users\Exauce\Documents\smart-contract-cgt\source\c27fc45d979a95d3f4033b6f68da9bb6.sol
c28430394cf134981f20166b8ac1c64e,a4200f1ece2702430e5e9bf3d7204f7fcbfddf4fe12d1ec1c3c0c837a36981dc,0,5,0,5,4,bad_randomness|denial_service|reentrancy|unchecked_low_calls,,104|107|113|120|128,CodeSmells,C:\Users\Exauce\Documents\smart-contract-cgt\source\c28430394cf134981f20166b8ac1c64e.sol
c2b1bcb2fd86143a07872d286e7551d1,f07f7690702b554383e15800dc80952419679e695a95f2b1922e109f6211034e,1,1,1,0,1,front_running,front_running,114,SolidiFI,C:\Users\Exauce\Documents\smart-contract-cgt\source\c2b1bcb2fd86143a07872d286e7551d1.sol
c2c8c6e2df2855ff84dab6c604319351,7982c630831a1dc6aa0743a0659e00e7e57ba66b63d3208d21a531ec0031ac74,0,5,0,5,4,bad_randomness|denial_service|reentrancy|unchecked_low_calls,,104|107|113|120|128,CodeSmells,C:\Users\Exauce\Documents\smart-contract-cgt\source\c2c8c6e2df2855ff84dab6c604319351.sol
c2db2160c55e9ee5e15d630dc7f0f065,c172fd16313cca84ab4d92b805fbf585ce34f445e98aa856ff0bda310faa8aea,0,6,0,6,6,arithmetic|bad_randomness|denial_service|front_running|reentrancy|unchecked_low_calls,,101|104|107|113|114|120,Zeus,C:\Users\Exauce\Documents\smart-contract-cgt\source\c2db2160c55e9ee5e15d630dc7f0f065.sol
c318eda6d6dc069417dabd3e6202a134,4a1f534cea888f6c077b5caef3c031c9f131effba975b365e3a6f7ff792290f3,1,1,1,0,1,unchecked_low_calls,unchecked_low_calls,104,ContractFuzzer,C:\Users\Exauce\Documents\smart-contract-cgt\source\c318eda6d6dc069417dabd3e6202a134.sol
c319c9d07786ccad13bb3b2ff947583d,860bf6fdd876a63c048327a3a98f850a5ae3dbf7ef16c23e212780bc2ef56076,1,17,4,13,6,arithmetic|bad_randomness|denial_service|front_running|reentrancy|unchecked_low_calls,arithmetic|reentrancy|unchecked_low_calls,101|104|107|113|114|120|128,CodeSmells|NPChecker|Zeus|eThor,C:\Users\Exauce\Documents\smart-contract-cgt\source\c319c9d07786ccad13bb3b2ff947583d.sol
c32d761855f0c46fd555357d55d2ecf8,a343badbe1a7188ddcd23d762cee85beab54363bef8bf3922f1bc3f2843df484,1,1,1,0,1,front_running,front_running,114,SolidiFI,C:\Users\Exauce\Documents\smart-contract-cgt\source\c32d761855f0c46fd555357d55d2ecf8.sol
c3419c7ed38310327f053dc3f3a26638,783c80f2e3d011652204ca63367ecbe7a41590841e03998c16a3a3d59ee16cb7,1,1,1,0,1,denial_service,denial_service,113,Doublade,C:\Users\Exauce\Documents\smart-contract-cgt\source\c3419c7ed38310327f053dc3f3a26638.sol
c344bf59b3a6e98b99143beaf895520d,63c6dfbeaa85d5f036971c4cbf463bafb006b91572631891f823d0a0a8b698df,1,1,1,0,1,time_manipulation,time_manipulation,116,ContractFuzzer,C:\Users\Exauce\Documents\smart-contract-cgt\source\c344bf59b3a6e98b99143beaf895520d.sol
c345948aa72330d38cf07554482748f4,fc60780d89d51907095b9d19ff3e4f79797c743aa417a95854bb7fc54014a1e0,1,6,2,4,6,arithmetic|bad_randomness|denial_service|front_running|reentrancy|unchecked_low_calls,arithmetic|reentrancy,101|104|107|113|114|120,Zeus,C:\Users\Exauce\Documents\smart-contract-cgt\source\c345948aa72330d38cf07554482748f4.sol
c34a6f332c52c0e11ce7fe97afb453ee,bd1b47e353804473f3c8eb53a7458bf64b37a5d89a2cbf3c468578c5153f1d1f,0,2,0,2,1,reentrancy,,107,Doublade,C:\Users\Exauce\Documents\smart-contract-cgt\source\c34a6f332c52c0e11ce7fe97afb453ee.sol
c3924244c0e9e0726c12eb89234e51ae,605791a55e48887dee9f06ed930a729b0ed923c61c762f927cb69f7acc60cc0b,0,6,0,6,6,arithmetic|bad_randomness|denial_service|front_running|reentrancy|unchecked_low_calls,,101|104|107|113|114|120,Zeus,C:\Users\Exauce\Documents\smart-contract-cgt\source\c3924244c0e9e0726c12eb89234e51ae.sol
c3ac8617381f6dd433b387790b3c296f,a201a3e48a44592d9bc6ff2a929e73f603681a116ecfc7deb6e6d0ed1149a853,1,1,1,0,1,reentrancy,reentrancy,107,EverEvolvingG,C:\Users\Exauce\Documents\smart-contract-cgt\source\c3ac8617381f6dd433b387790b3c296f.sol
c3c0b21ed74dbcf384fbd1185413bbe8,937fbaf64756710c3e4889d6359b11ee8994598db9d577c326268fb723cec6b8,1,8,2,6,5,bad_randomness|denial_service|front_running|reentrancy|unchecked_low_calls,bad_randomness|unchecked_low_calls,104|107|113|114|120|128,CodeSmells|Zeus,C:\Users\Exauce\Documents\smart-contract-cgt\source\c3c0b21ed74dbcf384fbd1185413bbe8.sol
c3c24082822b14b25b98fa36f3d48677,b25c1421bd45759bb7a2b1b353ee6e852d3df48752f88abf481cf16ae98e5790,1,1,1,0,1,reentrancy,reentrancy,107,SolidiFI,C:\Users\Exauce\Documents\smart-contract-cgt\source\c3c24082822b14b25b98fa36f3d48677.sol
c3d56e418d122ab83c143f45e12fe9fd,9b0ae69963100876d25427f7494d76c639063a0687a5b4130d6a433b25cfce16,0,5,0,5,4,bad_randomness|denial_service|reentrancy|unchecked_low_calls,,104|107|113|120|128,CodeSmells,C:\Users\Exauce\Documents\smart-contract-cgt\source\c3d56e418d122ab83c143f45e12fe9fd.sol
c3e88a7dcd37d1234601d890c7e1dc69,99f9ba55b1366502657a3aa66b7f04901fb229ca5211fcc96f897e1abf7b3620,1,1,1,0,1,bad_randomness,bad_randomness,120,ContractFuzzer,C:\Users\Exauce\Documents\smart-contract-cgt\source\c3e88a7dcd37d1234601d890c7e1dc69.sol
c3e8accae894031973612246f30e22e0,78601aa33614b2ab36bf17e03b63befa5cdc7876a7ab0761173682ac603659e1,1,1,1,0,1,unchecked_low_calls,unchecked_low_calls,104,SolidiFI,C:\Users\Exauce\Documents\smart-contract-cgt\source\c3e8accae894031973612246f30e22e0.sol
c411304388a83b292eb132ed7767ae4b,a77b064c5bf3d9aea59e497ccfe1b0299fc6f41d53dd28b3a0387fbe5bd08686,1,7,3,4,6,arithmetic|bad_randomness|denial_service|front_running|reentrancy|unchecked_low_calls,arithmetic|denial_service|reentrancy,101|104|107|113|114|120,Zeus|eThor,C:\Users\Exauce\Documents\smart-contract-cgt\source\c411304388a83b292eb132ed7767ae4b.sol
c419debfa371679d1c8f644efcf33620,44c59318973a092b6aef575a6deab8bf3857e7c0348f3de96813b9aa65c90584,1,7,2,5,6,arithmetic|bad_randomness|denial_service|front_running|reentrancy|unchecked_low_calls,arithmetic|reentrancy,101|104|107|113|114|120,Zeus|eThor,C:\Users\Exauce\Documents\smart-contract-cgt\source\c419debfa371679d1c8f644efcf33620.sol
c41d52d68e8048d58344856a141a80aa,85b35e1bbab58ef37acf37ce42ef20f4edb67ec7db18cc3e765cf6e1e16182f4,1,7,3,4,6,arithmetic|bad_randomness|denial_service|front_running|reentrancy|unchecked_low_calls,arithmetic|denial_service|reentrancy,101|104|107|113|114|120,Zeus|eThor,C:\Users\Exauce\Documents\smart-contract-cgt\source\c41d52d68e8048d58344856a141a80aa.sol
c43e84e2949f1f374bee86a12b7699f7,51741b87e4a2f665f53ee56a8e2021400730066d2ade38a92e7259c894e18c04,1,1,1,0,1,unchecked_low_calls,unchecked_low_calls,104,SolidiFI,C:\Users\Exauce\Documents\smart-contract-cgt\source\c43e84e2949f1f374bee86a12b7699f7.sol
c4a21695a16860841fa342d96585d373,dfe35d6ffc85a35f6633d965667a38fbaa37523baf3338a8c392600c25eb4477,0,5,0,5,4,bad_randomness|denial_service|reentrancy|unchecked_low_calls,,104|107|113|120|128,CodeSmells,C:\Users\Exauce\Documents\smart-contract-cgt\source\c4a21695a16860841fa342d96585d373.sol
c4b1fb09fe212d61b03737c75042aa8b,37fc78a23c7d6669de164669bf83415572afb7dae7b0726574a61b161409fbc5,0,6,0,6,6,arithmetic|bad_randomness|denial_service|front_running|reentrancy|unchecked_low_calls,,101|104|107|113|114|120,Zeus,C:\Users\Exauce\Documents\smart-contract-cgt\source\c4b1fb09fe212d61b03737c75042aa8b.sol
c4c97889be1916b9c2f85aa1bdd60ee9,40aaa78a52c60dee019262c57d394b0e60409f22567399a809bd5af268a23d87,1,6,1,5,6,arithmetic|bad_randomness|denial_service|front_running|reentrancy|unchecked_low_calls,arithmetic,101|104|107|113|114|120,Zeus,C:\Users\Exauce\Documents\smart-contract-cgt\source\c4c97889be1916b9c2f85aa1bdd60ee9.sol
c4cfd5662449618dd0189cb679e20884,714a66cdbb720f90238066c7ade31aab78904c43b25736d13c883d687e06350d,0,1,0,1,1,front_running,,114,EthRacer,C:\Users\Exauce\Documents\smart-contract-cgt\source\c4cfd5662449618dd0189cb679e20884.sol
c5197f7ce2c328c95b0453336ad3a4be,aaad8d9adbb91ddf588e5e0f6907d7afdd6da63b5848036e3d82bfab8349e1c3,0,6,0,6,6,arithmetic|bad_randomness|denial_service|front_running|reentrancy|unchecked_low_calls,,101|104|107|113|114|120,Zeus,C:\Users\Exauce\Documents\smart-contract-cgt\source\c5197f7ce2c328c95b0453336ad3a4be.sol
c5383c7dab903b1d9763794f4c3ce0a8,5cbe061ca6f458dc81dc1e87c5f194e0212fd20a497b249dc420771d194912fa,1,1,1,0,1,unchecked_low_calls,unchecked_low_calls,104,Doublade,C:\Users\Exauce\Documents\smart-contract-cgt\source\c5383c7dab903b1d9763794f4c3ce0a8.sol
c554ed403e9609df3a72dcd0f374da03,35cddb8b97568fdd7d617b14f40a24aa0f6c2571c43970c8c5fd214025b3435b,1,5,4,1,5,arithmetic|bad_randomness|denial_service|front_running|unchecked_low_calls,arithmetic|denial_service|front_running|unchecked_low_calls,101|104|113|114|120,Zeus,C:\Users\Exauce\Documents\smart-contract-cgt\source\c554ed403e9609df3a72dcd0f374da03.sol
c561b78c91e779aaf4401cb14a19546f,8c9e395ded734bba6bca29a268e7897ba1de4c731776b3d3970d6ce1aefa06a7,1,7,3,4,6,arithmetic|bad_randomness|denial_service|front_running|reentrancy|unchecked_low_calls,arithmetic|front_running|unchecked_low_calls,101|104|107|113|114|120,Zeus|eThor,C:\Users\Exauce\Documents\smart-contract-cgt\source\c561b78c91e779aaf4401cb14a19546f.sol
c581caa3d3c87b76018c5da612bdebd6,0d87e826720dbd8abd0245822d43009a4d79e64de5e640e49ec0bbe624f3db4b,0,5,0,5,4,bad_randomness|denial_service|reentrancy|unchecked_low_calls,,104|107|113|120|128,CodeSmells,C:\Users\Exauce\Documents\smart-contract-cgt\source\c581caa3d3c87b76018c5da612bdebd6.sol
c59584b868fdd80450ebed89a7b9e675,b22650065ff98eaceb2fe71ef6b5807cc725abdac02319ff2a1e12209cf3ccc5,1,7,3,4,6,arithmetic|bad_randomness|denial_service|front_running|reentrancy|unchecked_low_calls,arithmetic|denial_service|front_running,101|104|107|113|114|120,Zeus|eThor,C:\Users\Exauce\Documents\smart-contract-cgt\source\c59584b868fdd80450ebed89a7b9e675.sol
c5b20adb445f9ca6d967766d3ff41612,4f971eb93810615b726a899aab4d98936df3c16d761692d9acd736dc7f7dd632,1,1,1,0,1,front_running,front_running,114,EthRacer,C:\Users\Exauce\Documents\smart-contract-cgt\source\c5b20adb445f9ca6d967766d3ff41612.sol
c5ce66e5880e5bda265bdf93091eadb3,409cc38701ec22d888b08d5cd82a365b463b9a4ef324d9086ddd8b86704293e6,1,7,2,5,6,arithmetic|bad_randomness|denial_service|front_running|reentrancy|unchecked_low_calls,arithmetic|reentrancy,101|104|107|113|114|120,Zeus|eThor,C:\Users\Exauce\Documents\smart-contract-cgt\source\c5ce66e5880e5bda265bdf93091eadb3.sol
c5f52f05d94b51f1205e75572bbb0a74,5068c60a221ebe66d6f061a414dfb0cd083cde2fdfc724eb17220122d37ee1c6,1,6,1,5,6,arithmetic|bad_randomness|denial_service|front_running|reentrancy|unchecked_low_calls,arithmetic,101|104|107|113|114|120,Zeus,C:\Users\Exauce\Documents\smart-contract-cgt\source\c5f52f05d94b51f1205e75572bbb0a74.sol
c64a9b04fd91c701e96f9a125ddea7c9,abc028ca70311a48ba62c80396fca24c865750df46b2a1b9c3ae2c84008687aa,1,7,3,4,6,arithmetic|bad_randomness|denial_service|front_running|reentrancy|unchecked_low_calls,arithmetic|denial_service|reentrancy,101|104|107|113|114|120,Zeus|eThor,C:\Users\Exauce\Documents\smart-contract-cgt\source\c64a9b04fd91c701e96f9a125ddea7c9.sol
c6712667e056b1fa05b19e6dea247361,fecb609fd8bde32deb6a2e644a0e5ea957ea9891d0fb4dc33cc63cb29f5f5edc,1,7,3,4,6,arithmetic|bad_randomness|denial_service|front_running|reentrancy|unchecked_low_calls,arithmetic|front_running|unchecked_low_calls,101|104|107|113|114|120,Zeus|eThor,C:\Users\Exauce\Documents\smart-contract-cgt\source\c6712667e056b1fa05b19e6dea247361.sol
c67d5a86d2d9cde16a772e24559fee26,759113d5291d2ca07a77f966660b2ae2e667a981a7228a06a3022e92c83c27e4,0,5,0,5,4,bad_randomness|denial_service|reentrancy|unchecked_low_calls,,104|107|113|120|128,CodeSmells,C:\Users\Exauce\Documents\smart-contract-cgt\source\c67d5a86d2d9cde16a772e24559fee26.sol
c680a8cb1839df43699fc8e96590793c,8f686cf6631b90f607f6a71a767eb1436bb4594df2bed6f08e0b05e0ae8d9e3d,1,7,3,4,6,arithmetic|bad_randomness|denial_service|front_running|reentrancy|unchecked_low_calls,arithmetic|front_running|unchecked_low_calls,101|104|107|113|114|120,Zeus|eThor,C:\Users\Exauce\Documents\smart-contract-cgt\source\c680a8cb1839df43699fc8e96590793c.sol
c6b8e96318dcdae39397fab04d3f8311,7851f8fc0902ebf96624e902175cd997b6f4a432dc32e5888781c2987835885c,1,1,1,0,1,unchecked_low_calls,unchecked_low_calls,104,SolidiFI,C:\Users\Exauce\Documents\smart-contract-cgt\source\c6b8e96318dcdae39397fab04d3f8311.sol
c6bc7996daf9cf5319935f1ba6def79e,0ab38d4f7b3bd6a029a9c232f10c13d2e4525eac531ae2adc1aed4bb7391abb6,1,3,2,1,2,reentrancy|unchecked_low_calls,unchecked_low_calls,104|107,Doublade,C:\Users\Exauce\Documents\smart-contract-cgt\source\c6bc7996daf9cf5319935f1ba6def79e.sol
c6c6fb04b96f590e611f0528951eaaff,1fc005b6d98c63726dba1d577446b4b28b0c257b35b033cb19705b24871a25fb,0,5,0,5,4,bad_randomness|denial_service|reentrancy|unchecked_low_calls,,104|107|113|120|128,CodeSmells,C:\Users\Exauce\Documents\smart-contract-cgt\source\c6c6fb04b96f590e611f0528951eaaff.sol
c74f5dbd8177dcf575847fd104010228,c8e21659ed40e6f80d81cab59d7eacb618e5954b743494e52cb421f005e27e08,1,6,3,3,5,arithmetic|bad_randomness|denial_service|reentrancy|unchecked_low_calls,arithmetic|bad_randomness|denial_service,101|104|107|113|120,Zeus|eThor,C:\Users\Exauce\Documents\smart-contract-cgt\source\c74f5dbd8177dcf575847fd104010228.sol
c85cda57e5a8a8708bc3cdd0b0591e10,305f91b9f1a71ffd1502dd9c689b370c57592185da7d710cf12774302baf0416,1,1,1,0,1,time_manipulation,time_manipulation,116,ContractFuzzer,C:\Users\Exauce\Documents\smart-contract-cgt\source\c85cda57e5a8a8708bc3cdd0b0591e10.sol
c87e3c868f10ce550586f50abe04b28c,2cbf3d5b87a9401eb39b6398f3c843299274eb98c204689d19f32355286bc1a1,1,6,3,3,6,arithmetic|bad_randomness|denial_service|front_running|reentrancy|unchecked_low_calls,arithmetic|denial_service|front_running,101|104|107|113|114|120,Zeus,C:\Users\Exauce\Documents\smart-contract-cgt\source\c87e3c868f10ce550586f50abe04b28c.sol
c8ed89a5b3a15c2f66bdd2e34fedc599,3cfb83bedbeef5fcba07a05bdcdfc633db2ffafbdad52e35f556df313f27d674,0,6,0,6,6,arithmetic|bad_randomness|denial_service|front_running|reentrancy|unchecked_low_calls,,101|104|107|113|114|120,Zeus,C:\Users\Exauce\Documents\smart-contract-cgt\source\c8ed89a5b3a15c2f66bdd2e34fedc599.sol
c91e62967b34fe655a41e6401eed8623,c1498785b216029f784ccbe2e013715154f6ca1857cb8cd36100248e4e19cb09,0,6,0,6,6,arithmetic|bad_randomness|denial_service|front_running|reentrancy|unchecked_low_calls,,101|104|107|113|114|120,Zeus,C:\Users\Exauce\Documents\smart-contract-cgt\source\c91e62967b34fe655a41e6401eed8623.sol
c93e7ddacf47f48bc4a32e519319e0d2,2b0aa4b14d2a344c11150a63b0e15a1da5c89d1be3ab913855911ff503ab5456,0,5,0,5,4,bad_randomness|denial_service|reentrancy|unchecked_low_calls,,104|107|113|120|128,CodeSmells,C:\Users\Exauce\Documents\smart-contract-cgt\source\c93e7ddacf47f48bc4a32e519319e0d2.sol
c95eab7cb390c02c35b58527b2853485,367deb2617e466af6e2a381ca6c7c12fda1cb36cb9d080ed12c42c83edb46a50,1,1,1,0,1,reentrancy,reentrancy,107,SolidiFI,C:\Users\Exauce\Documents\smart-contract-cgt\source\c95eab7cb390c02c35b58527b2853485.sol
c9637852a57f83876ad3234cdeedbb8c,425c8bbe41b273c964ea7e4e7623e62882de6b6f69d5c5366d7f641faf009d40,0,5,0,5,4,bad_randomness|denial_service|reentrancy|unchecked_low_calls,,104|107|113|120|128,CodeSmells,C:\Users\Exauce\Documents\smart-contract-cgt\source\c9637852a57f83876ad3234cdeedbb8c.sol
c980d3ebc5971f1b7ce75628fb471c9f,cbd084896818ca2c32d94e0bd94148115773fe532192141e4a4f2f59ace1636a,1,5,1,4,4,bad_randomness|denial_service|reentrancy|unchecked_low_calls,bad_randomness,104|107|113|120|128,CodeSmells,C:\Users\Exauce\Documents\smart-contract-cgt\source\c980d3ebc5971f1b7ce75628fb471c9f.sol
c98b235972487c3b733f6e5a49fb6818,b9ce79572b19707b7b14c101797a8cc0dc38ab2beb7b3a181a765101d5e74f8a,0,5,0,5,4,bad_randomness|denial_service|reentrancy|unchecked_low_calls,,104|107|113|120|128,CodeSmells,C:\Users\Exauce\Documents\smart-contract-cgt\source\c98b235972487c3b733f6e5a49fb6818.sol
c9955f0b5d7553e55284fa7e82017c1e,7f727c0c44854a8b98d5aad83ce740b6ab65107b3dfc29ed36c42205f1340833,1,1,1,0,1,arithmetic,arithmetic,101,SolidiFI,C:\Users\Exauce\Documents\smart-contract-cgt\source\c9955f0b5d7553e55284fa7e82017c1e.sol
c9bc3256cdc71bcb1fafada59579f6b6,5f1bd2cdc402f10f69596af8dd217d6c927b033ed44b1d466c4e1ec7b99e3c11,0,6,0,6,6,arithmetic|bad_randomness|denial_service|front_running|reentrancy|unchecked_low_calls,,101|104|107|113|114|120,Zeus,C:\Users\Exauce\Documents\smart-contract-cgt\source\c9bc3256cdc71bcb1fafada59579f6b6.sol
c9f076bd0b2a922c09ca03526acc6919,a435b9ecd4b5cf3c6d2313c5b8c9a2e448e93ce347e99dd493bafe6f03b9acac,0,6,0,6,6,arithmetic|bad_randomness|denial_service|front_running|reentrancy|unchecked_low_calls,,101|104|107|113|114|120,Zeus,C:\Users\Exauce\Documents\smart-contract-cgt\source\c9f076bd0b2a922c09ca03526acc6919.sol
ca30ea7e62acccfd86d31727c1034a14,a054c93089bbb5703ea2a384e3b0976458989ddbafbac8a8e3ad107dfaed5da9,0,5,0,5,4,bad_randomness|denial_service|reentrancy|unchecked_low_calls,,104|107|113|120|128,CodeSmells,C:\Users\Exauce\Documents\smart-contract-cgt\source\ca30ea7e62acccfd86d31727c1034a14.sol
ca3b61dfbb1186317338bc22515e77e8,a1236f37c75c40fd0fa5500f5e64c8f06a67fb6a7ce03a143dfeff52163e5ead,1,6,1,5,6,arithmetic|bad_randomness|denial_service|front_running|reentrancy|unchecked_low_calls,arithmetic,101|104|107|113|114|120,Zeus,C:\Users\Exauce\Documents\smart-contract-cgt\source\ca3b61dfbb1186317338bc22515e77e8.sol
ca577c0f1d765ba58726af1d9895cf3c,54bce82aba3df9e975cbbb7e6b433f13d44cbcd600a137331b86fbda543ca2b0,1,7,3,4,6,arithmetic|bad_randomness|denial_service|front_running|reentrancy|unchecked_low_calls,arithmetic|denial_service|reentrancy,101|104|107|113|114|120,Zeus|eThor,C:\Users\Exauce\Documents\smart-contract-cgt\source\ca577c0f1d765ba58726af1d9895cf3c.sol
cae97654b597003da41941406a92b94b,303f07e2130a176f4dd2e1f72320f70c9f10ec7764a6d4b4a9fd0e1d39976103,0,1,0,1,1,reentrancy,,107,Doublade,C:\Users\Exauce\Documents\smart-contract-cgt\source\cae97654b597003da41941406a92b94b.sol
caecfb8268e5383b828204ac63b5ea96,c2adc23cef700cd226e15b415ef01254216fda88432986bbbef7d3d78baf52d1,0,1,0,1,1,reentrancy,,107,eThor,C:\Users\Exauce\Documents\smart-contract-cgt\source\caecfb8268e5383b828204ac63b5ea96.sol
cb01d4e260c5a26df17ff348a50e6d3e,1425fea599b4d4e5ec20268b0d4f922c781be045c9f9c916f178a32d996e825f,1,1,1,0,1,unchecked_low_calls,unchecked_low_calls,104,SolidiFI,C:\Users\Exauce\Documents\smart-contract-cgt\source\cb01d4e260c5a26df17ff348a50e6d3e.sol
cb0bad9bacb0b07b3ef9b8386fc7c133,e5c86885996024eee550a54a6ad88707f1ecce8dae9d2fdc45ba08c1cf6773ee,0,4,0,4,3,bad_randomness|denial_service|unchecked_low_calls,,104|113|120|128,CodeSmells,C:\Users\Exauce\Documents\smart-contract-cgt\source\cb0bad9bacb0b07b3ef9b8386fc7c133.sol
cb3bc4b930a98627b90df11e69bc5ce4,56724f94305f769cae8cc87a1945ded80826f3dde19eeb9a7a6c234de5add3f1,1,1,1,0,1,front_running,front_running,114,SolidiFI,C:\Users\Exauce\Documents\smart-contract-cgt\source\cb3bc4b930a98627b90df11e69bc5ce4.sol
cbcd9f271ffaad57ef9735eadd89544d,2de8ecc9840b9b98384d61d188866c0425c0cf7d49b57ad9377ae484be9f38f2,0,5,0,5,4,bad_randomness|denial_service|reentrancy|unchecked_low_calls,,104|107|113|120|128,CodeSmells,C:\Users\Exauce\Documents\smart-contract-cgt\source\cbcd9f271ffaad57ef9735eadd89544d.sol
cbe4e1a3be73b3d3cb151202c48ea35b,97931794ef1f8b0e6075688681ccc2efe9f823467411c8cb4245399367a95930,1,1,1,0,1,reentrancy,reentrancy,107,JiuZhou,C:\Users\Exauce\Documents\smart-contract-cgt\source\cbe4e1a3be73b3d3cb151202c48ea35b.sol
cc144ec6dde77ff2c0380c4108d86da2,7452da3879fa628de3d1eb5019cef32df414af316d932dd423ccdbd9c14dfeb2,1,6,1,5,6,arithmetic|bad_randomness|denial_service|front_running|reentrancy|unchecked_low_calls,arithmetic,101|104|107|113|114|120,Zeus,C:\Users\Exauce\Documents\smart-contract-cgt\source\cc144ec6dde77ff2c0380c4108d86da2.sol
cc828feae5545c0ad5749f525ce1c2a2,819390dcae29bf33965ca046c79adcf3162d223016f6ec487ff4f43161511875,1,7,3,4,6,arithmetic|bad_randomness|denial_service|front_running|reentrancy|unchecked_low_calls,arithmetic|bad_randomness|front_running,101|104|107|113|114|120,Zeus|eThor,C:\Users\Exauce\Documents\smart-contract-cgt\source\cc828feae5545c0ad5749f525ce1c2a2.sol
cca90b840459f9d295c9528f026aedfc,b6ded640b755da4ffbc0b8a598109b99041a524e04de62789b89bc54cb1e287a,0,7,0,7,6,arithmetic|bad_randomness|denial_service|front_running|reentrancy|unchecked_low_calls,,101|104|107|113|114|120,Zeus|eThor,C:\Users\Exauce\Documents\smart-contract-cgt\source\cca90b840459f9d295c9528f026aedfc.sol
ccaaeeb118de7427945743ed5e655e8d,4db55f0c83f254fde92d20b3e94d78f9a049a53c54151be355855fa7084230ec,1,1,1,0,1,reentrancy,reentrancy,107,ContractFuzzer,C:\Users\Exauce\Documents\smart-contract-cgt\source\ccaaeeb118de7427945743ed5e655e8d.sol
cced1c3ef0efb6734400310fd46f7ba9,aca3690031a30a017ec140fb38b0fedddeeae5a2072a46d04ff80d5fdd3bd1ee,1,6,1,5,5,bad_randomness|denial_service|reentrancy|time_manipulation|unchecked_low_calls,time_manipulation,104|107|113|116|120|128,CodeSmells|ContractFuzzer,C:\Users\Exauce\Documents\smart-contract-cgt\source\cced1c3ef0efb6734400310fd46f7ba9.sol
cd0c01291be1ee8ae25897e1248050c2,e3a1bf10efc55245f22ddc647a9de1c66bc80ac17e37dbf376facddb9fa3e451,0,1,0,1,1,reentrancy,,107,Doublade,C:\Users\Exauce\Documents\smart-contract-cgt\source\cd0c01291be1ee8ae25897e1248050c2.sol
cd456e25f831bd62a20244dc3835aaa1,5b47c2f0920e789af82eb299b0e240a0fe1a3d78ef28b46031e0df8495fea820,1,1,1,0,1,time_manipulation,time_manipulation,116,SolidiFI,C:\Users\Exauce\Documents\smart-contract-cgt\source\cd456e25f831bd62a20244dc3835aaa1.sol
cd5cc0f708be07d9eddd735b0814ee2c,8330b099a90b4249ef6520e13f76d9a0d384c5ad084d536768c79ee13839320a,0,5,0,5,5,bad_randomness|denial_service|front_running|reentrancy|unchecked_low_calls,,104|107|113|114|120,NPChecker,C:\Users\Exauce\Documents\smart-contract-cgt\source\cd5cc0f708be07d9eddd735b0814ee2c.sol
cd5d4b64f56290e306066f132b76be86,c1fdca945c11088fa495e070620b9c729533bd64b518f5a255701e5ff0b5e089,1,1,1,0,1,reentrancy,reentrancy,107,SolidiFI,C:\Users\Exauce\Documents\smart-contract-cgt\source\cd5d4b64f56290e306066f132b76be86.sol
cd7b42cc3b01f08f57ba4c593dd9cf9a,dcf95ef1f05af420d4a156ccff6d227404ee01955c8ac1cc6d64778bf12993fc,1,1,1,0,1,front_running,front_running,114,NotSoSmartC,C:\Users\Exauce\Documents\smart-contract-cgt\source\cd7b42cc3b01f08f57ba4c593dd9cf9a.sol
cda2ea73e72d6ab30484d6b81d3cfdfa,a756f548c315b266792aa7d5c2b7c51ad6f4fc70933ed70d0ce75f6d9560d321,1,7,3,4,6,arithmetic|bad_randomness|denial_service|front_running|reentrancy|unchecked_low_calls,arithmetic|front_running|unchecked_low_calls,101|104|107|113|114|120,Zeus|eThor,C:\Users\Exauce\Documents\smart-contract-cgt\source\cda2ea73e72d6ab30484d6b81d3cfdfa.sol
cdb8ca9da6bb4dc0c63586e46f503234,2e5301a9174d867cde0a8eb282bc2621bffe6b677721dd0fb10a7127d2d8957c,0,7,0,7,6,arithmetic|bad_randomness|denial_service|front_running|reentrancy|unchecked_low_calls,,101|104|107|113|114|120,Zeus|eThor,C:\Users\Exauce\Documents\smart-contract-cgt\source\cdb8ca9da6bb4dc0c63586e46f503234.sol
cdba49c9a6de3eb06a7dccc38e173171,18cf6a2fff6513c04eabb81f817778389a47a90fcda1a67f781da84cf3815c93,1,1,1,0,1,bad_randomness,bad_randomness,120,ContractFuzzer,C:\Users\Exauce\Documents\smart-contract-cgt\source\cdba49c9a6de3eb06a7dccc38e173171.sol
cdda336d7b70475113fcf01536e6c032,fa3b74c1b1aa3202776bdb1a0a9c435e7ff50170bc3c5a83bebb916effa5667a,0,4,0,4,3,bad_randomness|denial_service|unchecked_low_calls,,104|113|120|128,CodeSmells,C:\Users\Exauce\Documents\smart-contract-cgt\source\cdda336d7b70475113fcf01536e6c032.sol
ce041db8a29969f4ab760703bc1c67cf,ef95bcc6b372abe09a455ea7b55e1d2f4ae8bfe99f5426ddce4f58d10facc4d5,0,12,0,12,6,arithmetic|bad_randomness|denial_service|front_running|reentrancy|unchecked_low_calls,,101|104|107|113|114|120,NPChecker|Zeus|eThor,C:\Users\Exauce\Documents\smart-contract-cgt\source\ce041db8a29969f4ab760703bc1c67cf.sol
ce0b00d863b0d755c526ee0f8a9b8c76,b414d5365af54dc0496a13fa34e2462c89a4c001a52ad40db01c25ad20d22db3,0,5,0,5,4,bad_randomness|denial_service|reentrancy|unchecked_low_calls,,104|107|113|120|128,CodeSmells,C:\Users\Exauce\Documents\smart-contract-cgt\source\ce0b00d863b0d755c526ee0f8a9b8c76.sol
ce2c268994894ce68931a375392d738e,d3e6c39bb75dbba5e67dae57ed8a5fb059730968542a3fbb37f30a7effc012eb,1,1,1,0,1,reentrancy,reentrancy,107,SWCregistry,C:\Users\Exauce\Documents\smart-contract-cgt\source\ce2c268994894ce68931a375392d738e.sol
ce6b1223eb36dc86fb1c4f336d82b622,35b1937b8afef667a0d58ca7216c10ba11b4295cb1b79e1f09f447250fe1961d,0,1,0,1,1,front_running,,114,EthRacer,C:\Users\Exauce\Documents\smart-contract-cgt\source\ce6b1223eb36dc86fb1c4f336d82b622.sol
cf02bd579e0c085c36c30226ecf108fb,f6b304b1ed98e4fad7ade8b8afdf92c9b38c79c046b9262e89a177f10dfef0ab,0,6,0,6,6,arithmetic|bad_randomness|denial_service|front_running|reentrancy|unchecked_low_calls,,101|104|107|113|114|120,Zeus,C:\Users\Exauce\Documents\smart-contract-cgt\source\cf02bd579e0c085c36c30226ecf108fb.sol
cf041f536e72b33461457eeaad4f03bc,3f87266589718fe6b086a7d11b0b1d95f8c710e19585baf4ea5f2d078fefc31d,0,6,0,6,6,arithmetic|bad_randomness|denial_service|front_running|reentrancy|unchecked_low_calls,,101|104|107|113|114|120,Zeus,C:\Users\Exauce\Documents\smart-contract-cgt\source\cf041f536e72b33461457eeaad4f03bc.sol
cf38068ebfa6ce6d261925c809d7afe2,fafcc285d25e051254068ce014677d741ba139455bed6c9e05d1428bd67c2c93,1,13,2,11,6,arithmetic|bad_randomness|denial_service|front_running|reentrancy|unchecked_low_calls,unchecked_low_calls,101|104|107|113|114|120|128,CodeSmells|ContractFuzzer|Zeus|eThor,C:\Users\Exauce\Documents\smart-contract-cgt\source\cf38068ebfa6ce6d261925c809d7afe2.sol
cf452d3887ff0671cb3e61d3d817d737,8e5c0cdd06bdda061940e3a4684936db93009bf804b34b77a60c630ba6249cc7,1,6,2,4,5,arithmetic|bad_randomness|denial_service|reentrancy|unchecked_low_calls,arithmetic|unchecked_low_calls,101|104|107|113|120,Zeus|eThor,C:\Users\Exauce\Documents\smart-contract-cgt\source\cf452d3887ff0671cb3e61d3d817d737.sol
cf7b258dc649a0b4df1aa8ff416ff977,d0c699f468427baeac187b256212d957e7246922688876a6835ad366148edd7d,1,7,1,6,6,arithmetic|bad_randomness|denial_service|front_running|reentrancy|unchecked_low_calls,reentrancy,101|104|107|113|114|120,Zeus|eThor,C:\Users\Exauce\Documents\smart-contract-cgt\source\cf7b258dc649a0b4df1aa8ff416ff977.sol
cf8622e59c03aa9be710e0ca243ccd33,de884bf35ea69a5744b72b21f67e84347ba18c377dc73e3a5ccf5fb2f99a057a,1,1,1,0,1,arithmetic,arithmetic,101,EverEvolvingG,C:\Users\Exauce\Documents\smart-contract-cgt\source\cf8622e59c03aa9be710e0ca243ccd33.sol
cfa65801b438ce712f6d82a274e9e0af,a227313ed5cbc546c0004e37ec82df682075bf4601778b5a942a8265d0c6065c,1,7,1,6,6,arithmetic|bad_randomness|denial_service|front_running|reentrancy|unchecked_low_calls,arithmetic,101|104|107|113|114|120,Zeus|eThor,C:\Users\Exauce\Documents\smart-contract-cgt\source\cfa65801b438ce712f6d82a274e9e0af.sol
cfa9e5fea4ce30956b036cf7062758b4,e04e645fd1f5926ffbd2b741660cdf62209c0a17a31214697cc9278cea45f035,1,6,1,5,6,arithmetic|bad_randomness|denial_service|front_running|reentrancy|unchecked_low_calls,arithmetic,101|104|107|113|114|120,Zeus,C:\Users\Exauce\Documents\smart-contract-cgt\source\cfa9e5fea4ce30956b036cf7062758b4.sol
cfbb1e31b237419908f29ab09a2bc4b6,a4ce7cf78f3c926b164547d951bf822c7ae2ca4c79ed261ea88f4546fc64006d,0,7,0,7,6,arithmetic|bad_randomness|denial_service|front_running|reentrancy|unchecked_low_calls,,101|104|107|113|114|120,Zeus|eThor,C:\Users\Exauce\Documents\smart-contract-cgt\source\cfbb1e31b237419908f29ab09a2bc4b6.sol
cfc75cd177ab89a914c390fce8197787,203eae38f19dbf824c60bae89b4b9e5d4c26bb1ebb42bf30d983fcb72458b205,0,1,0,1,1,denial_service,,113,Doublade,C:\Users\Exauce\Documents\smart-contract-cgt\source\cfc75cd177ab89a914c390fce8197787.sol
cfd0c3461a7ba813b8ca80c6571d969a,bf39109d02983fab6cc537baeb0f7e857b7a04926e12d62784ed3686f1b558b5,1,1,1,0,1,reentrancy,reentrancy,107,SolidiFI,C:\Users\Exauce\Documents\smart-contract-cgt\source\cfd0c3461a7ba813b8ca80c6571d969a.sol
cfd12aead9f74db6284acda67f6f9a5a,49832d970e9635d899becc918010f78958d711694e6523a3a8669a5efd94e495,0,5,0,5,4,bad_randomness|denial_service|reentrancy|unchecked_low_calls,,104|107|113|120|128,CodeSmells,C:\Users\Exauce\Documents\smart-contract-cgt\source\cfd12aead9f74db6284acda67f6f9a5a.sol
cff913efd1c50e4cdc2fe73cd7b49970,0952ff8efe827eb0291d1fcdb5589831b713546c96451f9138a34baeb6e353a7,1,1,1,0,1,front_running,front_running,114,SolidiFI,C:\Users\Exauce\Documents\smart-contract-cgt\source\cff913efd1c50e4cdc2fe73cd7b49970.sol
d07663a48fbf93a85f60f546f6f1d209,25c409a0772275c6a1939b6dc077b0cddff555dc3b78cc3bf092f79fb55eeb15,0,5,0,5,4,bad_randomness|denial_service|reentrancy|unchecked_low_calls,,104|107|113|120|128,CodeSmells,C:\Users\Exauce\Documents\smart-contract-cgt\source\d07663a48fbf93a85f60f546f6f1d209.sol
d09506a32b5b02639cedfad23dd77dfa,c40470b552a9152a84d52f8bb1b7269d36c60c6c7316739b59db7e31e1257ed8,1,1,1,0,1,time_manipulation,time_manipulation,116,ContractFuzzer,C:\Users\Exauce\Documents\smart-contract-cgt\source\d09506a32b5b02639cedfad23dd77dfa.sol
d09a25437aecb250f66f10329d1e4901,c31841e84e50746b28e1ed9daca1b908ff0c78eb06f7bd917dda98eb44b5c54f,0,5,0,5,5,bad_randomness|denial_service|front_running|reentrancy|unchecked_low_calls,,104|107|113|114|120,Zeus,C:\Users\Exauce\Documents\smart-contract-cgt\source\d09a25437aecb250f66f10329d1e4901.sol
d09b7a2fd3c9701ef692997c14383dd7,96dd9ba00ceed08dc287ce3c8231442af91c92baef7ec3837e00b14c2ec9d07a,0,6,0,6,6,arithmetic|bad_randomness|denial_service|front_running|reentrancy|unchecked_low_calls,,101|104|107|113|114|120,Zeus,C:\Users\Exauce\Documents\smart-contract-cgt\source\d09b7a2fd3c9701ef692997c14383dd7.sol
d0ac6a46adc8d03ec481b68d408ec5c1,a1712a0d65b9ce17389e41c18e61f98c2275b6f52232cfaad16183598adc46d8,1,7,3,4,6,arithmetic|bad_randomness|denial_service|front_running|reentrancy|unchecked_low_calls,arithmetic|front_running|unchecked_low_calls,101|104|107|113|114|120,Zeus|eThor,C:\Users\Exauce\Documents\smart-contract-cgt\source\d0ac6a46adc8d03ec481b68d408ec5c1.sol
d0e1632558ed52d924beb975f8c8bfcb,b2bd6112fe20c205754e382a2e658fa5318a29b5d6284a3e0b12e166693c36e7,1,1,1,0,1,unchecked_low_calls,unchecked_low_calls,104,JiuZhou,C:\Users\Exauce\Documents\smart-contract-cgt\source\d0e1632558ed52d924beb975f8c8bfcb.sol
d0faab1acaf40c6ef19b50eef87f0aaa,72b435d2f6e24ed781b297aec9b9106456f56f4eda0ce01a0158b6f4c76b6df6,0,5,0,5,4,bad_randomness|denial_service|reentrancy|unchecked_low_calls,,104|107|113|120|128,CodeSmells,C:\Users\Exauce\Documents\smart-contract-cgt\source\d0faab1acaf40c6ef19b50eef87f0aaa.sol
d0fd1c264205b0fddc791f86de3cde7f,dea68f6470ef6f6e1e1a70e727e6b25ad574b994f870c84565e0778021851b97,0,7,0,7,6,arithmetic|bad_randomness|denial_service|front_running|reentrancy|unchecked_low_calls,,101|104|107|113|114|120,Zeus|eThor,C:\Users\Exauce\Documents\smart-contract-cgt\source\d0fd1c264205b0fddc791f86de3cde7f.sol
d11c7cdceb570a7aceed51c1b60e78ff,257915c7f802391a3e68e1c8376e57208dccc9f0728446b9ca0014fd09d6fd18,0,1,0,1,1,bad_randomness,,120,SWCregistry,C:\Users\Exauce\Documents\smart-contract-cgt\source\d11c7cdceb570a7aceed51c1b60e78ff.sol
d12d66ed92232a208810e54ff3df16fb,df62e3ef50b6a827e06e42783137c3eb064904b54250808bd72f5304042a189a,1,6,1,5,6,arithmetic|bad_randomness|denial_service|front_running|reentrancy|unchecked_low_calls,arithmetic,101|104|107|113|114|120,Zeus,C:\Users\Exauce\Documents\smart-contract-cgt\source\d12d66ed92232a208810e54ff3df16fb.sol
d13fdf3c09cdc6be10c4a23c84872801,98d960aa37ef56157b86d724cef2dd673c5c6d993f7ffb7d065a6f30ae73768c,1,1,1,0,1,arithmetic,arithmetic,101,SolidiFI,C:\Users\Exauce\Documents\smart-contract-cgt\source\d13fdf3c09cdc6be10c4a23c84872801.sol
d1569e7e074e6883607dc95b30c30ec2,39f57129441ec8caa44dd81a894f9425cd35a67fe6b7faaa0230aa6ec9f2c2d5,0,4,0,4,3,bad_randomness|denial_service|unchecked_low_calls,,104|113|120|128,CodeSmells,C:\Users\Exauce\Documents\smart-contract-cgt\source\d1569e7e074e6883607dc95b30c30ec2.sol
d180c81aa0d47565bed5ed89a2f5b38c,bf7462f8ebeed352b870de8e988f89b986dcf2f51046591d93eff613d43c0899,0,4,0,4,3,bad_randomness|denial_service|unchecked_low_calls,,104|113|120|128,CodeSmells,C:\Users\Exauce\Documents\smart-contract-cgt\source\d180c81aa0d47565bed5ed89a2f5b38c.sol
d19fc8c7cad2c32beff998e4d213da7d,ef449023e899749c2c7941a5a50b71d082fa012852998346398b1057043bed61,0,1,0,1,1,reentrancy,,107,Doublade,C:\Users\Exauce\Documents\smart-contract-cgt\source\d19fc8c7cad2c32beff998e4d213da7d.sol
d1cb4dd66663151973e7194ed24db0d7,44322809eeac4e8a306242714ec33292d985a7395a40425041391e44cffae7dc,1,6,1,5,6,arithmetic|bad_randomness|denial_service|front_running|reentrancy|unchecked_low_calls,front_running,101|104|107|113|114|120,Zeus,C:\Users\Exauce\Documents\smart-contract-cgt\source\d1cb4dd66663151973e7194ed24db0d7.sol
d1df77ba475361b154d3cfa2669ff0fc,e05330ee7184390854c0a69df5286bb0c3e3c51f192724b43336aee5bfba6cc1,1,7,4,3,6,arithmetic|bad_randomness|denial_service|front_running|reentrancy|unchecked_low_calls,arithmetic|denial_service|front_running|reentrancy,101|104|107|113|114|120,Zeus|eThor,C:\Users\Exauce\Documents\smart-contract-cgt\source\d1df77ba475361b154d3cfa2669ff0fc.sol
d1f0d1d3dccf1619e4a321e67b66671d,325e2ec9bf988d47b91197aad5194fe02dc954b78c21ab3d432a4694fed6b649,0,1,0,1,1,reentrancy,,107,NotSoSmartC,C:\Users\Exauce\Documents\smart-contract-cgt\source\d1f0d1d3dccf1619e4a321e67b66671d.sol
d234d8c66aff0e6c1d58b116e6b8f3ba,80d9a2414345d078c96830608282981fd9429e9e39b04338441c9fce2a2c80c3,1,1,1,0,1,front_running,front_running,114,EthRacer,C:\Users\Exauce\Documents\smart-contract-cgt\source\d234d8c66aff0e6c1d58b116e6b8f3ba.sol
d2c1ef0f9a029ffbc83057186c0ad6bc,0bc09494c6b3c5bb56fe5ad853bddd9ba81284023e15a6eb664e34e8e65de5ec,1,1,1,0,1,time_manipulation,time_manipulation,116,SolidiFI,C:\Users\Exauce\Documents\smart-contract-cgt\source\d2c1ef0f9a029ffbc83057186c0ad6bc.sol
d2c637d61e4434b5efbd04cbc909c6b8,9b6619f75a6f812479f79dd7620b0573081d16754b3c3e0bc45566e7833eb540,1,1,1,0,1,denial_service,denial_service,113,Doublade,C:\Users\Exauce\Documents\smart-contract-cgt\source\d2c637d61e4434b5efbd04cbc909c6b8.sol
d2ee545b5b103bf0225369ee07fc70fe,7746ecba8b37eca331689cf39d8c730b8f85e398f306f2106f869fa55f1fb84f,1,7,5,2,6,arithmetic|bad_randomness|denial_service|front_running|reentrancy|unchecked_low_calls,arithmetic|bad_randomness|front_running|unchecked_low_calls,101|104|107|113|114|120,Doublade|Zeus,C:\Users\Exauce\Documents\smart-contract-cgt\source\d2ee545b5b103bf0225369ee07fc70fe.sol
d307e1847a3d80e690e6fe57fef9001c,98b0b57ed5869ca097c50ffdb930358fca7fa581b763b8ec1dc5874a0f47f13d,1,1,1,0,1,time_manipulation,time_manipulation,116,ContractFuzzer,C:\Users\Exauce\Documents\smart-contract-cgt\source\d307e1847a3d80e690e6fe57fef9001c.sol
d338f8b2d3e858219c60689123ca9b7d,ca1b09b5227750861b9d9d64ea2ac928a6899775bc5bbca3781dc4679d2abb80,0,6,0,6,6,arithmetic|bad_randomness|denial_service|front_running|reentrancy|unchecked_low_calls,,101|104|107|113|114|120,Zeus,C:\Users\Exauce\Documents\smart-contract-cgt\source\d338f8b2d3e858219c60689123ca9b7d.sol
d37bf7d548d26adaaad7251116f414f1,c9a320ca610dec7a2076aa0c488c296216d1991e99808f45ecd38fff05ffae8f,1,1,1,0,1,time_manipulation,time_manipulation,116,ContractFuzzer,C:\Users\Exauce\Documents\smart-contract-cgt\source\d37bf7d548d26adaaad7251116f414f1.sol
d37f2ace0568445fb1fc565ac485f845,83ad8429acc14980358f9e3ee4f5cd131c2937a7562673dd38f92a101e62d86d,1,7,3,4,6,arithmetic|bad_randomness|denial_service|front_running|reentrancy|unchecked_low_calls,arithmetic|front_running|unchecked_low_calls,101|104|107|113|114|120,Zeus|eThor,C:\Users\Exauce\Documents\smart-contract-cgt\source\d37f2ace0568445fb1fc565ac485f845.sol
d3be1b7e3a02f5bab0b442bfbf5b757f,08957d387ba3954f18c36413d85dbde6110487845d538a3ee0edf7859c4cb084,1,6,2,4,6,arithmetic|bad_randomness|denial_service|front_running|reentrancy|unchecked_low_calls,denial_service|front_running,101|104|107|113|114|120,Zeus,C:\Users\Exauce\Documents\smart-contract-cgt\source\d3be1b7e3a02f5bab0b442bfbf5b757f.sol
d3cba8456e0816538e204ea74a41de99,18e7951171e0804999e42a57bfed52b2768073f1250cc641db480374565ffc89,1,10,4,6,6,arithmetic|bad_randomness|denial_service|front_running|reentrancy|unchecked_low_calls,arithmetic|bad_randomness|front_running|reentrancy,101|104|107|113|114|120,NPChecker|Zeus|eThor,C:\Users\Exauce\Documents\smart-contract-cgt\source\d3cba8456e0816538e204ea74a41de99.sol
d3d31ced706ea46a71396a8d97f4de90,3753e36487e5f54ed3f720c8f4513f8734d1c367761f26420625a93b431b593c,0,6,0,6,6,arithmetic|bad_randomness|denial_service|front_running|reentrancy|unchecked_low_calls,,101|104|107|113|114|120,Zeus,C:\Users\Exauce\Documents\smart-contract-cgt\source\d3d31ced706ea46a71396a8d97f4de90.sol
d3dbd84f67745f54eb07a46c74817df1,be0c42590be818dfd2bf302100b2c3cca486b17a0ce3726004ea41b63d024a7d,0,5,0,5,4,bad_randomness|denial_service|reentrancy|unchecked_low_calls,,104|107|113|120|128,CodeSmells,C:\Users\Exauce\Documents\smart-contract-cgt\source\d3dbd84f67745f54eb07a46c74817df1.sol
d3fab1c75102eab807085914089d2d52,ba3c9ab4349c365fb9a7f410791368833fcc0497f015041076da831b2e484b0c,1,1,1,0,1,bad_randomness,bad_randomness,120,ContractFuzzer,C:\Users\Exauce\Documents\smart-contract-cgt\source\d3fab1c75102eab807085914089d2d52.sol
d447c226996e366389740fbd692939c9,7f59f3a20894f54016bd48dd926de4a158a3e56be6f29ecd4a6b12c085608e49,0,5,0,5,4,bad_randomness|denial_service|reentrancy|unchecked_low_calls,,104|107|113|120|128,CodeSmells,C:\Users\Exauce\Documents\smart-contract-cgt\source\d447c226996e366389740fbd692939c9.sol
d46200bf3b38ac508acab83a98daae38,604aad8ab8b745e9916abc6b3076a9f4ef37e7220df8f6e3dbbd7c277d0f0291,1,5,1,4,4,bad_randomness|denial_service|reentrancy|unchecked_low_calls,denial_service,104|107|113|120|128,CodeSmells,C:\Users\Exauce\Documents\smart-contract-cgt\source\d46200bf3b38ac508acab83a98daae38.sol
d4645c2587651cc33c3d8b01370540c9,901775a1e70ee178cd0606e6bd7389151a2dbeae906dc9ad4e6e69a7430d3d62,1,7,3,4,6,arithmetic|bad_randomness|denial_service|front_running|reentrancy|unchecked_low_calls,arithmetic|front_running|unchecked_low_calls,101|104|107|113|114|120,Zeus|eThor,C:\Users\Exauce\Documents\smart-contract-cgt\source\d4645c2587651cc33c3d8b01370540c9.sol
d4a42f581e8d93853bb9787fe09fbac0,208d70e59c7f7793c480ecf296991f838744298a29341e15beffbb00e7d97651,1,7,3,4,6,arithmetic|bad_randomness|denial_service|front_running|reentrancy|unchecked_low_calls,arithmetic|front_running|unchecked_low_calls,101|104|107|113|114|120,Zeus|eThor,C:\Users\Exauce\Documents\smart-contract-cgt\source\d4a42f581e8d93853bb9787fe09fbac0.sol
d4c0d5faf31216e6d9fc8e97e69d9a2a,53e7c052355fb42687aeee7483a7a824e4f349a5107a0aad5bcf0441137222fa,1,6,2,4,6,arithmetic|bad_randomness|denial_service|front_running|reentrancy|unchecked_low_calls,denial_service|front_running,101|104|107|113|114|120,Zeus,C:\Users\Exauce\Documents\smart-contract-cgt\source\d4c0d5faf31216e6d9fc8e97e69d9a2a.sol
d4c749852c0e406939ed3ab69c12d372,7ed35c262e59fbe82bf4b405a23f743753bc4eb8fd5f14dc1c91184feed1ade3,1,1,1,0,1,arithmetic,arithmetic,101,SBcurated,C:\Users\Exauce\Documents\smart-contract-cgt\source\d4c749852c0e406939ed3ab69c12d372.sol
d4cb6f5b2e33993978e7c7292cb6638e,dc357dbf88e8087021c1fc6a91455daba05ede50702db9e95592d179992e9b3e,1,7,2,5,6,arithmetic|bad_randomness|denial_service|front_running|reentrancy|unchecked_low_calls,arithmetic|reentrancy,101|104|107|113|114|120,Zeus|eThor,C:\Users\Exauce\Documents\smart-contract-cgt\source\d4cb6f5b2e33993978e7c7292cb6638e.sol
d4cc986289fea5a415196e8f598143db,e9136e35899092574e25f3bbb5dca56bac2070167ba6cf16945dc38a8da3333e,1,1,1,0,1,unchecked_low_calls,unchecked_low_calls,104,SolidiFI,C:\Users\Exauce\Documents\smart-contract-cgt\source\d4cc986289fea5a415196e8f598143db.sol
d4d44f5d44f96b5cd7b8c4f937d28db0,b305b28e53bce3851c2445a174ce9f1ed22647b3178cb0fb6f22270b497f8ddc,0,7,0,7,6,arithmetic|bad_randomness|denial_service|front_running|reentrancy|unchecked_low_calls,,101|104|107|113|114|120,Zeus|eThor,C:\Users\Exauce\Documents\smart-contract-cgt\source\d4d44f5d44f96b5cd7b8c4f937d28db0.sol
d549618a2e7706247460eb71b125045c,0ab4f56bdd3ae240d85c956b10f3114e2b1f612114dd073d468793bdc850578a,1,1,1,0,1,unchecked_low_calls,unchecked_low_calls,104,Doublade,C:\Users\Exauce\Documents\smart-contract-cgt\source\d549618a2e7706247460eb71b125045c.sol
d54d9d7b61cef6e1d8b15fc785b106be,71d380df7255d2014802ab9ff5d55fb170582fc425d56e166cb3f0208d08e30b,1,1,1,0,1,unchecked_low_calls,unchecked_low_calls,104,SolidiFI,C:\Users\Exauce\Documents\smart-contract-cgt\source\d54d9d7b61cef6e1d8b15fc785b106be.sol
d5c94492d06c76d5dc539bc0fe82144e,b20dbfe84fd0f277d20532e91269eb74d03618223798271a46c2754aa2aa0167,1,7,3,4,6,arithmetic|bad_randomness|denial_service|front_running|reentrancy|unchecked_low_calls,arithmetic|denial_service|reentrancy,101|104|107|113|114|120,Zeus|eThor,C:\Users\Exauce\Documents\smart-contract-cgt\source\d5c94492d06c76d5dc539bc0fe82144e.sol
d5cd71cd25bac40546f0bd5765a3fd47,b290b1a95e783c2f2d9f5dd12bd8c2d86cdc8b0f57a4e04ae87e45cf2b4c9c39,0,5,0,5,4,bad_randomness|denial_service|reentrancy|unchecked_low_calls,,104|107|113|120|128,CodeSmells,C:\Users\Exauce\Documents\smart-contract-cgt\source\d5cd71cd25bac40546f0bd5765a3fd47.sol
d5e0db964fcde75b2120ae0dc5ac4764,1d15453f2c96a0f8936fa06326aa4fb03b80df86620c2bf4cb066a751e57d204,0,1,0,1,1,denial_service,,113,Doublade,C:\Users\Exauce\Documents\smart-contract-cgt\source\d5e0db964fcde75b2120ae0dc5ac4764.sol
d614dc2933555070237c7c6f4f69a454,9241d098c31b28c04f4ecc7aeb6b796c940296f21b36634b93f3a7a90dd83316,0,5,0,5,4,bad_randomness|denial_service|reentrancy|unchecked_low_calls,,104|107|113|120|128,CodeSmells,C:\Users\Exauce\Documents\smart-contract-cgt\source\d614dc2933555070237c7c6f4f69a454.sol
d6235dbc7b1ed25aa0f8f61cb7d0595c,bee6f728f69d2f3d474567ce3ce029fc559e945a95e4e088001f6c46cc4fd446,0,6,0,6,6,arithmetic|bad_randomness|denial_service|front_running|reentrancy|unchecked_low_calls,,101|104|107|113|114|120,Zeus,C:\Users\Exauce\Documents\smart-contract-cgt\source\d6235dbc7b1ed25aa0f8f61cb7d0595c.sol
d62613474ea7ae298987886ba3abd065,632d8c6f3246bcfecb71b1bb2cc88b40707a226ae2fd81977b04bd001a3e6649,1,1,1,0,1,time_manipulation,time_manipulation,116,JiuZhou,C:\Users\Exauce\Documents\smart-contract-cgt\source\d62613474ea7ae298987886ba3abd065.sol
d62df141ba02eddb30e3f3980d26456f,00425a6ba280d1b027375d3f2322ce90212af37151a019aded496bcf880a5730,0,4,0,4,3,bad_randomness|denial_service|unchecked_low_calls,,104|113|120|128,CodeSmells,C:\Users\Exauce\Documents\smart-contract-cgt\source\d62df141ba02eddb30e3f3980d26456f.sol
d68d11491a8ec41e730860daa041fc07,61a6bf0e50fda85aedb1192daa25aae3c63cbc171a8f0bc414ef3d251816bdf7,1,1,1,0,1,unchecked_low_calls,unchecked_low_calls,104,Doublade,C:\Users\Exauce\Documents\smart-contract-cgt\source\d68d11491a8ec41e730860daa041fc07.sol
d6b057225fd329a00326d772951c12de,7a7e19d1d7808d7587845e3cb1c84600605f441b5ab7f9fff5804eed69301d48,0,6,0,6,6,arithmetic|bad_randomness|denial_service|front_running|reentrancy|unchecked_low_calls,,101|104|107|113|114|120,Zeus,C:\Users\Exauce\Documents\smart-contract-cgt\source\d6b057225fd329a00326d772951c12de.sol
d6c8151380c7c6bad67db91e8ad25e98,d76e9b9599aae37c66ea0b828396fac41b52164028301f224eba63c6ecf6fe5d,0,1,0,1,1,reentrancy,,107,Doublade,C:\Users\Exauce\Documents\smart-contract-cgt\source\d6c8151380c7c6bad67db91e8ad25e98.sol
d6fc7dcf5691b2e56047fcbab9351a47,35b239bf75ab31b1ef4ce1567bd2cbb5433702f6f5572d67d7a52ad4da03b130,0,6,0,6,6,arithmetic|bad_randomness|denial_service|front_running|reentrancy|unchecked_low_calls,,101|104|107|113|114|120,Zeus,C:\Users\Exauce\Documents\smart-contract-cgt\source\d6fc7dcf5691b2e56047fcbab9351a47.sol
d71cb2f717636377740436673d1dcc9b,afa0490c28d7748140980118203f72d0fb72a7fc050309addc7471e59a676334,0,1,0,1,1,denial_service,,113,JiuZhou,C:\Users\Exauce\Documents\smart-contract-cgt\source\d71cb2f717636377740436673d1dcc9b.sol
d738000011e6297381976065782018bc,ccdaf17a9df7e72eae146c1a01e699c2bc6f1f94d6c4afd642779679a7e364a7,1,6,1,5,6,arithmetic|bad_randomness|denial_service|front_running|reentrancy|unchecked_low_calls,arithmetic,101|104|107|113|114|120,Zeus,C:\Users\Exauce\Documents\smart-contract-cgt\source\d738000011e6297381976065782018bc.sol
d7394b6244995de43d9542b937675520,e6c958bf2222027f2353f70ca00cafa7eb9e614c60cf259e2de9acb56f15c1b3,1,1,1,0,1,reentrancy,reentrancy,107,SolidiFI,C:\Users\Exauce\Documents\smart-contract-cgt\source\d7394b6244995de43d9542b937675520.sol
d775ad574408923f54eaf91ab5876bac,8b35cefdfbbf3741d5654913023aaca07474aa7e5ece71932d824c3c434fe413,0,7,0,7,6,arithmetic|bad_randomness|denial_service|front_running|reentrancy|unchecked_low_calls,,101|104|107|113|114|120,Zeus|eThor,C:\Users\Exauce\Documents\smart-contract-cgt\source\d775ad574408923f54eaf91ab5876bac.sol
d780e6f0eccdae6e449e442113c65d0b,4dff9e32af32872115810b04853b4a0962446e89dde372e47143597977561645,0,4,0,4,4,denial_service|front_running|reentrancy|unchecked_low_calls,,104|107|113|114,Zeus,C:\Users\Exauce\Documents\smart-contract-cgt\source\d780e6f0eccdae6e449e442113c65d0b.sol
d7d0302d58b33b4ac6d5f148b03b19d4,aa9d749b30567063a9193fbe15893e633466f52b27ec499a0d0fc16d89c9ed3a,0,1,0,1,1,arithmetic,,101,SWCregistry,C:\Users\Exauce\Documents\smart-contract-cgt\source\d7d0302d58b33b4ac6d5f148b03b19d4.sol
d8108c173cf7ce3cdd9fd37baa333770,16d09c1e8b28b609e1c9ffacdc8ae3a8168010ad87bd2e01051f61d173d7338b,0,5,0,5,4,bad_randomness|denial_service|reentrancy|unchecked_low_calls,,104|107|113|120|128,CodeSmells,C:\Users\Exauce\Documents\smart-contract-cgt\source\d8108c173cf7ce3cdd9fd37baa333770.sol
d813e6a1d3f2a9f4978f49c8912ec63b,c98ec29e19903abd5fa7034caab87efc88320aa76beb0b56af58d18ee28452b0,1,1,1,0,1,arithmetic,arithmetic,101,SolidiFI,C:\Users\Exauce\Documents\smart-contract-cgt\source\d813e6a1d3f2a9f4978f49c8912ec63b.sol
d87c633e62749aea0417f0809bfad440,b470829932991b665d951985226662e1681bddfe95c0b754ac7a7fe82755b09a,0,6,0,6,6,arithmetic|bad_randomness|denial_service|front_running|reentrancy|unchecked_low_calls,,101|104|107|113|114|120,Zeus,C:\Users\Exauce\Documents\smart-contract-cgt\source\d87c633e62749aea0417f0809bfad440.sol
d89b63cc266d62a8e318aef84870aead,07a4359b13b3042e084f45a82d376bf99e5d9a9e5761c21b9bb3783f50d6012f,1,7,1,6,4,bad_randomness|denial_service|reentrancy|unchecked_low_calls,unchecked_low_calls,104|107|113|120|128,CodeSmells|ContractFuzzer|eThor,C:\Users\Exauce\Documents\smart-contract-cgt\source\d89b63cc266d62a8e318aef84870aead.sol
d8ac5210061a3934cc9719e6a7767871,353ed0512d6b77a7a60c0e0eccccd00b440577d72b4841a1d3b14d7746be67aa,1,1,1,0,1,time_manipulation,time_manipulation,116,SolidiFI,C:\Users\Exauce\Documents\smart-contract-cgt\source\d8ac5210061a3934cc9719e6a7767871.sol
d8c55cf489dc15c17fcb741619f212a7,7ffad6ddefe47924acd729fa0e00a65d26f904dc46007b525297a984e395a261,1,1,1,0,1,reentrancy,reentrancy,107,SolidiFI,C:\Users\Exauce\Documents\smart-contract-cgt\source\d8c55cf489dc15c17fcb741619f212a7.sol
d8ceb5a3c196aa91cc3d5b9af9994808,1639d52619aa89a2b48105ad04f6cc8d9b253a207eea1b8a8cac6d1775b02759,1,1,1,0,1,front_running,front_running,114,SolidiFI,C:\Users\Exauce\Documents\smart-contract-cgt\source\d8ceb5a3c196aa91cc3d5b9af9994808.sol
d8e750d9150836ccc6232ac8d4ffc950,87ba3f3ebf814cb2f205b0c2c810c0970f6a826448ffaa93595863710061c900,1,6,1,5,6,arithmetic|bad_randomness|denial_service|front_running|reentrancy|unchecked_low_calls,arithmetic,101|104|107|113|114|120,Zeus,C:\Users\Exauce\Documents\smart-contract-cgt\source\d8e750d9150836ccc6232ac8d4ffc950.sol
d8f1c6f2d5f7cef31d80bf62f1702376,190f32433f2b6607b8cee18e1a89596a50d913cbb7f917c1077fde40d945e244,1,12,8,4,6,arithmetic|bad_randomness|denial_service|front_running|reentrancy|unchecked_low_calls,arithmetic|denial_service|front_running|reentrancy|unchecked_low_calls,101|104|107|113|114|120,NPChecker|Zeus|eThor,C:\Users\Exauce\Documents\smart-contract-cgt\source\d8f1c6f2d5f7cef31d80bf62f1702376.sol
d8fde2db7a33dfd514317f4d1be94f63,c4ceef076c0524d3ddcb3d1b496e563340c503d0a8b6774823b11cc7e3cc0b36,1,1,1,0,1,reentrancy,reentrancy,107,SolidiFI,C:\Users\Exauce\Documents\smart-contract-cgt\source\d8fde2db7a33dfd514317f4d1be94f63.sol
d909b4837c551f150c6e34fbcd047f19,d199504d364aff598adc6270629776f88ed3fdc82186ef2c107f1f41638a0214,0,6,0,6,6,arithmetic|bad_randomness|denial_service|front_running|reentrancy|unchecked_low_calls,,101|104|107|113|114|120,Zeus,C:\Users\Exauce\Documents\smart-contract-cgt\source\d909b4837c551f150c6e34fbcd047f19.sol
d922377a9adfe9ca30840b8eed466179,90138aa212c7c1a39475a35cd50406ea36d88f1527f90b8698c153a2bbee39e5,1,1,1,0,1,reentrancy,reentrancy,107,SBcurated,C:\Users\Exauce\Documents\smart-contract-cgt\source\d922377a9adfe9ca30840b8eed466179.sol
d9355e7c9a5f06980bc4f57ff8013e3f,7d86f4c0d605252a57595a6d8412a5b0a617a74bfd26e5a42831ee33beb4a9d5,1,1,1,0,1,unchecked_low_calls,unchecked_low_calls,104,SolidiFI,C:\Users\Exauce\Documents\smart-contract-cgt\source\d9355e7c9a5f06980bc4f57ff8013e3f.sol
d9423b13de41060b416e672717d915f9,6f3ab27c94a82381fda97f040a8407cc116a5b006c68b479e69073199bef1db1,0,1,0,1,1,front_running,,114,EthRacer,C:\Users\Exauce\Documents\smart-contract-cgt\source\d9423b13de41060b416e672717d915f9.sol
d95e111486e361c6679c53ce46e835c3,73c46a77346c5ad4be2f81c49bbbdb00e374f892783c93793645c1daa7f382be,1,5,1,4,4,bad_randomness|denial_service|reentrancy|unchecked_low_calls,bad_randomness,104|107|113|120|128,CodeSmells,C:\Users\Exauce\Documents\smart-contract-cgt\source\d95e111486e361c6679c53ce46e835c3.sol
d966ae066c09103e902fd6ce0e2feb12,9e79b3c8003d3d8433369e33ced19ea1a82af1efa435a3cffb76b3ac165ca3a4,0,5,0,5,4,bad_randomness|denial_service|reentrancy|unchecked_low_calls,,104|107|113|120|128,CodeSmells,C:\Users\Exauce\Documents\smart-contract-cgt\source\d966ae066c09103e902fd6ce0e2feb12.sol
d9853da686c5bb3f4f161083822fc0a3,09e788356afa7a7014d1aa3be2941e5370442fadcf65e32d353ddcd0374a0a73,1,7,3,4,6,arithmetic|bad_randomness|denial_service|front_running|reentrancy|unchecked_low_calls,arithmetic|denial_service|front_running,101|104|107|113|114|120,Zeus|eThor,C:\Users\Exauce\Documents\smart-contract-cgt\source\d9853da686c5bb3f4f161083822fc0a3.sol
da6a53e2049f649826b26a59b06ea16e,e5fbda0de9abb308af6319d82628a28494324ef6e606a64b0ee0384ab9728b90,1,7,3,4,6,arithmetic|bad_randomness|denial_service|front_running|reentrancy|unchecked_low_calls,arithmetic|denial_service|reentrancy,101|104|107|113|114|120,Zeus|eThor,C:\Users\Exauce\Documents\smart-contract-cgt\source\da6a53e2049f649826b26a59b06ea16e.sol
da6b036cb10a649cde77e28c5fbf7ccf,5729973cd14fe65929a25d4fe8dd173a89a1102fc93cf087d335e2d93ab33aa9,1,7,1,6,6,arithmetic|bad_randomness|denial_service|front_running|reentrancy|unchecked_low_calls,arithmetic,101|104|107|113|114|120,Zeus|eThor,C:\Users\Exauce\Documents\smart-contract-cgt\source\da6b036cb10a649cde77e28c5fbf7ccf.sol
da70f9fd627a2df45efbbce10c530661,d25c0e7f099783254809c281d8fd0a3ce5bdbf19dc1db111f40b4d197958eb35,1,7,2,5,6,arithmetic|bad_randomness|denial_service|front_running|reentrancy|unchecked_low_calls,arithmetic|front_running,101|104|107|113|114|120,Zeus|eThor,C:\Users\Exauce\Documents\smart-contract-cgt\source\da70f9fd627a2df45efbbce10c530661.sol
dad25f142e82377d61fd3489ec57145b,042a07047ae2a1f3e01c22ef586c07e059a1a86578ca7ba8c26636c7c00582fe,0,6,0,6,6,arithmetic|bad_randomness|denial_service|front_running|reentrancy|unchecked_low_calls,,101|104|107|113|114|120,Zeus,C:\Users\Exauce\Documents\smart-contract-cgt\source\dad25f142e82377d61fd3489ec57145b.sol
daf2521beb1068c7a4af37957f04539a,2dcd04eded70c73be1ccf9528400d740320d2c69d0110ac64fc50560ef2b1832,1,6,2,4,6,arithmetic|bad_randomness|denial_service|front_running|reentrancy|unchecked_low_calls,arithmetic|denial_service,101|104|107|113|114|120,Zeus,C:\Users\Exauce\Documents\smart-contract-cgt\source\daf2521beb1068c7a4af37957f04539a.sol
db05c6c6e9a71fbe3f25d75dc06543b5,24acc2d9e4bc90f136a66232fee657dab0e1f12a34de82eaef64dc77fbf2c720,0,5,0,5,4,bad_randomness|denial_service|reentrancy|unchecked_low_calls,,104|107|113|120|128,CodeSmells,C:\Users\Exauce\Documents\smart-contract-cgt\source\db05c6c6e9a71fbe3f25d75dc06543b5.sol
db0edc904603f7e5f2e1a97e91a56f70,4dd37bc27c53d4ce6a398c7cf5c869ccbad83fa8eae6ea120ea278e37e886389,0,5,0,5,4,bad_randomness|denial_service|reentrancy|unchecked_low_calls,,104|107|113|120|128,CodeSmells,C:\Users\Exauce\Documents\smart-contract-cgt\source\db0edc904603f7e5f2e1a97e91a56f70.sol
db25582e3ba2b757a5c90b23c3a7c4e8,d02d899c7267fb4746a5934934f330d3db2ceb8d9dda1cdf399ad155c6f6fd87,1,7,3,4,6,arithmetic|bad_randomness|denial_service|front_running|reentrancy|unchecked_low_calls,arithmetic|front_running|unchecked_low_calls,101|104|107|113|114|120,Zeus|eThor,C:\Users\Exauce\Documents\smart-contract-cgt\source\db25582e3ba2b757a5c90b23c3a7c4e8.sol
db28e55830444f233a728dd236b699f5,89b4c80a6b7c594fe5c8bb7a50a726626c45b0e8ccaa4d8161ff647694e695fd,1,1,1,0,1,unchecked_low_calls,unchecked_low_calls,104,Doublade,C:\Users\Exauce\Documents\smart-contract-cgt\source\db28e55830444f233a728dd236b699f5.sol
db4462cca71392e455bba9ea96902c48,ec51d706532e486ef8d40ac1ab73e033979120bab79acca52db9b393e8a65ac8,0,5,0,5,4,bad_randomness|denial_service|reentrancy|unchecked_low_calls,,104|107|113|120|128,CodeSmells,C:\Users\Exauce\Documents\smart-contract-cgt\source\db4462cca71392e455bba9ea96902c48.sol
db4699f1318e9add6e9a8c14bb10ef32,b027140ac9859dc4750bbf132d59c16a3c699926478739051cb459e8fad68a20,0,5,0,5,4,bad_randomness|denial_service|reentrancy|unchecked_low_calls,,104|107|113|120|128,CodeSmells,C:\Users\Exauce\Documents\smart-contract-cgt\source\db4699f1318e9add6e9a8c14bb10ef32.sol
db4ed537ed2acfc4aeb500012a561604,06b29e1ff8da19eafd6e4a8cd5457293232c957874fde7d36f22d8422cfb4608,0,5,0,5,4,bad_randomness|denial_service|reentrancy|unchecked_low_calls,,104|107|113|120|128,CodeSmells,C:\Users\Exauce\Documents\smart-contract-cgt\source\db4ed537ed2acfc4aeb500012a561604.sol
db4ed99c2e2fcd0c9e14f3b44d134460,7b017f0cf786179d5863b706eba4ea7bd3aaef5f6395a2321b3a4fedcd422497,1,3,1,2,2,front_running|reentrancy,front_running,107|114,Doublade|EthRacer,C:\Users\Exauce\Documents\smart-contract-cgt\source\db4ed99c2e2fcd0c9e14f3b44d134460.sol
db53ebe8f79de7de86d4abed8d1c838f,010a6adcf647710a768769711a9ba4b8026326736ce132dfa41f4b30a1aae43d,1,7,3,4,6,arithmetic|bad_randomness|denial_service|front_running|reentrancy|unchecked_low_calls,arithmetic|front_running|unchecked_low_calls,101|104|107|113|114|120,Zeus|eThor,C:\Users\Exauce\Documents\smart-contract-cgt\source\db53ebe8f79de7de86d4abed8d1c838f.sol
db7a9da399f72e21853e27a168ce6d30,0b808276db7563e627f2ae124df2929715437d4fb14ed9117242f57c2cea659f,0,5,0,5,4,bad_randomness|denial_service|reentrancy|unchecked_low_calls,,104|107|113|120|128,CodeSmells,C:\Users\Exauce\Documents\smart-contract-cgt\source\db7a9da399f72e21853e27a168ce6d30.sol
dbf5b348b0d854b3863ba6f48f66a33e,12be0b4edd847651f0d6f26b860b97b472d1181cb87f3e9782926a4f7b8cb968,1,6,1,5,6,arithmetic|bad_randomness|denial_service|front_running|reentrancy|unchecked_low_calls,arithmetic,101|104|107|113|114|120,Zeus,C:\Users\Exauce\Documents\smart-contract-cgt\source\dbf5b348b0d854b3863ba6f48f66a33e.sol
dc1f29c4972ccacb88cf64936a7c7c40,205fe30abf9a9cdd425a0dbae6947dd95da492ccbf3866142fa9591514705344,1,1,1,0,1,bad_randomness,bad_randomness,120,ContractFuzzer,C:\Users\Exauce\Documents\smart-contract-cgt\source\dc1f29c4972ccacb88cf64936a7c7c40.sol
dc20abccc5f42e8c1245f1c0e92fcfe3,1d79b7d547157ec4643539669f5f5abbf8f9eab9732af334d9243d74694296f8,0,5,0,5,4,bad_randomness|denial_service|reentrancy|unchecked_low_calls,,104|107|113|120|128,CodeSmells,C:\Users\Exauce\Documents\smart-contract-cgt\source\dc20abccc5f42e8c1245f1c0e92fcfe3.sol
dc22623b639ce17d5f2bee031b359f23,beed493ad15e3405d44603b655fc287a98e734e3dae79dbb9977b8cb998b027e,1,8,2,6,6,arithmetic|bad_randomness|denial_service|front_running|reentrancy|unchecked_low_calls,arithmetic|reentrancy,101|104|107|113|114|120,EthRacer|Zeus|eThor,C:\Users\Exauce\Documents\smart-contract-cgt\source\dc22623b639ce17d5f2bee031b359f23.sol
dc40b65d398c1daa9c0287eb8f983bde,a95a845920f6aa444e74b5881ae5dd0669a73baf3bf48c5b5bee43f459a29cb2,1,6,1,5,6,arithmetic|bad_randomness|denial_service|front_running|reentrancy|unchecked_low_calls,arithmetic,101|104|107|113|114|120,Zeus,C:\Users\Exauce\Documents\smart-contract-cgt\source\dc40b65d398c1daa9c0287eb8f983bde.sol
dc63a8a76bc9a56ab1617d500971495b,2a1c890fc12e7a2bc8586adbf8259026894ee105d75f4a261f3e264435a93ff9,0,1,0,1,1,arithmetic,,101,SWCregistry,C:\Users\Exauce\Documents\smart-contract-cgt\source\dc63a8a76bc9a56ab1617d500971495b.sol
dc7b5b833d896d6c73ebb98c130128dc,7f68a55bc3410e2f70baa1ca391c39fe48d28969bbce904a20e4fe042bfaca69,1,6,3,3,6,arithmetic|bad_randomness|denial_service|front_running|reentrancy|unchecked_low_calls,arithmetic|denial_service|front_running,101|104|107|113|114|120,Zeus,C:\Users\Exauce\Documents\smart-contract-cgt\source\dc7b5b833d896d6c73ebb98c130128dc.sol
dc82e6b8f09fa0bfa47cb57f5644bf48,019daa40da74f345001239980293590262915cd56f33699ebc5f1a00022b864c,1,6,1,5,6,arithmetic|bad_randomness|denial_service|front_running|reentrancy|unchecked_low_calls,arithmetic,101|104|107|113|114|120,Zeus,C:\Users\Exauce\Documents\smart-contract-cgt\source\dc82e6b8f09fa0bfa47cb57f5644bf48.sol
dcae3328a930b4c5fd6d08334db29fae,bc4a8bd91a01d97fca76854649298b4075cf7e609bc5c2cdc4a190065bcc5cd5,1,6,1,5,6,arithmetic|bad_randomness|denial_service|front_running|reentrancy|unchecked_low_calls,arithmetic,101|104|107|113|114|120,Zeus,C:\Users\Exauce\Documents\smart-contract-cgt\source\dcae3328a930b4c5fd6d08334db29fae.sol
dcb113815ad25cbb7bc2a13215d53871,e02c3b91e5a33195d1c012cc08670c221742c6874d3f2dc86f1789028ab51c19,1,1,1,0,1,time_manipulation,time_manipulation,116,ContractFuzzer,C:\Users\Exauce\Documents\smart-contract-cgt\source\dcb113815ad25cbb7bc2a13215d53871.sol
dcd389c11889934d9ac7d76bcd3c27bf,13a106a542914ce07dadedc39579b92102d0f455e84164ea44517154da9e0a89,0,5,0,5,4,bad_randomness|denial_service|reentrancy|unchecked_low_calls,,104|107|113|120|128,CodeSmells,C:\Users\Exauce\Documents\smart-contract-cgt\source\dcd389c11889934d9ac7d76bcd3c27bf.sol
dcf00afbf43dcb756383e3279e70055a,c7af5247f21fe4a24327ed601321b52039d71301956e1dc8cdad789fc6087921,1,7,3,4,6,arithmetic|bad_randomness|denial_service|front_running|reentrancy|unchecked_low_calls,arithmetic|front_running|unchecked_low_calls,101|104|107|113|114|120,Zeus|eThor,C:\Users\Exauce\Documents\smart-contract-cgt\source\dcf00afbf43dcb756383e3279e70055a.sol
dd443a9352d9e4ef8e8e81310f45f607,d38f137db56478fc918f654676ed37200343fb7b3ae457948497346a57a8cc4a,1,6,2,4,4,bad_randomness|denial_service|reentrancy|unchecked_low_calls,reentrancy,104|107|113|120|128,CodeSmells|ContractFuzzer,C:\Users\Exauce\Documents\smart-contract-cgt\source\dd443a9352d9e4ef8e8e81310f45f607.sol
dd77f8f680ca43972c549229e6189689,0eb24b8bdbd26b6986bdbfca735277cf6aa3accd335b209ed1ef1acec2246002,0,4,0,4,3,bad_randomness|denial_service|unchecked_low_calls,,104|113|120|128,CodeSmells,C:\Users\Exauce\Documents\smart-contract-cgt\source\dd77f8f680ca43972c549229e6189689.sol
dd7e2ed707cde6a3c855d75e4caf94e4,77bd2e532996c22b8ba69f20a97b2e9dd014a48f9c8e570e583c4c3f56d2538c,1,7,3,4,6,arithmetic|bad_randomness|denial_service|front_running|reentrancy|unchecked_low_calls,arithmetic|front_running|unchecked_low_calls,101|104|107|113|114|120,Zeus|eThor,C:\Users\Exauce\Documents\smart-contract-cgt\source\dd7e2ed707cde6a3c855d75e4caf94e4.sol
dda3b7e9e76857e7f3fc2532c9ab980f,7d1cc1a7b0ec6061e3ff0da987c0e8a4d239b2ed370d7eb8297b1b6d90e52a8d,0,5,0,5,4,bad_randomness|denial_service|reentrancy|unchecked_low_calls,,104|107|113|120|128,CodeSmells,C:\Users\Exauce\Documents\smart-contract-cgt\source\dda3b7e9e76857e7f3fc2532c9ab980f.sol
dda923ac8e61ef8ff77927d237b9636f,5b36674759a8652231995d127b52d5489299458e46399364dd6aa465177125d0,0,5,0,5,4,bad_randomness|denial_service|reentrancy|unchecked_low_calls,,104|107|113|120|128,CodeSmells,C:\Users\Exauce\Documents\smart-contract-cgt\source\dda923ac8e61ef8ff77927d237b9636f.sol
dde77fad873fc09aca4825971a6bf4ab,72e959d6501bfd6f214b2ffb5ca3ceb462dde8a53e1a5028a657dac0c7570cc0,1,1,1,0,1,reentrancy,reentrancy,107,SolidiFI,C:\Users\Exauce\Documents\smart-contract-cgt\source\dde77fad873fc09aca4825971a6bf4ab.sol
ddfaabf99c3ffb9b934e2ab98834baea,c694c4ddf0b6eaba1b0962f54b6bea4ae5a9552e0c3df5ed42568edcc40244f5,0,5,0,5,4,bad_randomness|denial_service|reentrancy|unchecked_low_calls,,104|107|113|120|128,CodeSmells,C:\Users\Exauce\Documents\smart-contract-cgt\source\ddfaabf99c3ffb9b934e2ab98834baea.sol
de0d419085299cf07c55c123c7e4cf7c,6b569c8b642468fd20188b48b7da8c6438c66343c9356e063e9b5de69a4ab2ab,1,7,4,3,6,arithmetic|bad_randomness|denial_service|front_running|reentrancy|unchecked_low_calls,arithmetic|bad_randomness|front_running|unchecked_low_calls,101|104|107|113|114|120,Zeus|eThor,C:\Users\Exauce\Documents\smart-contract-cgt\source\de0d419085299cf07c55c123c7e4cf7c.sol
de2880ebe7ac58b67313325d045de876,39d5f78dfa390b657426d6867c8b72b2792417ef1da1946833acc2ddd51766cf,0,7,0,7,6,arithmetic|bad_randomness|denial_service|front_running|reentrancy|unchecked_low_calls,,101|104|107|113|114|120,Zeus|eThor,C:\Users\Exauce\Documents\smart-contract-cgt\source\de2880ebe7ac58b67313325d045de876.sol
de3d087673642b0410ab98f912c137b0,e709a21302325adeb191c07f072fa58ed179dde3a85934b00bd58030e15d4547,0,5,0,5,4,bad_randomness|denial_service|reentrancy|unchecked_low_calls,,104|107|113|120|128,CodeSmells,C:\Users\Exauce\Documents\smart-contract-cgt\source\de3d087673642b0410ab98f912c137b0.sol
de561b3806af24ed5ecebe8a81ed9984,beb53324d274c8de6142333e5e720a6c75df58f0de4e61c8bb8bc63e3640bed5,0,7,0,7,6,arithmetic|bad_randomness|denial_service|front_running|reentrancy|unchecked_low_calls,,101|104|107|113|114|120,Zeus|eThor,C:\Users\Exauce\Documents\smart-contract-cgt\source\de561b3806af24ed5ecebe8a81ed9984.sol
de7fbb5fc3b3a3d638cb3250daa2373f,5a91a55a944cc7869561fe0c58d986b93ddc5bb04832834a7c58e72b20d9b267,0,1,0,1,1,front_running,,114,EthRacer,C:\Users\Exauce\Documents\smart-contract-cgt\source\de7fbb5fc3b3a3d638cb3250daa2373f.sol
de9dee1319f605155092633560084fc8,4ba86fc33609d239db0c2f44d0bf42d04539d2c0a9117fe405274589c88d9a0d,0,5,0,5,4,bad_randomness|denial_service|reentrancy|unchecked_low_calls,,104|107|113|120|128,CodeSmells,C:\Users\Exauce\Documents\smart-contract-cgt\source\de9dee1319f605155092633560084fc8.sol
dea2ae975a2ca842262b22e000aa2448,01f73713460afc58db1d8fabfd869a8032ba6e3a96f9c2888cf919a03775a373,1,1,1,0,1,bad_randomness,bad_randomness,120,ContractFuzzer,C:\Users\Exauce\Documents\smart-contract-cgt\source\dea2ae975a2ca842262b22e000aa2448.sol
dee34efd6af03cc82c9ebe6b205b3c14,a4628c2457b710ba2fcce0c93e40f902a4f6e9d740577a4b3875e6430de9b078,1,7,3,4,6,arithmetic|bad_randomness|denial_service|front_running|reentrancy|unchecked_low_calls,arithmetic|denial_service|reentrancy,101|104|107|113|114|120,Zeus|eThor,C:\Users\Exauce\Documents\smart-contract-cgt\source\dee34efd6af03cc82c9ebe6b205b3c14.sol
def831e83411942290b0f189ddf73841,ef9e47da174ba7ed815a5e36a020d4931d6998efb3ecd630d078211f0d81cf04,1,6,1,5,6,arithmetic|bad_randomness|denial_service|front_running|reentrancy|unchecked_low_calls,arithmetic,101|104|107|113|114|120,Zeus,C:\Users\Exauce\Documents\smart-contract-cgt\source\def831e83411942290b0f189ddf73841.sol
df027fef7c594cc492cfc31e06a6f8dd,79e674f84bfacf0d9495e73e86ba939ad0f564c7032b8c71d32e99bbe6322858,0,1,0,1,1,front_running,,114,EthRacer,C:\Users\Exauce\Documents\smart-contract-cgt\source\df027fef7c594cc492cfc31e06a6f8dd.sol
df344b6e3f25f1f32bed37736c1d06e9,642f6076b473985c9eff4432574c8a88025fdbef676dccc41b70055c1babc979,1,1,1,0,1,time_manipulation,time_manipulation,116,ContractFuzzer,C:\Users\Exauce\Documents\smart-contract-cgt\source\df344b6e3f25f1f32bed37736c1d06e9.sol
df422d23c78c887b61c9c8756264f3f3,4027d496fc386c39f10ad8f283eb6b21fde24eb705392a4cb4830f6870e7d0fe,0,1,0,1,1,unchecked_low_calls,,104,JiuZhou,C:\Users\Exauce\Documents\smart-contract-cgt\source\df422d23c78c887b61c9c8756264f3f3.sol
df4b7d19f1885a2764d2d783d348795f,dff4b7a7e8b23cd7ceb9ea8612e926df2221f98b30db13cc9c68e64d707f7cec,0,5,0,5,4,bad_randomness|denial_service|reentrancy|unchecked_low_calls,,104|107|113|120|128,CodeSmells,C:\Users\Exauce\Documents\smart-contract-cgt\source\df4b7d19f1885a2764d2d783d348795f.sol
df5b65dee07e55ec60d755a8f5ff9f1f,8f0128921f1a1f3dd48d9f5913c452fbaabd80978223f39d05d6559a37bf0bf6,1,1,1,0,1,arithmetic,arithmetic,101,SolidiFI,C:\Users\Exauce\Documents\smart-contract-cgt\source\df5b65dee07e55ec60d755a8f5ff9f1f.sol
df8f58d137676011f1d81686816409e8,e92919b8f96e7d2f16ca13c19ca8096b01a4a9485fbf61a894bba528046c046f,0,6,0,6,6,arithmetic|bad_randomness|denial_service|front_running|reentrancy|unchecked_low_calls,,101|104|107|113|114|120,Zeus,C:\Users\Exauce\Documents\smart-contract-cgt\source\df8f58d137676011f1d81686816409e8.sol
dfb5e171d127be05bb85ece327756da5,44f2b8b44d288ef945ac2a2992efa38bd8da12aac6af563c669040af7ff74e2b,1,1,1,0,1,reentrancy,reentrancy,107,SolidiFI,C:\Users\Exauce\Documents\smart-contract-cgt\source\dfb5e171d127be05bb85ece327756da5.sol
dfb68efcb4e0d1fe7a190cfdb07387af,b1ac4d7ac8e6949b22fb621a587cdb40692654e698d3482e72a0b5516825f6fa,0,1,0,1,1,front_running,,114,EthRacer,C:\Users\Exauce\Documents\smart-contract-cgt\source\dfb68efcb4e0d1fe7a190cfdb07387af.sol
dffd4693ef6aeba044e631ba14c7153c,84a687491b7ec63debc58563c6e278548584af01776c3157f573dffb124d5d84,1,1,1,0,1,denial_service,denial_service,113,Doublade,C:\Users\Exauce\Documents\smart-contract-cgt\source\dffd4693ef6aeba044e631ba14c7153c.sol
e01ab8b006611d8612a81724edcfdc02,5f488deeef54c5331aac9e18e2e3e0a2ed4db37243b0ac796e424d8a46498dff,1,1,1,0,1,arithmetic,arithmetic,101,SolidiFI,C:\Users\Exauce\Documents\smart-contract-cgt\source\e01ab8b006611d8612a81724edcfdc02.sol
e086ab2c488d7f2249f72fb0483ee475,b1363447b57511c34c2fe2d7d984823b1140161df7d2798d360a8e0c45d9ebcf,1,1,1,0,1,front_running,front_running,114,SolidiFI,C:\Users\Exauce\Documents\smart-contract-cgt\source\e086ab2c488d7f2249f72fb0483ee475.sol
e0c2386091ac375d74453bbb0eae8394,77b6ac6ce826725215e802c4fc752fdf5cc94dee2ca4446848f80f3cee842e26,1,1,1,0,1,reentrancy,reentrancy,107,SolidiFI,C:\Users\Exauce\Documents\smart-contract-cgt\source\e0c2386091ac375d74453bbb0eae8394.sol
e0c2c275216d27c15818615b0bf583c6,4927026bad2d62eb8e0bea059fb430d5d0bd0dabbda76e645da2f90e50caa8a5,0,5,0,5,4,bad_randomness|denial_service|reentrancy|unchecked_low_calls,,104|107|113|120|128,CodeSmells,C:\Users\Exauce\Documents\smart-contract-cgt\source\e0c2c275216d27c15818615b0bf583c6.sol
e0c5c509220781adbf325c43b27f4eed,d306f851cec06e037c735896b34a12154cf320e48da2680c8ccfa3fb1886e39c,1,6,3,3,6,arithmetic|bad_randomness|denial_service|front_running|reentrancy|unchecked_low_calls,arithmetic|front_running|unchecked_low_calls,101|104|107|113|114|120,Zeus,C:\Users\Exauce\Documents\smart-contract-cgt\source\e0c5c509220781adbf325c43b27f4eed.sol
e155c0d9de4d6c97065977863a44f9df,2ae41a4233496177102ceb4b67e9421ea85d7d7cc1b19fd7b1c3a13d391d11c7,0,5,0,5,4,bad_randomness|denial_service|reentrancy|unchecked_low_calls,,104|107|113|120|128,CodeSmells,C:\Users\Exauce\Documents\smart-contract-cgt\source\e155c0d9de4d6c97065977863a44f9df.sol
e16849d8ef91427828b96880539f2f0b,5a0a4e1cf7b5436558c5acc667ac4288d4ab97d12294347f49d3e6ce4647ff21,1,1,1,0,1,time_manipulation,time_manipulation,116,SolidiFI,C:\Users\Exauce\Documents\smart-contract-cgt\source\e16849d8ef91427828b96880539f2f0b.sol
e1c9f22af278b508f32dbb2d636f2d39,ee4ccd2b4fe555eba0e0abf3074ee0094cf141d6439d6dd454ce4d2b60ae1bd2,1,6,3,3,6,arithmetic|bad_randomness|denial_service|front_running|reentrancy|unchecked_low_calls,arithmetic|bad_randomness|reentrancy,101|104|107|113|114|120,Zeus,C:\Users\Exauce\Documents\smart-contract-cgt\source\e1c9f22af278b508f32dbb2d636f2d39.sol
e1cd8c9ae4d253314aa01e0351d41404,1509490ca5291066518ff2adf46468ea6cdfd1282a5cec6805812bbd50b1f7c9,0,5,0,5,4,bad_randomness|denial_service|reentrancy|unchecked_low_calls,,104|107|113|120|128,CodeSmells,C:\Users\Exauce\Documents\smart-contract-cgt\source\e1cd8c9ae4d253314aa01e0351d41404.sol
e2117027860c722f6a93dc1d0f780e09,a4d69844c0646644800e03f3e560418c23fe92a4a6108c952cc094689996e799,1,1,1,0,1,front_running,front_running,114,SolidiFI,C:\Users\Exauce\Documents\smart-contract-cgt\source\e2117027860c722f6a93dc1d0f780e09.sol
e23fb1c5fe80a13c5134ae52d9d56e2a,98dbcb9ba178abf8faa5571a29679741031dd043ff5749ee9f725c8ccc6e8922,1,1,1,0,1,time_manipulation,time_manipulation,116,SolidiFI,C:\Users\Exauce\Documents\smart-contract-cgt\source\e23fb1c5fe80a13c5134ae52d9d56e2a.sol
e2d398e8152ef73efe6e6b35ec845309,488036187dbfef5b3940439464bac139efeb3f55895ddce3992c0c023209fbb4,1,1,1,0,1,time_manipulation,time_manipulation,116,ContractFuzzer,C:\Users\Exauce\Documents\smart-contract-cgt\source\e2d398e8152ef73efe6e6b35ec845309.sol
e2f33f7064c4869718a833179b079db1,f4161b391120d0c3f3421fc57fc320c716957be4ea32be58db3a30080655e9db,1,1,1,0,1,bad_randomness,bad_randomness,120,ContractFuzzer,C:\Users\Exauce\Documents\smart-contract-cgt\source\e2f33f7064c4869718a833179b079db1.sol
e35ff142af0bda886bfa941faf169e28,754fdd0a400ff164322045f2d6c38ed48acf91ee28b3cf4b11f8fb30d4632d27,1,11,4,7,5,bad_randomness|denial_service|front_running|reentrancy|unchecked_low_calls,bad_randomness|reentrancy|unchecked_low_calls,104|107|113|114|120|128,CodeSmells|NPChecker|Zeus|eThor,C:\Users\Exauce\Documents\smart-contract-cgt\source\e35ff142af0bda886bfa941faf169e28.sol
e365fc620ffdc25af2c43e3ce84909da,7fedb951cc3382e5dc614918c707117e1d2787dda554a9895b2e93d18a2407bf,1,7,4,3,6,arithmetic|bad_randomness|denial_service|front_running|reentrancy|unchecked_low_calls,arithmetic|bad_randomness|front_running|unchecked_low_calls,101|104|107|113|114|120,Zeus|eThor,C:\Users\Exauce\Documents\smart-contract-cgt\source\e365fc620ffdc25af2c43e3ce84909da.sol
e3856ee56ba7e674608f32890a531651,677d6122d97cb560c839346f909b9ce7c03cf5d4697f7f8abc61562858ea4dbe,0,5,0,5,4,bad_randomness|denial_service|reentrancy|unchecked_low_calls,,104|107|113|120|128,CodeSmells,C:\Users\Exauce\Documents\smart-contract-cgt\source\e3856ee56ba7e674608f32890a531651.sol
e3a5be781b0518f13bb3fad0b7ac834a,48164fb499799c0ee7e45cda8daa4b0c39d5a6c6cd3a7604984d393e4eafb4c5,0,5,0,5,4,bad_randomness|denial_service|reentrancy|unchecked_low_calls,,104|107|113|120|128,CodeSmells,C:\Users\Exauce\Documents\smart-contract-cgt\source\e3a5be781b0518f13bb3fad0b7ac834a.sol
e3e0de127bf5f06f5bf34ef86c63ef4a,0b94de6caa1aa7818a89c59f7858cdb7976ae03fb201d493288eef262bfa1912,1,1,1,0,1,time_manipulation,time_manipulation,116,SolidiFI,C:\Users\Exauce\Documents\smart-contract-cgt\source\e3e0de127bf5f06f5bf34ef86c63ef4a.sol
e3f1d67bf34cc0225609a3c3e57c3fd1,6c04a7e7c42d5cfdb3a1f0ee471d778dc94ca517cbc438f5135be97448580662,0,12,0,12,6,arithmetic|bad_randomness|denial_service|front_running|reentrancy|unchecked_low_calls,,101|104|107|113|114|120,NPChecker|Zeus|eThor,C:\Users\Exauce\Documents\smart-contract-cgt\source\e3f1d67bf34cc0225609a3c3e57c3fd1.sol
e3fb364f2e4f1e757971cda2fe3c78d3,02e065ec4ff98f8ae1d59223d7a095321e04ddd5ae3d796ad2823bdfde5b59de,1,1,1,0,1,bad_randomness,bad_randomness,120,ContractFuzzer,C:\Users\Exauce\Documents\smart-contract-cgt\source\e3fb364f2e4f1e757971cda2fe3c78d3.sol
e411ad7f0a61cd3967a0045764b9969c,1cbfc48c5446a82a8f29e3f173b13ae23b01be14b8a6d102a94f5e1fc873e5d4,0,5,0,5,4,bad_randomness|denial_service|reentrancy|unchecked_low_calls,,104|107|113|120|128,CodeSmells,C:\Users\Exauce\Documents\smart-contract-cgt\source\e411ad7f0a61cd3967a0045764b9969c.sol
e4175242c6e6bba23a774acda2170b87,ba8fc3860988f90de97bcbbe391c422ccd4dde84fd10c6a6b72af08d88983593,1,1,1,0,1,front_running,front_running,114,EthRacer,C:\Users\Exauce\Documents\smart-contract-cgt\source\e4175242c6e6bba23a774acda2170b87.sol
e422ef01d1540f76e24723d33495e3ec,7aca68bc77f23557474964c293cd48dce837848b0841d5bf7e70852465c4b1ad,1,1,1,0,1,arithmetic,arithmetic,101,EverEvolvingG,C:\Users\Exauce\Documents\smart-contract-cgt\source\e422ef01d1540f76e24723d33495e3ec.sol
e42f79800a4c6a1bf6fded5cf76c5b5e,311b6fb8a284f0ece3f0e71a2c3ad3bea96ee84ba3c38de5f405c970297a86bc,1,1,1,0,1,arithmetic,arithmetic,101,SolidiFI,C:\Users\Exauce\Documents\smart-contract-cgt\source\e42f79800a4c6a1bf6fded5cf76c5b5e.sol
e458a142a36821fab3f4a99d0d6d6914,ae23c1ab86322abbb5fcef6f09956781b471e80576008929d13405a2c73bab8d,0,5,0,5,5,arithmetic|bad_randomness|denial_service|front_running|unchecked_low_calls,,101|104|113|114|120,Zeus,C:\Users\Exauce\Documents\smart-contract-cgt\source\e458a142a36821fab3f4a99d0d6d6914.sol
e4656d8f10a5942639965e61629f320a,303bbad68b61c46470a7139f561eb94964e341df0625c7fe0671cd934480c04a,1,1,1,0,1,time_manipulation,time_manipulation,116,SolidiFI,C:\Users\Exauce\Documents\smart-contract-cgt\source\e4656d8f10a5942639965e61629f320a.sol
e49a0000040f68480a3e80dd3406f77c,db753d9e0df9ca975fa7c877b3f8a5b7e5174deb7b4043c5f5315275ad1d76f8,0,5,0,5,4,bad_randomness|denial_service|reentrancy|unchecked_low_calls,,104|107|113|120|128,CodeSmells,C:\Users\Exauce\Documents\smart-contract-cgt\source\e49a0000040f68480a3e80dd3406f77c.sol
e4a3eaa3d620e9b76a350dab9a818517,6793cbcf6e3127195a2f2f0694eba4fba5753d61380835c50b3bbe3ff0361621,1,6,3,3,6,arithmetic|bad_randomness|denial_service|front_running|reentrancy|unchecked_low_calls,arithmetic|denial_service|front_running,101|104|107|113|114|120,Zeus,C:\Users\Exauce\Documents\smart-contract-cgt\source\e4a3eaa3d620e9b76a350dab9a818517.sol
e4b520d104c0a5919c0453939bbdf3fb,7eadd5a752ef7e328a8077397dde56f77abceaa537ee8b560b9bfb9681d45050,0,5,0,5,4,bad_randomness|denial_service|reentrancy|unchecked_low_calls,,104|107|113|120|128,CodeSmells,C:\Users\Exauce\Documents\smart-contract-cgt\source\e4b520d104c0a5919c0453939bbdf3fb.sol
e4bf1068858a8d9d7e68486a469f2b60,82ac7020d967f5177716d43da3ea02d0ec65125035def435a77f53de187c55e0,0,5,0,5,4,bad_randomness|denial_service|reentrancy|unchecked_low_calls,,104|107|113|120|128,CodeSmells,C:\Users\Exauce\Documents\smart-contract-cgt\source\e4bf1068858a8d9d7e68486a469f2b60.sol
e502c66834a8a84b99059b48614b9292,4e1cb2f8862f009f2b4780bce235b66fe15c50639fb1f2a7a0be3e7a9b72e285,0,6,0,6,6,arithmetic|bad_randomness|denial_service|front_running|reentrancy|unchecked_low_calls,,101|104|107|113|114|120,Zeus,C:\Users\Exauce\Documents\smart-contract-cgt\source\e502c66834a8a84b99059b48614b9292.sol
e506b689e410d0d86004bee2664625e8,42c4dc23add443572bf95f12429e066b931db982528dffb6f45c547e747cae64,0,5,0,5,5,bad_randomness|denial_service|front_running|reentrancy|unchecked_low_calls,,104|107|113|114|120,NPChecker,C:\Users\Exauce\Documents\smart-contract-cgt\source\e506b689e410d0d86004bee2664625e8.sol
e56035bd20f238cb9c51827929568f6b,a8035f9fc7422132d0142d8f75903ee34a6665def8a79cfdc5a104db47d11340,1,1,1,0,1,time_manipulation,time_manipulation,116,SolidiFI,C:\Users\Exauce\Documents\smart-contract-cgt\source\e56035bd20f238cb9c51827929568f6b.sol
e59182571e10a3f342f0d419e5975fc1,701a4674ce2516114e6af5b9b0a9e8167a3e51a8523ed6e799fd2a92509f9a57,0,5,0,5,4,bad_randomness|denial_service|reentrancy|unchecked_low_calls,,104|107|113|120|128,CodeSmells,C:\Users\Exauce\Documents\smart-contract-cgt\source\e59182571e10a3f342f0d419e5975fc1.sol
e59f6451f122818aed44a53f31eca60d,bf52f0f1d77f2c7a14287f1d6d2041277af67046365aa35afb7d527fb41a0a56,1,7,3,4,6,arithmetic|bad_randomness|denial_service|front_running|reentrancy|unchecked_low_calls,arithmetic|denial_service|reentrancy,101|104|107|113|114|120,Zeus|eThor,C:\Users\Exauce\Documents\smart-contract-cgt\source\e59f6451f122818aed44a53f31eca60d.sol
e6184a749b8354c86c131e72e2a1ea29,e2f625c909d3c7340f606f73de3da7b494c0131db7a11cd9f16a483d89ff74af,0,1,0,1,1,reentrancy,,107,Doublade,C:\Users\Exauce\Documents\smart-contract-cgt\source\e6184a749b8354c86c131e72e2a1ea29.sol
e66c60b9ef5fb880de5cc9b205b1f05d,b6763bba9100f8f00ccdfefac4976721beba8bd4812bbfb3d9008d68aa893baa,0,1,0,1,1,front_running,,114,EthRacer,C:\Users\Exauce\Documents\smart-contract-cgt\source\e66c60b9ef5fb880de5cc9b205b1f05d.sol
e672313e0a5500206b442c79034b2b4b,f49fddc3fd3679a912483b98c672db95c60dfcc621d9c69828adf0649e5d1d04,1,1,1,0,1,time_manipulation,time_manipulation,116,ContractFuzzer,C:\Users\Exauce\Documents\smart-contract-cgt\source\e672313e0a5500206b442c79034b2b4b.sol
e689db4809e27dee1a41e20e93ff96b4,5b32cedce9d9d5118afa27a95a8f5abd881e02caf009cd0506548b9263cb64f5,0,5,0,5,4,bad_randomness|denial_service|reentrancy|unchecked_low_calls,,104|107|113|120|128,CodeSmells,C:\Users\Exauce\Documents\smart-contract-cgt\source\e689db4809e27dee1a41e20e93ff96b4.sol
e6a4e0115f3c5ebe3b97da0efa5b6c9c,4e389f993bdbdc44254a6c206b23d4c3f7d9e5aad856db3b9ff43a462c388cda,1,5,2,3,5,bad_randomness|denial_service|front_running|reentrancy|unchecked_low_calls,bad_randomness|reentrancy,104|107|113|114|120,Zeus|eThor,C:\Users\Exauce\Documents\smart-contract-cgt\source\e6a4e0115f3c5ebe3b97da0efa5b6c9c.sol
e6a81f14aa2b2851feb74d425451d059,8adec753443ad7bfb429d8ac2e466fc6d3ee9843f94953a2312d18a126101e63,1,5,1,4,4,bad_randomness|denial_service|reentrancy|unchecked_low_calls,bad_randomness,104|107|113|120|128,CodeSmells,C:\Users\Exauce\Documents\smart-contract-cgt\source\e6a81f14aa2b2851feb74d425451d059.sol
e6d38537ab9b642818e4ed986429fa3a,a5e59f0f93b4e7e795f9faed1c51535aa5d71d2ff63a31a8a26789bf9b66aea3,1,7,4,3,6,arithmetic|bad_randomness|denial_service|front_running|reentrancy|unchecked_low_calls,arithmetic|denial_service|front_running|unchecked_low_calls,101|104|107|113|114|120,Zeus|eThor,C:\Users\Exauce\Documents\smart-contract-cgt\source\e6d38537ab9b642818e4ed986429fa3a.sol
e6e420e0df72ea0cd1560498ee7d392e,6a24756c3996fa2883e31274f74ee67836bf29e1f8c35c1cf85e09c04d301c18,1,6,1,5,6,arithmetic|bad_randomness|denial_service|front_running|reentrancy|unchecked_low_calls,arithmetic,101|104|107|113|114|120,Zeus,C:\Users\Exauce\Documents\smart-contract-cgt\source\e6e420e0df72ea0cd1560498ee7d392e.sol
e6f30740b18077eff5c5a532a200e877,79110ca54fb5976185004e8d290f3d892872bbe16448eddc3315e31905734a75,1,1,1,0,1,unchecked_low_calls,unchecked_low_calls,104,ContractFuzzer,C:\Users\Exauce\Documents\smart-contract-cgt\source\e6f30740b18077eff5c5a532a200e877.sol
e71c3e3c70bcdc95207c806874e84d23,bfc10c7b260deb005be2c21eae6649db97dc81f9a3d2bb88c962ec01a61b7443,1,5,1,4,4,bad_randomness|denial_service|reentrancy|unchecked_low_calls,bad_randomness,104|107|113|120|128,CodeSmells,C:\Users\Exauce\Documents\smart-contract-cgt\source\e71c3e3c70bcdc95207c806874e84d23.sol
e7442bc592d06003d138f7278d3853bf,8be12e74f00ad279aa4225bbcaf65a87d82118021103f0b8117608682a43a2b1,1,1,1,0,1,bad_randomness,bad_randomness,120,ContractFuzzer,C:\Users\Exauce\Documents\smart-contract-cgt\source\e7442bc592d06003d138f7278d3853bf.sol
e7552d457c118b2d50a774d3673093a3,b2fb0ae7c9a42a7e9c2bfc41e53392888a2261660b648cbc56a90088906e35d9,1,6,3,3,6,arithmetic|bad_randomness|denial_service|front_running|reentrancy|unchecked_low_calls,arithmetic|bad_randomness|reentrancy,101|104|107|113|114|120,Zeus,C:\Users\Exauce\Documents\smart-contract-cgt\source\e7552d457c118b2d50a774d3673093a3.sol
e762f1f8c63f997e82cc6e3950ecf74c,3ed19ee2b4f031cb6dacee9d7f2342e7e8bd2cda382f902a1b979853b40b6ac4,0,1,0,1,1,bad_randomness,,120,JiuZhou,C:\Users\Exauce\Documents\smart-contract-cgt\source\e762f1f8c63f997e82cc6e3950ecf74c.sol
e78bdde9c6579caf74f33dc9bd38b37a,bb4080484fd2e78ff4422b4e60a3ad9c5596af105981369204edf74f7bb4f9e7,1,5,2,3,5,arithmetic|bad_randomness|denial_service|front_running|unchecked_low_calls,arithmetic|front_running,101|104|113|114|120,Zeus,C:\Users\Exauce\Documents\smart-contract-cgt\source\e78bdde9c6579caf74f33dc9bd38b37a.sol
e79ed3493b1cec20cadf900589096fc5,0f7b244f4d0d127bed61fcbd0d5b77eaa8e3e5e2fab51a343dc9ba00fd857036,1,6,3,3,6,arithmetic|bad_randomness|denial_service|front_running|reentrancy|unchecked_low_calls,arithmetic|bad_randomness|front_running,101|104|107|113|114|120,Zeus,C:\Users\Exauce\Documents\smart-contract-cgt\source\e79ed3493b1cec20cadf900589096fc5.sol
e7b6184777b29e1b128a9d20e2df462e,e0cf6d74b51eb2cd81f45c727dcee431c57bc6e026be31182f120fb06448e461,0,1,0,1,1,arithmetic,,101,SWCregistry,C:\Users\Exauce\Documents\smart-contract-cgt\source\e7b6184777b29e1b128a9d20e2df462e.sol
e7bb8da4b0aea4f519ab9bc25b5ee5ad,f1ff2a0fc4ab13291cfe838a449f674722c22cb937ff87d9b691e1245a5c544a,0,5,0,5,4,bad_randomness|denial_service|reentrancy|unchecked_low_calls,,104|107|113|120|128,CodeSmells,C:\Users\Exauce\Documents\smart-contract-cgt\source\e7bb8da4b0aea4f519ab9bc25b5ee5ad.sol
e7f04af95913082f10994f9b496e98a4,b328bbd355076340a760d26921029ba51d98f7cc415765f063de837f5085412c,1,7,1,6,6,arithmetic|bad_randomness|denial_service|front_running|reentrancy|unchecked_low_calls,arithmetic,101|104|107|113|114|120,Zeus|eThor,C:\Users\Exauce\Documents\smart-contract-cgt\source\e7f04af95913082f10994f9b496e98a4.sol
e804c36ca855c38c944c8e1091b5254c,3d66f63e86ae31ec0ebe3a4ffc4ed0d65e67fa5b141900590acccbd70850b82f,0,1,0,1,1,reentrancy,,107,Doublade,C:\Users\Exauce\Documents\smart-contract-cgt\source\e804c36ca855c38c944c8e1091b5254c.sol
e82920c4cb817705d773f559533ddb5c,c13efd98756170295549b3d1df2e3e589669d00272669ea34483d29e526a84de,0,5,0,5,4,bad_randomness|denial_service|reentrancy|unchecked_low_calls,,104|107|113|120|128,CodeSmells,C:\Users\Exauce\Documents\smart-contract-cgt\source\e82920c4cb817705d773f559533ddb5c.sol
e858f8ad8b06c4b8c81b4cb89aa377de,1ffa23a52022d22ab7f463c1462dd5398262ad62a1c02fc16ecebff1ec19880e,0,5,0,5,4,bad_randomness|denial_service|reentrancy|unchecked_low_calls,,104|107|113|120|128,CodeSmells,C:\Users\Exauce\Documents\smart-contract-cgt\source\e858f8ad8b06c4b8c81b4cb89aa377de.sol
e86a4faeb5def1a7a7f9adf5ea82decc,4d8021e8ab982b7adda28983bd22cb0e919e313b7aab68c596b03dfd61c8cc9c,0,5,0,5,4,bad_randomness|denial_service|reentrancy|unchecked_low_calls,,104|107|113|120|128,CodeSmells,C:\Users\Exauce\Documents\smart-contract-cgt\source\e86a4faeb5def1a7a7f9adf5ea82decc.sol
e899eb25cdfc17cc9f8e67445cc63bf8,3bc89dc9afe05a6363dd7eafa2b34b3128da972820385822e79d03377c099da0,1,6,4,2,6,arithmetic|bad_randomness|denial_service|front_running|reentrancy|unchecked_low_calls,arithmetic|bad_randomness|front_running|unchecked_low_calls,101|104|107|113|114|120,Zeus,C:\Users\Exauce\Documents\smart-contract-cgt\source\e899eb25cdfc17cc9f8e67445cc63bf8.sol
e8aa00604d5fcaa858ecaae3d086ad9f,4602366c89b7ef0a58ffae66f7a6acac7ad02ff61f01978010375a2fcde18ea7,1,1,1,0,1,time_manipulation,time_manipulation,116,ContractFuzzer,C:\Users\Exauce\Documents\smart-contract-cgt\source\e8aa00604d5fcaa858ecaae3d086ad9f.sol
e8e7363e3312d4fd4ee72c82dd49491a,769a7957d17477f709b7ec47c66330416b17fb67867c6f20edf1086294a82f05,0,6,0,6,6,arithmetic|bad_randomness|denial_service|front_running|reentrancy|unchecked_low_calls,,101|104|107|113|114|120,Zeus,C:\Users\Exauce\Documents\smart-contract-cgt\source\e8e7363e3312d4fd4ee72c82dd49491a.sol
e90a0d11afec78b1f540d7e48eb7fdc9,e462d3f3bdd8d0c86d3cdde14ec67b723d9974b224eb66ae7e788e1e8bf119bc,0,5,0,5,4,bad_randomness|denial_service|reentrancy|unchecked_low_calls,,104|107|113|120|128,CodeSmells,C:\Users\Exauce\Documents\smart-contract-cgt\source\e90a0d11afec78b1f540d7e48eb7fdc9.sol
e9469221238f5f3f5c8deccfccaa4e09,e76edccf1a27524de150ca4c9a83bb03cab038f85646d497b555b59baebc6d51,1,1,1,0,1,time_manipulation,time_manipulation,116,ContractFuzzer,C:\Users\Exauce\Documents\smart-contract-cgt\source\e9469221238f5f3f5c8deccfccaa4e09.sol
e95c639ae983608bd8f7899ae8d5fdc3,2e04eb39385de8a1202da8dda1e8323cbc38fc7464589df0f3cc82c3691b85d3,1,1,1,0,1,arithmetic,arithmetic,101,EverEvolvingG,C:\Users\Exauce\Documents\smart-contract-cgt\source\e95c639ae983608bd8f7899ae8d5fdc3.sol
e96ac06cbc1f57f65cb97d5b9c94ad67,bb339a08b6541443e32f7b0ebbfacd04bd996a7531c5b4f015fd9ffe8c117b56,1,1,1,0,1,arithmetic,arithmetic,101,SolidiFI,C:\Users\Exauce\Documents\smart-contract-cgt\source\e96ac06cbc1f57f65cb97d5b9c94ad67.sol
e97095d817a8c31fc516a7c82778eb11,912a80e9ab1956368465e680e52a1edc0ec0eda9004dbc3ef50878c66a4c1a91,1,1,1,0,1,time_manipulation,time_manipulation,116,SolidiFI,C:\Users\Exauce\Documents\smart-contract-cgt\source\e97095d817a8c31fc516a7c82778eb11.sol
e98abd560d5d30ead0c4a2791d0d94ad,bd487cc751cc7e889b89bdfff698dd8b441ef1f502eb28bc6870288b74bfd737,0,5,0,5,4,bad_randomness|denial_service|reentrancy|unchecked_low_calls,,104|107|113|120|128,CodeSmells,C:\Users\Exauce\Documents\smart-contract-cgt\source\e98abd560d5d30ead0c4a2791d0d94ad.sol
e9bfb1196c3d5b8f2515b073f5b9b94b,c6a52fc863b50d199fc3fd7d2d2dbe71ad66d510828621e7029f36dcffbead5e,1,1,1,0,1,time_manipulation,time_manipulation,116,ContractFuzzer,C:\Users\Exauce\Documents\smart-contract-cgt\source\e9bfb1196c3d5b8f2515b073f5b9b94b.sol
e9c7d89dc75cb2c0a9b529cab4646eac,73847b2d4d973bf488cf06bf0b2ea68e955e34cf2645217fa10d1c6b9bd40255,1,7,3,4,6,arithmetic|bad_randomness|denial_service|front_running|reentrancy|unchecked_low_calls,arithmetic|front_running|unchecked_low_calls,101|104|107|113|114|120,Zeus|eThor,C:\Users\Exauce\Documents\smart-contract-cgt\source\e9c7d89dc75cb2c0a9b529cab4646eac.sol
e9c876f31584a4f3264263317c81610d,793cf4505d9ed072bfdf09c587f97d9c10032db53bbd031c3d3be2313b9f558d,1,7,1,6,6,arithmetic|bad_randomness|denial_service|front_running|reentrancy|unchecked_low_calls,arithmetic,101|104|107|113|114|120,Zeus|eThor,C:\Users\Exauce\Documents\smart-contract-cgt\source\e9c876f31584a4f3264263317c81610d.sol
e9ce02342a8af53fbbf5a22d8973a55a,8acebee7e8a462353dd3a684d3614bb46011f2511762d1e17bcef96e48f67424,0,5,0,5,4,bad_randomness|denial_service|reentrancy|unchecked_low_calls,,104|107|113|120|128,CodeSmells,C:\Users\Exauce\Documents\smart-contract-cgt\source\e9ce02342a8af53fbbf5a22d8973a55a.sol
e9e4c851cf597ec522baac78b4b3db92,8fd9f7fbabc8940b1022e87996a3c6acff634bf860186121aaa544827b81746e,1,1,1,0,1,arithmetic,arithmetic,101,EverEvolvingG,C:\Users\Exauce\Documents\smart-contract-cgt\source\e9e4c851cf597ec522baac78b4b3db92.sol
e9f01f273032dc3b0989bd9401d6f93c,48e8352109b6426360c6e797317c236f163730f5a93f84916e113c6bd14b2767,1,7,2,5,6,arithmetic|bad_randomness|denial_service|front_running|reentrancy|unchecked_low_calls,arithmetic|reentrancy,101|104|107|113|114|120,Zeus|eThor,C:\Users\Exauce\Documents\smart-contract-cgt\source\e9f01f273032dc3b0989bd9401d6f93c.sol
ea096063d63d26cc1cccfb57d4814bf9,928e18b5613f283a8f98fd9a0eb0446db0b7c5a1bae516cbfc0907a2ffa72603,1,1,1,0,1,unchecked_low_calls,unchecked_low_calls,104,SolidiFI,C:\Users\Exauce\Documents\smart-contract-cgt\source\ea096063d63d26cc1cccfb57d4814bf9.sol
ea2c99b932523910c5a1773c40e48fe6,231d6dc2fc864b938438b70ab833633caa6450abe147986677f94c747a46335d,1,12,3,9,6,arithmetic|bad_randomness|denial_service|front_running|reentrancy|unchecked_low_calls,arithmetic|denial_service|front_running,101|104|107|113|114|120|128,CodeSmells|Zeus|eThor,C:\Users\Exauce\Documents\smart-contract-cgt\source\ea2c99b932523910c5a1773c40e48fe6.sol
ea2d4771565653e97658cbd5f5f9c8de,63e6ba6125e7315b3e3589a2c6c1f75e2acdb5bb17d7b0cb6686ae34ffce881f,0,6,0,6,6,arithmetic|bad_randomness|denial_service|front_running|reentrancy|unchecked_low_calls,,101|104|107|113|114|120,Zeus,C:\Users\Exauce\Documents\smart-contract-cgt\source\ea2d4771565653e97658cbd5f5f9c8de.sol
ea61793839feb445b7a128fad37be635,b13db795623838f6a93c12ce1ce8a4bdb8309ae9295f7cc70d6166e068037131,0,6,0,6,6,arithmetic|bad_randomness|denial_service|front_running|reentrancy|unchecked_low_calls,,101|104|107|113|114|120,Zeus,C:\Users\Exauce\Documents\smart-contract-cgt\source\ea61793839feb445b7a128fad37be635.sol
ea66721f833092c4ab94cc5bc34dd245,374ae7890529f4b5bfd00e722264d04960e01eb845e016795d5f271cde9ee554,0,6,0,6,6,arithmetic|bad_randomness|denial_service|front_running|reentrancy|unchecked_low_calls,,101|104|107|113|114|120,Zeus,C:\Users\Exauce\Documents\smart-contract-cgt\source\ea66721f833092c4ab94cc5bc34dd245.sol
eab710e1913e6d01b201535cc987a224,db833426bf4e2f341735338b48734441fc32bd6535450f312d88dcf9c9979037,1,7,3,4,6,arithmetic|bad_randomness|denial_service|front_running|reentrancy|unchecked_low_calls,arithmetic|denial_service|reentrancy,101|104|107|113|114|120,Zeus|eThor,C:\Users\Exauce\Documents\smart-contract-cgt\source\eab710e1913e6d01b201535cc987a224.sol
eb053adcb90dea53033c9bda292cfa7d,3f373d4ce7acf41a1ac4d6b64a9f51c6c59d54349575cfb0d3c18c7505584308,1,6,1,5,6,arithmetic|bad_randomness|denial_service|front_running|reentrancy|unchecked_low_calls,arithmetic,101|104|107|113|114|120,Zeus,C:\Users\Exauce\Documents\smart-contract-cgt\source\eb053adcb90dea53033c9bda292cfa7d.sol
eb5042677f22c86f14ba35084696068d,ecf142a31ad88b57536caefcd4c917f0e43e92c77434db0c8326cfec76b722f5,0,5,0,5,4,bad_randomness|denial_service|reentrancy|unchecked_low_calls,,104|107|113|120|128,CodeSmells,C:\Users\Exauce\Documents\smart-contract-cgt\source\eb5042677f22c86f14ba35084696068d.sol
eb735ff57f5529259a078b3ac7aaf044,ba82e7d44cb624f66d68cae5564c28d17586b14e272d1d08bc05ae6ca5842328,1,6,4,2,6,arithmetic|bad_randomness|denial_service|front_running|reentrancy|unchecked_low_calls,arithmetic|denial_service|front_running|unchecked_low_calls,101|104|107|113|114|120,Zeus,C:\Users\Exauce\Documents\smart-contract-cgt\source\eb735ff57f5529259a078b3ac7aaf044.sol
eb98fd734701d6fbd6a0f61b3423030e,f56ef7a4bb3e8630a880f7ee2b6469bc93a800e2cd80f22163a7f4cbf1609419,1,1,1,0,1,time_manipulation,time_manipulation,116,SolidiFI,C:\Users\Exauce\Documents\smart-contract-cgt\source\eb98fd734701d6fbd6a0f61b3423030e.sol
eb9a75646418402795fced423d6e6e07,f6f08727295d4d4a47092d40230fe80288a397108f13547811455b19ab99fe39,0,5,0,5,4,bad_randomness|denial_service|reentrancy|unchecked_low_calls,,104|107|113|120|128,CodeSmells,C:\Users\Exauce\Documents\smart-contract-cgt\source\eb9a75646418402795fced423d6e6e07.sol
eba12443026a55a22d4aac31c1962969,3fcf7e13f460f0beff13c7973208611da598b0934d0a5c864e39297d2627caab,1,5,1,4,4,bad_randomness|denial_service|reentrancy|unchecked_low_calls,unchecked_low_calls,104|107|113|120|128,CodeSmells,C:\Users\Exauce\Documents\smart-contract-cgt\source\eba12443026a55a22d4aac31c1962969.sol
ebdb09d972e2075542632951fff14dd5,ce9c89aa82b91185ac7a6893a7a19c2082307b6cdfe0cd5d1c3f1d7f9a1d9a4e,0,6,0,6,6,arithmetic|bad_randomness|denial_service|front_running|reentrancy|unchecked_low_calls,,101|104|107|113|114|120,Zeus,C:\Users\Exauce\Documents\smart-contract-cgt\source\ebdb09d972e2075542632951fff14dd5.sol
ebeb94501ca257313d865a620b97a88d,98ece3600c5870c3aad4021c964bdc6c5413748acca9818cd6f695fa72c46749,0,5,0,5,4,bad_randomness|denial_service|reentrancy|unchecked_low_calls,,104|107|113|120|128,CodeSmells,C:\Users\Exauce\Documents\smart-contract-cgt\source\ebeb94501ca257313d865a620b97a88d.sol
ebeee1e4e51dcf66b1932780a3913eab,9b69fd6c87f671cc4b3ad11af95d5a173080076cf32afa15d80f4fcead3c92b2,0,6,0,6,6,arithmetic|bad_randomness|denial_service|front_running|reentrancy|unchecked_low_calls,,101|104|107|113|114|120,Zeus,C:\Users\Exauce\Documents\smart-contract-cgt\source\ebeee1e4e51dcf66b1932780a3913eab.sol
ebf68a9d9728eba5c20c01dd7e61c098,c668050eb89767ab0b7faa810390fb41b047d73f5ba41e5c5bc255dfaaf80d6b,1,7,3,4,6,arithmetic|bad_randomness|denial_service|front_running|reentrancy|unchecked_low_calls,arithmetic|denial_service|reentrancy,101|104|107|113|114|120,Zeus|eThor,C:\Users\Exauce\Documents\smart-contract-cgt\source\ebf68a9d9728eba5c20c01dd7e61c098.sol
ebf9a12353f50c3020be7a9e435cccd4,cc95e8b910754a86a0e0a0ca44578c32b6fef70240912e8e67053fe82b887e67,1,6,1,5,6,arithmetic|bad_randomness|denial_service|front_running|reentrancy|unchecked_low_calls,arithmetic,101|104|107|113|114|120,Zeus,C:\Users\Exauce\Documents\smart-contract-cgt\source\ebf9a12353f50c3020be7a9e435cccd4.sol
ec3a556742f883e7d185dc9d92b2e517,65f7661919acb79c03f474fcc744b6cfa6aaa6d7e293f66e4b531cdea425f363,0,5,0,5,4,bad_randomness|denial_service|reentrancy|unchecked_low_calls,,104|107|113|120|128,CodeSmells,C:\Users\Exauce\Documents\smart-contract-cgt\source\ec3a556742f883e7d185dc9d92b2e517.sol
ec576651a1fc20bacd0201358c6c1c38,654b63491cf61c8950eb6982b6f546fa6e14c20a1a967d37f0d394f11f93f583,0,1,0,1,1,denial_service,,128,JiuZhou,C:\Users\Exauce\Documents\smart-contract-cgt\source\ec576651a1fc20bacd0201358c6c1c38.sol
ec7ad4af1fc95654260069e7932dbf3d,a6d5d3de64d313ecae153c93c8426923fdc63bc21dbffa2e40ea0c194a945936,1,1,1,0,1,reentrancy,reentrancy,107,EverEvolvingG,C:\Users\Exauce\Documents\smart-contract-cgt\source\ec7ad4af1fc95654260069e7932dbf3d.sol
ec847c962f9fb6580705ff8261582181,08896a354d1cfecbf222dfe0dad8969b8457e0abfe09f3776a64c2c8137a9988,1,6,2,4,6,arithmetic|bad_randomness|denial_service|front_running|reentrancy|unchecked_low_calls,arithmetic|reentrancy,101|104|107|113|114|120,Zeus,C:\Users\Exauce\Documents\smart-contract-cgt\source\ec847c962f9fb6580705ff8261582181.sol
ec9ea455a11617612ae57534c9668c1a,9c1f25e03222e66eabe3944ee85cb6b4e67376168b6ddde029211ca8d597772b,1,4,1,3,4,denial_service|front_running|reentrancy|unchecked_low_calls,reentrancy,104|107|113|114,Zeus|eThor,C:\Users\Exauce\Documents\smart-contract-cgt\source\ec9ea455a11617612ae57534c9668c1a.sol
ecb01576c9b028c5be086804a41ced45,2c92f41170f51bc3ace0f2f7ddadb7075f5e8e143a69bf3c22f4796f2197da23,1,1,1,0,1,front_running,front_running,114,SolidiFI,C:\Users\Exauce\Documents\smart-contract-cgt\source\ecb01576c9b028c5be086804a41ced45.sol
ecc1b7fe8d446306a5feb47498d7891a,35308ed0cb309d8b66ba2f8afcbe823a819edd78b6036cf51461ff516e534b25,1,6,2,4,6,arithmetic|bad_randomness|denial_service|front_running|reentrancy|unchecked_low_calls,arithmetic|front_running,101|104|107|113|114|120,Zeus,C:\Users\Exauce\Documents\smart-contract-cgt\source\ecc1b7fe8d446306a5feb47498d7891a.sol
ed0584ca28955adfa4f8ad1f340b4b4b,e6bdd752942512c274bf35a84ff04441c9b58eaff871091554b99bda8c3643c5,1,9,1,8,5,bad_randomness|denial_service|front_running|reentrancy|unchecked_low_calls,unchecked_low_calls,104|107|113|114|120,NPChecker|Zeus|eThor,C:\Users\Exauce\Documents\smart-contract-cgt\source\ed0584ca28955adfa4f8ad1f340b4b4b.sol
ed0a3936e5468deed4926edb8cdc8da8,4fa6a0cfa456f375d2d90f255b634e6310f2e7d11afa53f2095fbd14297ad8af,1,1,1,0,1,time_manipulation,time_manipulation,116,ContractFuzzer,C:\Users\Exauce\Documents\smart-contract-cgt\source\ed0a3936e5468deed4926edb8cdc8da8.sol
ed3647d2d69fd5e5f583aa60c760e182,ab6cc1262d5078abbdda9da3762c5aed8cfb47abd80e890b2445eb9219b35e7d,0,5,0,5,4,bad_randomness|denial_service|reentrancy|unchecked_low_calls,,104|107|113|120|128,CodeSmells,C:\Users\Exauce\Documents\smart-contract-cgt\source\ed3647d2d69fd5e5f583aa60c760e182.sol
ed606b88efc467bfa638c98b18b79026,8924c269f085824be4df348783b621c7b8dd7258c8982d76988b50f3b6e5c3e6,0,5,0,5,4,bad_randomness|denial_service|reentrancy|unchecked_low_calls,,104|107|113|120|128,CodeSmells,C:\Users\Exauce\Documents\smart-contract-cgt\source\ed606b88efc467bfa638c98b18b79026.sol
ed74032c6b033d0b157a1caad90b04f2,285782ce561137470ba46a0e757e4cd1a8a17b745745ff178caa076bb730fee9,0,1,0,1,1,front_running,,114,EthRacer,C:\Users\Exauce\Documents\smart-contract-cgt\source\ed74032c6b033d0b157a1caad90b04f2.sol
eddc7a165186a00f721b260eb57b3dbf,b7343916d266c2e481ee6d094ab8567e99a89a1727c707e07315b85f3a476c42,0,5,0,5,4,bad_randomness|denial_service|reentrancy|unchecked_low_calls,,104|107|113|120|128,CodeSmells,C:\Users\Exauce\Documents\smart-contract-cgt\source\eddc7a165186a00f721b260eb57b3dbf.sol
ee2d0eb3ac1a3f690e333ac45e402b55,050833309c0119369f954bffc684ad959dbe9c0cd809507594f5e3e17965e58d,1,1,1,0,1,unchecked_low_calls,unchecked_low_calls,104,SBcurated,C:\Users\Exauce\Documents\smart-contract-cgt\source\ee2d0eb3ac1a3f690e333ac45e402b55.sol
ee686c1134498ebb2157cb061acc2b75,7ee185d1708b54d81c4528e6c7324e8f7757f184648997c68518b77cac112a5c,1,1,1,0,1,arithmetic,arithmetic,101,SolidiFI,C:\Users\Exauce\Documents\smart-contract-cgt\source\ee686c1134498ebb2157cb061acc2b75.sol
ee699a6fc9992d86e5b34e6086624d12,88deabb5ab7ed7dd2dfc55f573821315465424fe0fc72837ec43ddc39943bbd1,0,1,0,1,1,reentrancy,,107,Doublade,C:\Users\Exauce\Documents\smart-contract-cgt\source\ee699a6fc9992d86e5b34e6086624d12.sol
eeb8a715772f7bb64bc4c900eb83b124,278e3ddd7dec775ba8aed8eb8c5b676798ac93e52402ce542d3dfa4334e6c9e7,1,1,1,0,1,front_running,front_running,114,EthRacer,C:\Users\Exauce\Documents\smart-contract-cgt\source\eeb8a715772f7bb64bc4c900eb83b124.sol
eeb9649dabbb43065a6b417de426e29e,9887191836df494e5c82dbd4bc9634f09d5732e1eac320c85fcf00e2f1b57b24,0,5,0,5,4,bad_randomness|denial_service|reentrancy|unchecked_low_calls,,104|107|113|120|128,CodeSmells,C:\Users\Exauce\Documents\smart-contract-cgt\source\eeb9649dabbb43065a6b417de426e29e.sol
eebbd1de0bd005402b5dde75513c45f6,c9330e6c188235615980578995ee78a612ea145e435599937891fb776aa15a3c,1,7,1,6,6,arithmetic|bad_randomness|denial_service|front_running|reentrancy|unchecked_low_calls,reentrancy,101|104|107|113|114|120,Zeus|eThor,C:\Users\Exauce\Documents\smart-contract-cgt\source\eebbd1de0bd005402b5dde75513c45f6.sol
eed10a52c5dad384f20562413f6bf666,68cca49672de9ac467d5536c9fb945a31e0795d913c90afaca4d16d7b05da44e,1,1,1,0,1,time_manipulation,time_manipulation,116,ContractFuzzer,C:\Users\Exauce\Documents\smart-contract-cgt\source\eed10a52c5dad384f20562413f6bf666.sol
eed77a0bd3a6e3e4fadd35e77dcc5b2d,c6669051e6f7419923e9d8d98536732edfdd80c50cc85fc95e46f5005767403a,1,7,3,4,6,arithmetic|bad_randomness|denial_service|front_running|reentrancy|unchecked_low_calls,arithmetic|denial_service|reentrancy,101|104|107|113|114|120,Zeus|eThor,C:\Users\Exauce\Documents\smart-contract-cgt\source\eed77a0bd3a6e3e4fadd35e77dcc5b2d.sol
eee82aa71813ad5e213bdc4371c3506f,05da6263c084d0e7ed09c784681e6f9ec8d8d5974cb02f98cd695726d8e61ba9,0,7,0,7,6,arithmetic|bad_randomness|denial_service|front_running|reentrancy|unchecked_low_calls,,101|104|107|113|114|120,Zeus|eThor,C:\Users\Exauce\Documents\smart-contract-cgt\source\eee82aa71813ad5e213bdc4371c3506f.sol
eeec1e8a9be3b58748c8e9f28342e429,487ad3ee9c88665af30947f2b03a53b0c2dde59aeb5a0979255da83dd27f631d,1,1,1,0,1,reentrancy,reentrancy,107,Doublade,C:\Users\Exauce\Documents\smart-contract-cgt\source\eeec1e8a9be3b58748c8e9f28342e429.sol
ef070ffab235d8bf03803ddb44f72c8f,d7b9e9fcf294089f8f3869e578b08ec90bdce91a2fefb0fbc293efc02015b340,1,1,1,0,1,time_manipulation,time_manipulation,116,ContractFuzzer,C:\Users\Exauce\Documents\smart-contract-cgt\source\ef070ffab235d8bf03803ddb44f72c8f.sol
ef0f4b8310ff1ff7275a75136ac5f11a,d032b04206c0b4d4a1fd8f8400ee4a2868a9e7bbde0fde16c11a045a9b973d9e,1,5,1,4,4,bad_randomness|denial_service|reentrancy|unchecked_low_calls,reentrancy,104|107|113|120|128,CodeSmells,C:\Users\Exauce\Documents\smart-contract-cgt\source\ef0f4b8310ff1ff7275a75136ac5f11a.sol
ef18d8b8fdf63022efa4bafb43afbdab,9abcb7ad68fbe7743423535cf39f6d036038f13afd8462012f28996d281594f4,1,7,3,4,6,arithmetic|bad_randomness|denial_service|front_running|reentrancy|unchecked_low_calls,arithmetic|denial_service|reentrancy,101|104|107|113|114|120,Zeus|eThor,C:\Users\Exauce\Documents\smart-contract-cgt\source\ef18d8b8fdf63022efa4bafb43afbdab.sol
ef1b8377a1a1bacead3b973bfe425861,04895beab22162f91bb948a9816a99e16c2cdaa86440d271f654ba762dbcbc83,0,6,0,6,6,arithmetic|bad_randomness|denial_service|front_running|reentrancy|unchecked_low_calls,,101|104|107|113|114|120,Zeus,C:\Users\Exauce\Documents\smart-contract-cgt\source\ef1b8377a1a1bacead3b973bfe425861.sol
ef28310f7be928789d33bae92bd843c5,5d596f7570bc3fa15db3d9be89e002fbbce1e9dca15affd2ed1c8af03d9362bf,1,12,5,7,6,arithmetic|bad_randomness|denial_service|front_running|reentrancy|unchecked_low_calls,denial_service|front_running|reentrancy,101|104|107|113|114|120,NPChecker|Zeus|eThor,C:\Users\Exauce\Documents\smart-contract-cgt\source\ef28310f7be928789d33bae92bd843c5.sol
ef3c74dc6231ba37394c46b2fbe5dccf,1fd5dce0ccaa81d5b8e1dafce38ae8a7289e090b3d54d0d30e6d0671c135a072,1,2,2,0,2,bad_randomness|time_manipulation,bad_randomness|time_manipulation,116|120,ContractFuzzer,C:\Users\Exauce\Documents\smart-contract-cgt\source\ef3c74dc6231ba37394c46b2fbe5dccf.sol
ef9a3b92a5629baddf4c912b91bbe929,0392d542f625ad6225de435f6140544b25556e4c0de1d011fb47e3e2bb1f713a,1,1,1,0,1,reentrancy,reentrancy,107,EverEvolvingG,C:\Users\Exauce\Documents\smart-contract-cgt\source\ef9a3b92a5629baddf4c912b91bbe929.sol
efb56b0c125fc8a75f65f6d0112b2e2b,2129345cd5fe1259cafaf0e62631db333b185ed77bb6370df2e0fa99f5aad7f0,0,5,0,5,4,bad_randomness|denial_service|reentrancy|unchecked_low_calls,,104|107|113|120|128,CodeSmells,C:\Users\Exauce\Documents\smart-contract-cgt\source\efb56b0c125fc8a75f65f6d0112b2e2b.sol
efc84c3cd7df105f6d4b07c7ec9528ec,670afdf7a1721ea2a558a93bd51a82769bcdb29f44dd94d71d3abbba709766b7,0,5,0,5,4,bad_randomness|denial_service|reentrancy|unchecked_low_calls,,104|107|113|120|128,CodeSmells,C:\Users\Exauce\Documents\smart-contract-cgt\source\efc84c3cd7df105f6d4b07c7ec9528ec.sol
efc9f62c3de129eb151339cad1e8ac23,ebc54d1ab7bd4007bf7d93d8b8dcb4b96c99f2f979901dfb0fed3a6f1117ec74,1,6,3,3,6,arithmetic|bad_randomness|denial_service|front_running|reentrancy|unchecked_low_calls,arithmetic|denial_service|front_running,101|104|107|113|114|120,Zeus,C:\Users\Exauce\Documents\smart-contract-cgt\source\efc9f62c3de129eb151339cad1e8ac23.sol
efe5ebd718c6afa9c24214bb4373b40d,bc0705aa7bc054498b92b4f0347611f16d4f4ddb3b31ff0938a10941abb84701,0,3,0,3,2,reentrancy|unchecked_low_calls,,104|107,Doublade,C:\Users\Exauce\Documents\smart-contract-cgt\source\efe5ebd718c6afa9c24214bb4373b40d.sol
f0049b599a093af989ba15744008343e,5ce883dd775f9279a54fa09a6c2bf5021bccdd13418d60e71b5ba4ddb237d118,1,7,3,4,6,arithmetic|bad_randomness|denial_service|front_running|reentrancy|unchecked_low_calls,arithmetic|front_running|unchecked_low_calls,101|104|107|113|114|120,Zeus|eThor,C:\Users\Exauce\Documents\smart-contract-cgt\source\f0049b599a093af989ba15744008343e.sol
f044d3334e676d85cbf2d524c7ee4b97,762de575c8f788bb5ae39ba7b4620922581bd5170993112dbf2f35f3bc5f8148,1,7,3,4,6,arithmetic|bad_randomness|denial_service|front_running|reentrancy|unchecked_low_calls,arithmetic|denial_service|reentrancy,101|104|107|113|114|120,Zeus|eThor,C:\Users\Exauce\Documents\smart-contract-cgt\source\f044d3334e676d85cbf2d524c7ee4b97.sol
f05b954ac42dabe5b0d58dba8a449406,f3bd33f4af8e1c30c1f1a04b598762e4ea4a2034750f7bbd097a920a719ad8f9,0,5,0,5,5,bad_randomness|denial_service|front_running|reentrancy|unchecked_low_calls,,104|107|113|114|120,Zeus,C:\Users\Exauce\Documents\smart-contract-cgt\source\f05b954ac42dabe5b0d58dba8a449406.sol
f0cc245b44a751cbc1830693d6df857c,29d1d9b2e183ea3c5cc91cf09605efe125b5e4e4c93fcd73440295ac59e6497d,1,1,1,0,1,time_manipulation,time_manipulation,116,ContractFuzzer,C:\Users\Exauce\Documents\smart-contract-cgt\source\f0cc245b44a751cbc1830693d6df857c.sol
f0e4b5aa4dcae2d593033ff8dc473b9a,5c5aa03fcdadbfd400dcaad973779d8df8f2ea6a07da7616d30336fdce3f6db6,0,5,0,5,4,bad_randomness|denial_service|reentrancy|unchecked_low_calls,,104|107|113|120|128,CodeSmells,C:\Users\Exauce\Documents\smart-contract-cgt\source\f0e4b5aa4dcae2d593033ff8dc473b9a.sol
f0e8647ebc38253970221792efa947f3,1c505a36097b50a537741205e22f54e42bdb38d5c4c59fd97f04dcaeef7ffed5,1,5,2,3,5,arithmetic|bad_randomness|denial_service|front_running|unchecked_low_calls,arithmetic|front_running,101|104|113|114|120,Zeus,C:\Users\Exauce\Documents\smart-contract-cgt\source\f0e8647ebc38253970221792efa947f3.sol
f0f27a563953c88c95031b53f4bde0dd,67fa7e236cd85bbd579d982802b6b8ec8f50b35e48951d183a78783cdac9b8fd,1,1,1,0,1,arithmetic,arithmetic,101,SolidiFI,C:\Users\Exauce\Documents\smart-contract-cgt\source\f0f27a563953c88c95031b53f4bde0dd.sol
f0f4963676f6caf31ce911ac8132321e,18510931f675747e788a373df2af63138fb57c68f29e159a3160d24d05439360,1,6,1,5,5,bad_randomness|denial_service|reentrancy|time_manipulation|unchecked_low_calls,time_manipulation,104|107|113|116|120|128,CodeSmells|ContractFuzzer,C:\Users\Exauce\Documents\smart-contract-cgt\source\f0f4963676f6caf31ce911ac8132321e.sol
f1239915021736421c13fb9a3acb998b,dd06b9aa0a989a6b14059f44e6b5587495ee119ce76f788e5103cde583656b20,0,5,0,5,4,bad_randomness|denial_service|reentrancy|unchecked_low_calls,,104|107|113|120|128,CodeSmells,C:\Users\Exauce\Documents\smart-contract-cgt\source\f1239915021736421c13fb9a3acb998b.sol
f12ef52b0d4e6018344fcb33a7da9d9f,f77d7033cf1235d5aa582d666f87143b18315e0a9608f06274d1155d102a2df1,0,5,0,5,4,bad_randomness|denial_service|reentrancy|unchecked_low_calls,,104|107|113|120|128,CodeSmells,C:\Users\Exauce\Documents\smart-contract-cgt\source\f12ef52b0d4e6018344fcb33a7da9d9f.sol
f154f64d05c892166d264ceb222e6318,d72bea423eb5e408ddc5209b4da8e72c1725b22b1e7187d2d8a824f1594a05a0,0,5,0,5,4,bad_randomness|denial_service|reentrancy|unchecked_low_calls,,104|107|113|120|128,CodeSmells,C:\Users\Exauce\Documents\smart-contract-cgt\source\f154f64d05c892166d264ceb222e6318.sol
f15cc5d5bc8ed0e1666b9b6b00dc6bdf,17cffb11e1098a2ca8864ffd7a60bbb3f98e3b91d10a2766373a7441a91e27b1,0,11,0,11,6,arithmetic|bad_randomness|denial_service|front_running|reentrancy|unchecked_low_calls,,101|104|107|113|114|120|128,CodeSmells|Zeus,C:\Users\Exauce\Documents\smart-contract-cgt\source\f15cc5d5bc8ed0e1666b9b6b00dc6bdf.sol
f163bdf316934b86155c3378aaf1c3f6,a7e34d4f9e89f6ebe3dfb41377dbe682c20ddc0acbf7eafe629e1928a80cbddd,0,6,0,6,6,arithmetic|bad_randomness|denial_service|front_running|reentrancy|unchecked_low_calls,,101|104|107|113|114|120,Zeus,C:\Users\Exauce\Documents\smart-contract-cgt\source\f163bdf316934b86155c3378aaf1c3f6.sol
f1686f1e8cb697642c7557d67207221c,89610008e627c8ac20455f87443ea56b1c1c636b5290815812755388b140de7c,1,8,4,4,6,arithmetic|bad_randomness|denial_service|front_running|reentrancy|unchecked_low_calls,arithmetic|bad_randomness|unchecked_low_calls,101|104|107|113|114|120,Doublade|Zeus|eThor,C:\Users\Exauce\Documents\smart-contract-cgt\source\f1686f1e8cb697642c7557d67207221c.sol
f16fb3a6c9f659a7cfe49f37c71460d9,15cfd1eb0ddf9e4ca08398b83fd7dfc136fa19b96a811930651ec6b73bda3b9d,1,1,1,0,1,time_manipulation,time_manipulation,116,ContractFuzzer,C:\Users\Exauce\Documents\smart-contract-cgt\source\f16fb3a6c9f659a7cfe49f37c71460d9.sol
f1912431eb332e08b5a85b7acab675a6,8e810d52f29b66e3f4cb89ae813741ea27587fd2806cd98e38a18a73abfcd652,1,7,1,6,6,arithmetic|bad_randomness|denial_service|front_running|reentrancy|unchecked_low_calls,denial_service,101|104|107|113|114|120,Zeus|eThor,C:\Users\Exauce\Documents\smart-contract-cgt\source\f1912431eb332e08b5a85b7acab675a6.sol
f1a5e71017cdec822e403ebcf1d122bf,635fdbf205ba46748557eb4a8e6a1bce9fe904efd18b636784f80f3641a192a1,0,1,0,1,1,reentrancy,,107,Doublade,C:\Users\Exauce\Documents\smart-contract-cgt\source\f1a5e71017cdec822e403ebcf1d122bf.sol
f1d29c04e1131e4beb757fe72dcf7224,62359d3f8d89fd7ad622c087aad0d9aaffd8eeac3d7fe29abd7307fbcc035c10,1,2,1,1,1,denial_service,denial_service,113|128,NotSoSmartC,C:\Users\Exauce\Documents\smart-contract-cgt\source\f1d29c04e1131e4beb757fe72dcf7224.sol
f1ea473a82f71ea6451d3e101175ffa8,010437bac9b9a3b1cb6ab335ba60b2d8c6c00c4782dea1fb1cd9b2b8047cd61c,1,1,1,0,1,unchecked_low_calls,unchecked_low_calls,104,SolidiFI,C:\Users\Exauce\Documents\smart-contract-cgt\source\f1ea473a82f71ea6451d3e101175ffa8.sol
f20ae012b0c0d75da3e2d447b3c573d0,52395b6ef2f365063572e97f9dd44e9a16725fbb15d79f19d7713305639ba86c,1,1,1,0,1,bad_randomness,bad_randomness,120,ContractFuzzer,C:\Users\Exauce\Documents\smart-contract-cgt\source\f20ae012b0c0d75da3e2d447b3c573d0.sol
f21a824407dfb37c81f7fbbd8d8e0e58,dc79909c32598af49a0714896aae02e298a6e4146a4ad14b2a1c59bed6730ce1,1,1,1,0,1,reentrancy,reentrancy,107,Doublade,C:\Users\Exauce\Documents\smart-contract-cgt\source\f21a824407dfb37c81f7fbbd8d8e0e58.sol
f252583f54eef98a46fad1880cc825d6,5124c43f3cbe5d8d477489d02d9710177a4bc98b7ee24e37dd8a61c167bd98d2,1,6,1,5,6,arithmetic|bad_randomness|denial_service|front_running|reentrancy|unchecked_low_calls,arithmetic,101|104|107|113|114|120,Zeus,C:\Users\Exauce\Documents\smart-contract-cgt\source\f252583f54eef98a46fad1880cc825d6.sol
f25d5e16eb12a4fa466f940821a7f125,7b7bb6b41925eadc7f10fdc2391ac64814e7ccda6ef290bc3a32bb7e1dd7b395,1,1,1,0,1,arithmetic,arithmetic,101,EverEvolvingG,C:\Users\Exauce\Documents\smart-contract-cgt\source\f25d5e16eb12a4fa466f940821a7f125.sol
f26ed098ddfa730dd9cebaaaab1bceac,b1aa007b05289b6adbaaf19cb8fd9154c62e4648f7d6844c3447636b060bc463,1,1,1,0,1,reentrancy,reentrancy,107,JiuZhou,C:\Users\Exauce\Documents\smart-contract-cgt\source\f26ed098ddfa730dd9cebaaaab1bceac.sol
f2aaa885e5080b386e35c26a13bc1864,22c2935797b83d125b55ae57dd156d3d2e691f27f246d3f1cd9dd5896cc250c6,0,5,0,5,4,bad_randomness|denial_service|reentrancy|unchecked_low_calls,,104|107|113|120|128,CodeSmells,C:\Users\Exauce\Documents\smart-contract-cgt\source\f2aaa885e5080b386e35c26a13bc1864.sol
f2b6d6568d522428120331c340a465d7,19bc31ce300bfb6d3121767c312dfe4afbda3388c05c9e530bf95066a1d3ccd2,0,5,0,5,4,bad_randomness|denial_service|reentrancy|unchecked_low_calls,,104|107|113|120|128,CodeSmells,C:\Users\Exauce\Documents\smart-contract-cgt\source\f2b6d6568d522428120331c340a465d7.sol
f2e587be555b9046ca3ad3c17d0d17ae,3222beb3c6c767eea4d9650d2be5121039e875ab67105777b8621b97c68f7d9a,1,1,1,0,1,arithmetic,arithmetic,101,EverEvolvingG,C:\Users\Exauce\Documents\smart-contract-cgt\source\f2e587be555b9046ca3ad3c17d0d17ae.sol
f2f22a0a04bbba7bc4af8eca1b7e4ccc,3b5fa6add34fa4b0906500cc4f2350f44c05bd68abdcffc2379c05357ead83b4,1,7,3,4,6,arithmetic|bad_randomness|denial_service|front_running|reentrancy|unchecked_low_calls,arithmetic|front_running|unchecked_low_calls,101|104|107|113|114|120,Zeus|eThor,C:\Users\Exauce\Documents\smart-contract-cgt\source\f2f22a0a04bbba7bc4af8eca1b7e4ccc.sol
f305df0ff73ae95c5c3f01a83b0316a2,18a559bfae559747ac0d0f3ea5a3f1cd0b7a94233770b66fd732ad89d55df659,0,5,0,5,4,bad_randomness|denial_service|reentrancy|unchecked_low_calls,,104|107|113|120|128,CodeSmells,C:\Users\Exauce\Documents\smart-contract-cgt\source\f305df0ff73ae95c5c3f01a83b0316a2.sol
f38e9665c667f7fe33af0b363f1d7691,1eacd3445059bb396d7654d8077c32b2039e1e08c7c01f7bb773412d935ec9a7,0,5,0,5,4,bad_randomness|denial_service|reentrancy|unchecked_low_calls,,104|107|113|120|128,CodeSmells,C:\Users\Exauce\Documents\smart-contract-cgt\source\f38e9665c667f7fe33af0b363f1d7691.sol
f3a76c87b976bb10c7300ee53d6831fa,25531572876316ab5413f09fe11f4f2200574c04a936bfa2910a010a9a14c1b1,1,6,4,2,6,arithmetic|bad_randomness|denial_service|front_running|reentrancy|unchecked_low_calls,arithmetic|bad_randomness|front_running|unchecked_low_calls,101|104|107|113|114|120,Zeus,C:\Users\Exauce\Documents\smart-contract-cgt\source\f3a76c87b976bb10c7300ee53d6831fa.sol
f3b13595a8546e23895d9af4c4d742ae,6b94596ce23452d6d7290738424edcaacfec1797bcf374d93d7e35013b43c237,1,7,3,4,6,arithmetic|bad_randomness|denial_service|front_running|reentrancy|unchecked_low_calls,arithmetic|denial_service|reentrancy,101|104|107|113|114|120,Zeus|eThor,C:\Users\Exauce\Documents\smart-contract-cgt\source\f3b13595a8546e23895d9af4c4d742ae.sol
f3c95936a93c1b770af9be69bec26673,b2ae62f998d13c0a26b3c95600647b42b3b3884397309cdf328cd9af295cd4c1,0,1,0,1,1,reentrancy,,107,Doublade,C:\Users\Exauce\Documents\smart-contract-cgt\source\f3c95936a93c1b770af9be69bec26673.sol
f40331f125cbb04c4b76d63feb921879,11fbf59d61fe5096b6aa662526bf00cab09de63129cf696748ba82392a2c8fee,1,2,1,1,2,reentrancy|unchecked_low_calls,unchecked_low_calls,104|107,Doublade,C:\Users\Exauce\Documents\smart-contract-cgt\source\f40331f125cbb04c4b76d63feb921879.sol
f405291c759364a521641cee4b2020fd,3ec9b0c022b109a748ddf2da84470a173f84984f261b3040210e7ab10edc63b8,1,1,1,0,1,front_running,front_running,114,SolidiFI,C:\Users\Exauce\Documents\smart-contract-cgt\source\f405291c759364a521641cee4b2020fd.sol
f47037af209b1b14aeebf271feb6ce20,e3e96a355f4b17d94b88b3725592583fec8d8089d7e5253ed986341a28a7f59d,1,7,3,4,6,arithmetic|bad_randomness|denial_service|front_running|reentrancy|unchecked_low_calls,arithmetic|front_running|unchecked_low_calls,101|104|107|113|114|120,Zeus|eThor,C:\Users\Exauce\Documents\smart-contract-cgt\source\f47037af209b1b14aeebf271feb6ce20.sol
f4723f51bbcf3caa930b896548b9c00d,e35588ade2687c07375c4fc4d3c1ef474507cfb818f29d88a10d160ce52a71ea,1,6,3,3,5,arithmetic|bad_randomness|front_running|reentrancy|unchecked_low_calls,arithmetic|bad_randomness|front_running,101|104|107|114|120,Zeus|eThor,C:\Users\Exauce\Documents\smart-contract-cgt\source\f4723f51bbcf3caa930b896548b9c00d.sol
f496e8d5fadb72ab0a4e7f9475c826a3,03baf5436a96ab6cee6355dd8fa0b11fc0bbe630e05538295a9cc11201012c15,1,7,3,4,6,arithmetic|bad_randomness|denial_service|front_running|reentrancy|unchecked_low_calls,arithmetic|front_running|unchecked_low_calls,101|104|107|113|114|120,Zeus|eThor,C:\Users\Exauce\Documents\smart-contract-cgt\source\f496e8d5fadb72ab0a4e7f9475c826a3.sol
f4b87296d28578b8fc47e0a3cb1c40a5,1aac47a07e46fd5d41d5087dbed22d585ce583f068b92f4c8bc98692734342cd,0,5,0,5,4,bad_randomness|denial_service|reentrancy|unchecked_low_calls,,104|107|113|120|128,CodeSmells,C:\Users\Exauce\Documents\smart-contract-cgt\source\f4b87296d28578b8fc47e0a3cb1c40a5.sol
f55a44a044c8cacbcdf2c8e66f396509,76f51c0a4fa7504a4bb64fcff0fe4b30cf860116277297d87efe366e1345680f,1,7,3,4,6,arithmetic|bad_randomness|denial_service|front_running|reentrancy|unchecked_low_calls,arithmetic|denial_service|reentrancy,101|104|107|113|114|120,Zeus|eThor,C:\Users\Exauce\Documents\smart-contract-cgt\source\f55a44a044c8cacbcdf2c8e66f396509.sol
f56ee1e3f76f78740e5f66aa966e70d4,e13edd33190d0635122fa5f677602109402c49ce3de8acfeb1458fb40c9de3a0,1,1,1,0,1,time_manipulation,time_manipulation,116,ContractFuzzer,C:\Users\Exauce\Documents\smart-contract-cgt\source\f56ee1e3f76f78740e5f66aa966e70d4.sol
f5d6ba561c0ea71db4b4295cb0619c2e,a43eb1d43f5add7d02e79c2e73f905c7d3e2170d91ce71a321de450c212622a8,1,7,3,4,6,arithmetic|bad_randomness|denial_service|front_running|reentrancy|unchecked_low_calls,arithmetic|denial_service|front_running,101|104|107|113|114|120,Zeus|eThor,C:\Users\Exauce\Documents\smart-contract-cgt\source\f5d6ba561c0ea71db4b4295cb0619c2e.sol
f5f8ef775a7e2bc0d8505fa6c13091f9,68ae2665aac9e477c1057fda9433a3ff06b90936d61eeb89a0a75ab8bb541889,0,1,0,1,1,reentrancy,,107,eThor,C:\Users\Exauce\Documents\smart-contract-cgt\source\f5f8ef775a7e2bc0d8505fa6c13091f9.sol
f60f05f074e4ff0726a83e236638bfc8,a036778842eb8a974c0ea7de893f0feca73ac31ebd7b6b1cc30fa26ffe40bc76,0,6,0,6,6,arithmetic|bad_randomness|denial_service|front_running|reentrancy|unchecked_low_calls,,101|104|107|113|114|120,Zeus,C:\Users\Exauce\Documents\smart-contract-cgt\source\f60f05f074e4ff0726a83e236638bfc8.sol
f643dbc3bfb94b20c1b275ca79c8646e,9b3361cdc43988cd1085c08d69614b25c78d6e952cd4b22d42a4e70c0a7b7025,0,1,0,1,1,denial_service,,113,JiuZhou,C:\Users\Exauce\Documents\smart-contract-cgt\source\f643dbc3bfb94b20c1b275ca79c8646e.sol
f6734f638e53f58f91263252d5471c3c,e253401754459223854b8c1a16253342e4e420c18b9c0237192fe7c43f7cd5dd,1,1,1,0,1,time_manipulation,time_manipulation,116,SolidiFI,C:\Users\Exauce\Documents\smart-contract-cgt\source\f6734f638e53f58f91263252d5471c3c.sol
f67561db00377694df3b430d6f1549c2,cf755a04843c27b3ee5ea57300e8b0b8a88721896cf83f1dcce0e990cb12fc66,1,5,1,4,4,bad_randomness|denial_service|reentrancy|unchecked_low_calls,bad_randomness,104|107|113|120|128,CodeSmells,C:\Users\Exauce\Documents\smart-contract-cgt\source\f67561db00377694df3b430d6f1549c2.sol
f685a27aab1ef719bb2855eee40c9b42,1b69fdab51472f7f37b2975b9b5c22ea17edb33a0c5f5fedad0f8ae795304611,0,4,0,4,3,bad_randomness|denial_service|unchecked_low_calls,,104|113|120|128,CodeSmells,C:\Users\Exauce\Documents\smart-contract-cgt\source\f685a27aab1ef719bb2855eee40c9b42.sol
f6a8a85b9f8fb206a537a3c2ff157850,98c228f40f1942bc86023fca4bb937b819b5ba2f3c90ecd92c3d95536f13661c,0,1,0,1,1,reentrancy,,107,Doublade,C:\Users\Exauce\Documents\smart-contract-cgt\source\f6a8a85b9f8fb206a537a3c2ff157850.sol
f6c62492c17c485f71c4d02eb82fa077,8950f2b811720777baf949f5697abbe31effe9e165df89c834ef18647967ba0f,1,7,3,4,6,arithmetic|bad_randomness|denial_service|front_running|reentrancy|unchecked_low_calls,arithmetic|bad_randomness|front_running,101|104|107|113|114|120,Zeus|eThor,C:\Users\Exauce\Documents\smart-contract-cgt\source\f6c62492c17c485f71c4d02eb82fa077.sol
f6e248e5d6d3ef1742324ece3a58aded,79040aa407512513d53a8578b95421698577245cadb0deac3b8b8f4fd7abd34e,0,6,0,6,6,arithmetic|bad_randomness|denial_service|front_running|reentrancy|unchecked_low_calls,,101|104|107|113|114|120,Zeus,C:\Users\Exauce\Documents\smart-contract-cgt\source\f6e248e5d6d3ef1742324ece3a58aded.sol
f6f5761390b70487e0c83a40e75ac9df,889efacb7b16238328763172f3bda59ee57a7115f16fc9c622406d6e3364aa58,1,1,1,0,1,front_running,front_running,114,SolidiFI,C:\Users\Exauce\Documents\smart-contract-cgt\source\f6f5761390b70487e0c83a40e75ac9df.sol
f704f3b48bfed35c39b10f4d787cf3c2,4376ff11af65b79f67d0f458bdba52ab7052b47c6e90fa3b455a571da85dbdbc,1,1,1,0,1,time_manipulation,time_manipulation,116,ContractFuzzer,C:\Users\Exauce\Documents\smart-contract-cgt\source\f704f3b48bfed35c39b10f4d787cf3c2.sol
f724adc25cd373596c4e727519bc758f,afd5eaf74b28560e0018d765dc4bc61403ff0741e523a32fea25076eb9f07c1f,0,1,0,1,1,reentrancy,,107,Doublade,C:\Users\Exauce\Documents\smart-contract-cgt\source\f724adc25cd373596c4e727519bc758f.sol
f73768e16680cd9fffd24f529e8a6083,d0e9635ac4f2e6aec64fa8f5142b148d2c88e3e7ef680789045f8b93f9bd1daf,1,1,1,0,1,reentrancy,reentrancy,107,SolidiFI,C:\Users\Exauce\Documents\smart-contract-cgt\source\f73768e16680cd9fffd24f529e8a6083.sol
f769ba5715c4c0312ff47958b9ec595e,7421a9ddb4fa78144cf1e4f133b7275b57cf1560946f14c1b2d8d2e875a7db88,1,5,1,4,4,bad_randomness|denial_service|reentrancy|unchecked_low_calls,bad_randomness,104|107|113|120|128,CodeSmells,C:\Users\Exauce\Documents\smart-contract-cgt\source\f769ba5715c4c0312ff47958b9ec595e.sol
f790bb39866041eb895855aeebef1748,882206b1e409992826b17d9a2684b095b8c7078c3da646a9bd6c34a8b51df471,0,1,0,1,1,reentrancy,,107,Doublade,C:\Users\Exauce\Documents\smart-contract-cgt\source\f790bb39866041eb895855aeebef1748.sol
f7b9c311f155b5ce7ff162bb6ccd7d82,047c0f4bf0fe0b0964354b1ebda862478d8d7c4900d954c76c6e2d4d79ceecf4,1,1,1,0,1,time_manipulation,time_manipulation,116,SolidiFI,C:\Users\Exauce\Documents\smart-contract-cgt\source\f7b9c311f155b5ce7ff162bb6ccd7d82.sol
f7c7eab17fb25c1b8e80dafe36a8e1f1,29512f8b4dc7c343a9817d12eb435b30b62c05079a92f9f8756897074fdd6712,0,1,0,1,1,reentrancy,,107,Doublade,C:\Users\Exauce\Documents\smart-contract-cgt\source\f7c7eab17fb25c1b8e80dafe36a8e1f1.sol
f7d58a0de230d767f41c0dc7e1d437ac,ce18864420871471a46ed93c286236c908b1a137c71d7bbffbcf74bc0fa0f6e9,1,7,3,4,6,arithmetic|bad_randomness|denial_service|front_running|reentrancy|unchecked_low_calls,arithmetic|denial_service|reentrancy,101|104|107|113|114|120,Zeus|eThor,C:\Users\Exauce\Documents\smart-contract-cgt\source\f7d58a0de230d767f41c0dc7e1d437ac.sol
f7f32939f6bbf90331a501d27d28e64c,736825a9abb4c92c43fccfd3eee0185b815b5102b762fffc4a332d9b31f0cb18,1,5,1,4,4,bad_randomness|denial_service|reentrancy|unchecked_low_calls,bad_randomness,104|107|113|120|128,CodeSmells,C:\Users\Exauce\Documents\smart-contract-cgt\source\f7f32939f6bbf90331a501d27d28e64c.sol
f82c82cc2ce7ab8a60d7f5c4440e7e03,c83b30f614472175b0c4ff8600f101f1aeb574a529c567a8d805004434bac80f,0,6,0,6,6,arithmetic|bad_randomness|denial_service|front_running|reentrancy|unchecked_low_calls,,101|104|107|113|114|120,Zeus,C:\Users\Exauce\Documents\smart-contract-cgt\source\f82c82cc2ce7ab8a60d7f5c4440e7e03.sol
f83993ba0069837b60e858aa33c9d746,111e30fabaa0d1e435e438abf74916aef888e60d7f2fa9f5ca529560ba02f298,1,1,1,0,1,bad_randomness,bad_randomness,120,ContractFuzzer,C:\Users\Exauce\Documents\smart-contract-cgt\source\f83993ba0069837b60e858aa33c9d746.sol
f89d91271c681da69c0d7dfd8ead6839,7209bfe10038150050a6c335c20e8d456b658d916fb6fd0d7de6d0b5de9004f1,0,4,0,4,3,bad_randomness|denial_service|unchecked_low_calls,,104|113|120|128,CodeSmells,C:\Users\Exauce\Documents\smart-contract-cgt\source\f89d91271c681da69c0d7dfd8ead6839.sol
f89e892fe981d3e35671a658a776a808,2bf8106f6bd7af3d0751e1a5d6207f2e2f94fb0a1c0b874ecc765b65f0bc46d3,1,1,1,0,1,bad_randomness,bad_randomness,120,ContractFuzzer,C:\Users\Exauce\Documents\smart-contract-cgt\source\f89e892fe981d3e35671a658a776a808.sol
f8b74377510db4ec0314392e9cce6520,c29e33ae1d050099af5a307d423507a1b80e7c3696be2211b987873e70119ec5,0,5,0,5,4,bad_randomness|denial_service|reentrancy|unchecked_low_calls,,104|107|113|120|128,CodeSmells,C:\Users\Exauce\Documents\smart-contract-cgt\source\f8b74377510db4ec0314392e9cce6520.sol
f8c5b48c550e4b2b594f12daba0a187a,a9b19a980b1189b4a4c6b87c902d9cc919c688a3e30d2336aa4879ccc343572d,1,1,1,0,1,unchecked_low_calls,unchecked_low_calls,104,SolidiFI,C:\Users\Exauce\Documents\smart-contract-cgt\source\f8c5b48c550e4b2b594f12daba0a187a.sol
f8d029b5dc8b1c50f76436e97c1089e9,4298dd454c81dc2811a21fa51b004545e5b869e9d92375267914b37910ab2b43,1,5,2,3,4,bad_randomness|denial_service|reentrancy|unchecked_low_calls,denial_service,104|107|113|120|128,CodeSmells,C:\Users\Exauce\Documents\smart-contract-cgt\source\f8d029b5dc8b1c50f76436e97c1089e9.sol
f8d0485a3e66fecddc7d0121314e05e0,91ee098bab73b5d26a05b53540e22b7b7f370a066d1b69f41fc24ee2a472e73a,1,1,1,0,1,front_running,front_running,114,SolidiFI,C:\Users\Exauce\Documents\smart-contract-cgt\source\f8d0485a3e66fecddc7d0121314e05e0.sol
f8db3d413fec61365d40f3c8d3005633,11b986324b04b123dc76d01913cde6a84e636c6556c268beaa00b57c844e21fb,1,7,4,3,6,arithmetic|bad_randomness|denial_service|front_running|reentrancy|unchecked_low_calls,arithmetic|bad_randomness|front_running|unchecked_low_calls,101|104|107|113|114|120,Zeus|eThor,C:\Users\Exauce\Documents\smart-contract-cgt\source\f8db3d413fec61365d40f3c8d3005633.sol
f9224de644158dfdd7cbfad6d5e81865,d69c630f92b011ac291f2ac25c5bff63ebd5e3b0c5834a15fbd2d2ccc20f7a2a,0,5,0,5,4,bad_randomness|denial_service|reentrancy|unchecked_low_calls,,104|107|113|120|128,CodeSmells,C:\Users\Exauce\Documents\smart-contract-cgt\source\f9224de644158dfdd7cbfad6d5e81865.sol
f93e1d3edaba7258a69c6015d5787689,db6229ea4928d307d3c37d1fe4045586e184a96a7d6c92d7897963248c02dc43,1,6,2,4,6,arithmetic|bad_randomness|denial_service|front_running|reentrancy|unchecked_low_calls,arithmetic|reentrancy,101|104|107|113|114|120,Zeus,C:\Users\Exauce\Documents\smart-contract-cgt\source\f93e1d3edaba7258a69c6015d5787689.sol
f969c790a5d4d5c5d402123b12a40d88,669e4f245e7dd9159a21b1a343cc1242164347f46b89b3478ecf2f4455567358,1,7,3,4,6,arithmetic|bad_randomness|denial_service|front_running|reentrancy|unchecked_low_calls,arithmetic|front_running|unchecked_low_calls,101|104|107|113|114|120,Zeus|eThor,C:\Users\Exauce\Documents\smart-contract-cgt\source\f969c790a5d4d5c5d402123b12a40d88.sol
f98d172f8f953b3c6ad79bdd9afa11f3,db525a528e9293659c92a975b78c12a590cf5053b20fa2377c0f2d60f8c29225,1,1,1,0,1,bad_randomness,bad_randomness,120,ContractFuzzer,C:\Users\Exauce\Documents\smart-contract-cgt\source\f98d172f8f953b3c6ad79bdd9afa11f3.sol
f99b0f4f8296f05aa909118aea0fcb6e,0e6d969faeba0707f3c663430078f522b26492d4b2dba9ddbe12254bf3863986,1,7,1,6,6,arithmetic|bad_randomness|denial_service|front_running|reentrancy|unchecked_low_calls,arithmetic,101|104|107|113|114|120,Zeus|eThor,C:\Users\Exauce\Documents\smart-contract-cgt\source\f99b0f4f8296f05aa909118aea0fcb6e.sol
f9db9dcb2d4150231a288858d164b0de,89ed0a55bc17a6d811974991e75e58093ce620518270fb94186a82e983c24ecb,0,1,0,1,1,arithmetic,,101,SWCregistry,C:\Users\Exauce\Documents\smart-contract-cgt\source\f9db9dcb2d4150231a288858d164b0de.sol
f9e857596ce224dfd74248643ebea734,0d1be61a852f05e17f2428438913f5883a0ee1a6479ad1406fbc57b20f0481b0,1,1,1,0,1,bad_randomness,bad_randomness,120,ContractFuzzer,C:\Users\Exauce\Documents\smart-contract-cgt\source\f9e857596ce224dfd74248643ebea734.sol
fa02bf36360ba9febb67ee3c0a6fa3f1,741515182fe1a9f81bed4e256a26d1e5b64c2ff8d63c0b5d684118bdff84a43a,0,4,0,4,3,bad_randomness|denial_service|unchecked_low_calls,,104|113|120|128,CodeSmells,C:\Users\Exauce\Documents\smart-contract-cgt\source\fa02bf36360ba9febb67ee3c0a6fa3f1.sol
fac43d3a00a372149391742bf3542bf3,df3354f869575068f5e8c40c2eaaae7b84988af1cfbb46688f1f6f6e243fc190,1,1,1,0,1,unchecked_low_calls,unchecked_low_calls,104,SBcurated,C:\Users\Exauce\Documents\smart-contract-cgt\source\fac43d3a00a372149391742bf3542bf3.sol
fadb197a67f888e905854b7ead2331a1,d1c08338cae94f8283f104338a828788b91deb1356c0dde396a97f1f485aea3d,1,1,1,0,1,time_manipulation,time_manipulation,116,SolidiFI,C:\Users\Exauce\Documents\smart-contract-cgt\source\fadb197a67f888e905854b7ead2331a1.sol
fb122bf5837ffddf30dac551841791f6,ad1a363b9e8476b80d15a38fab32bc627b0d01233e1f21a488d7c41a3c667a44,0,5,0,5,4,bad_randomness|denial_service|reentrancy|unchecked_low_calls,,104|107|113|120|128,CodeSmells,C:\Users\Exauce\Documents\smart-contract-cgt\source\fb122bf5837ffddf30dac551841791f6.sol
fb127ea83d5fa83f82babb6d5c460a5d,89cbb6fd3feb7e22ea73af6ba48f4a54af6fca65e754d3d8ff79572d1f7f234b,0,6,0,6,6,arithmetic|bad_randomness|denial_service|front_running|reentrancy|unchecked_low_calls,,101|104|107|113|114|120,Zeus,C:\Users\Exauce\Documents\smart-contract-cgt\source\fb127ea83d5fa83f82babb6d5c460a5d.sol
fb2de87dd95f467e3d733b871c0ab169,afcc8c836c910bd24c7b96e028c4c9bbec14a2ca3dceb345c71713748ea849c5,0,6,0,6,6,arithmetic|bad_randomness|denial_service|front_running|reentrancy|unchecked_low_calls,,101|104|107|113|114|120,Zeus,C:\Users\Exauce\Documents\smart-contract-cgt\source\fb2de87dd95f467e3d733b871c0ab169.sol
fb3fd70b136ecbc13996a258d2e48764,5cb644dc81346b249f314a3817387cd86b8219736f3f2d0334a71313bcbeec8a,0,5,0,5,5,bad_randomness|denial_service|front_running|reentrancy|unchecked_low_calls,,104|107|113|114|120,Zeus,C:\Users\Exauce\Documents\smart-contract-cgt\source\fb3fd70b136ecbc13996a258d2e48764.sol
fb6937981394274e5a2b04f0a40bdbb7,5951a7a74f8a3fa6c7e1c7e221bd7070833c806eb940c8ee5cdc3fa6e568b12a,1,6,2,4,6,arithmetic|bad_randomness|denial_service|front_running|reentrancy|unchecked_low_calls,denial_service|front_running,101|104|107|113|114|120,Zeus,C:\Users\Exauce\Documents\smart-contract-cgt\source\fb6937981394274e5a2b04f0a40bdbb7.sol
fb877a5c77c58bbe7ebe1a5e774a96b2,9531f77cf4d0543aacb65b4699ed0a557d378f3196f7802301ade9b02898a3ff,1,1,1,0,1,bad_randomness,bad_randomness,120,ContractFuzzer,C:\Users\Exauce\Documents\smart-contract-cgt\source\fb877a5c77c58bbe7ebe1a5e774a96b2.sol
fb98e1b93e9ce5f8d407cdd3407a9fcc,62efcdf73994bfbac9d77305fa1825677e71823f30a623749d4ddd6b9b55efcc,0,4,0,4,3,bad_randomness|denial_service|unchecked_low_calls,,104|113|120|128,CodeSmells,C:\Users\Exauce\Documents\smart-contract-cgt\source\fb98e1b93e9ce5f8d407cdd3407a9fcc.sol
fba8edc34456e83401445955fb0cc9e8,4029c029a5a2e0221ca2742bbeccb0229dffa998df0c46619b9ffceb384373f0,1,1,1,0,1,time_manipulation,time_manipulation,116,ContractFuzzer,C:\Users\Exauce\Documents\smart-contract-cgt\source\fba8edc34456e83401445955fb0cc9e8.sol
fbcb31753c01eb38667f2aa8139f2040,726cdea5fa91a68eb7283acaa37a3ae56c544fd52793b0d28a1b5d718f11acf0,0,5,0,5,4,bad_randomness|denial_service|reentrancy|unchecked_low_calls,,104|107|113|120|128,CodeSmells,C:\Users\Exauce\Documents\smart-contract-cgt\source\fbcb31753c01eb38667f2aa8139f2040.sol
fbd7c25f827cacfe7fc9c532ce23e962,2b419a481e997fa1816c25f2319e1d9f12628d9dcb897021080856b3a7176f8d,1,1,1,0,1,time_manipulation,time_manipulation,116,SolidiFI,C:\Users\Exauce\Documents\smart-contract-cgt\source\fbd7c25f827cacfe7fc9c532ce23e962.sol
fbee9d7a84ce6a1b85f934d965db4c0b,e3d58422265f74c7a2c1e75a849211342f90b86e60c690d6df5cb16253ef46c9,0,5,0,5,4,bad_randomness|denial_service|reentrancy|unchecked_low_calls,,104|107|113|120|128,CodeSmells,C:\Users\Exauce\Documents\smart-contract-cgt\source\fbee9d7a84ce6a1b85f934d965db4c0b.sol
fc2b88d194347a48a9f16fd4adebace9,c8740e2cd0700d1214a5b8f7bdf6932ba66281f9dd3bc0267d351c83aece85dd,1,1,1,0,1,reentrancy,reentrancy,107,SolidiFI,C:\Users\Exauce\Documents\smart-contract-cgt\source\fc2b88d194347a48a9f16fd4adebace9.sol
fc52c1817e65c9d5f10a25e70f17746a,b82d94d7f3d1ebee7a8ceb5f8d89bf45b224410daa2a0438e844423eeb32c388,1,12,4,8,6,arithmetic|bad_randomness|denial_service|front_running|reentrancy|unchecked_low_calls,bad_randomness|front_running,101|104|107|113|114|120,NPChecker|Zeus|eThor,C:\Users\Exauce\Documents\smart-contract-cgt\source\fc52c1817e65c9d5f10a25e70f17746a.sol
fc57a5e1ff7d5d07370c4a56f08365a6,83f482b9217a2b669af0d9d20b18cfec87fd13cbc8950eb3b29d671bea78eb17,0,7,0,7,6,arithmetic|bad_randomness|denial_service|front_running|reentrancy|unchecked_low_calls,,101|104|107|113|114|120,Zeus|eThor,C:\Users\Exauce\Documents\smart-contract-cgt\source\fc57a5e1ff7d5d07370c4a56f08365a6.sol
fca0174b2d58b4f183b6935618737a44,ae14fc36bea4ceb5e6b9aa2fe4d0bc96956e2c728c2ed7b2445ab6c8299350e3,1,7,3,4,6,arithmetic|bad_randomness|denial_service|front_running|reentrancy|unchecked_low_calls,arithmetic|denial_service|reentrancy,101|104|107|113|114|120,Zeus|eThor,C:\Users\Exauce\Documents\smart-contract-cgt\source\fca0174b2d58b4f183b6935618737a44.sol
fca07c785315493aac69459bbea6b1d8,427d2fdf07be85e67d4a32515550bd52ae452ebc1043e1d6fef1354f2421dd11,0,1,0,1,1,denial_service,,113,Doublade,C:\Users\Exauce\Documents\smart-contract-cgt\source\fca07c785315493aac69459bbea6b1d8.sol
fccbaade28ad82e80772e5af01606de7,5a81128adced89e14f9312f26d85a46941334efdda6e8699042776382476f50d,0,5,0,5,4,bad_randomness|denial_service|reentrancy|unchecked_low_calls,,104|107|113|120|128,CodeSmells,C:\Users\Exauce\Documents\smart-contract-cgt\source\fccbaade28ad82e80772e5af01606de7.sol
fd11f3c5eaac73bf650356c2abe013b2,bc098c1608105d35b4f23bbc8f5dd76ee24e83a9c6a6b8fb672f3858adff61dd,0,5,0,5,4,bad_randomness|denial_service|reentrancy|unchecked_low_calls,,104|107|113|120|128,CodeSmells,C:\Users\Exauce\Documents\smart-contract-cgt\source\fd11f3c5eaac73bf650356c2abe013b2.sol
fd3648006318f4924009da5954b0b0b8,a7ff7cc0ac833f64421957155b36494c0cde356c7dc7b6331367f8ee21a2810c,0,1,0,1,1,front_running,,114,EthRacer,C:\Users\Exauce\Documents\smart-contract-cgt\source\fd3648006318f4924009da5954b0b0b8.sol
fd440ad61fe8561629c007df15364589,48ed23f677d565b71bff79a328314ec8c07a1ded4c7cfba3e688d2b41e7ce920,1,1,1,0,1,unchecked_low_calls,unchecked_low_calls,104,SolidiFI,C:\Users\Exauce\Documents\smart-contract-cgt\source\fd440ad61fe8561629c007df15364589.sol
fd4bce30ccca42fb56128b8fa22e2f1e,ccf46082b56b2ddf6779be4606772311f2feae0249fb5057396e955596135adf,0,5,0,5,4,bad_randomness|denial_service|reentrancy|unchecked_low_calls,,104|107|113|120|128,CodeSmells,C:\Users\Exauce\Documents\smart-contract-cgt\source\fd4bce30ccca42fb56128b8fa22e2f1e.sol
fd8bbb887d72fc632f09b25cd49feab5,179b47f1467fb53840209033d46ee6efb8c7fa3af7160b9766c1df65c462f6b3,0,5,0,5,4,bad_randomness|denial_service|reentrancy|unchecked_low_calls,,104|107|113|120|128,CodeSmells,C:\Users\Exauce\Documents\smart-contract-cgt\source\fd8bbb887d72fc632f09b25cd49feab5.sol
fd8d568e00a26a11fae284ec9d5b9535,ab11730a2f01b4953891a013d9c230409a82c341baa18bf55b19ee2b747c98c1,0,5,0,5,4,bad_randomness|denial_service|reentrancy|unchecked_low_calls,,104|107|113|120|128,CodeSmells,C:\Users\Exauce\Documents\smart-contract-cgt\source\fd8d568e00a26a11fae284ec9d5b9535.sol
fd99f97e9af292017a88847128fef39a,f8a1d9aaa246f8f9e2a446e7660fd34a2f0b7a2d89598d71954c9382324a7ab4,1,7,2,5,6,arithmetic|bad_randomness|denial_service|front_running|reentrancy|unchecked_low_calls,denial_service|reentrancy,101|104|107|113|114|120,Zeus|eThor,C:\Users\Exauce\Documents\smart-contract-cgt\source\fd99f97e9af292017a88847128fef39a.sol
fda13af33e914ca84e4629191e1687ec,f67b976f6ceca6db97e015a058c6e031a4d6c11ceea9458d84e9105b1b88c853,1,1,1,0,1,bad_randomness,bad_randomness,120,ContractFuzzer,C:\Users\Exauce\Documents\smart-contract-cgt\source\fda13af33e914ca84e4629191e1687ec.sol
fdf15ac61d894f7f76d431e42df317f2,5d8989b23e0a0ceed92f55eea7eaf1c298c62bec9602ee6afcf1f6b083d41d0c,0,6,0,6,6,arithmetic|bad_randomness|denial_service|front_running|reentrancy|unchecked_low_calls,,101|104|107|113|114|120,Zeus,C:\Users\Exauce\Documents\smart-contract-cgt\source\fdf15ac61d894f7f76d431e42df317f2.sol
fe077736a253ec4a4806c623f84404ab,477f409654845aa2c7d046caa66f442da7ea2845343f8316554c523a21fa6365,1,6,3,3,5,arithmetic|bad_randomness|denial_service|reentrancy|unchecked_low_calls,arithmetic|bad_randomness|denial_service,101|104|107|113|120,Zeus|eThor,C:\Users\Exauce\Documents\smart-contract-cgt\source\fe077736a253ec4a4806c623f84404ab.sol
fe0e1d042ad2193020c3f1ec7d320f18,d1392723aacafb6d0c13286f5f6f2997e2f8f068b2a2fe15deea12e130eef3ef,0,6,0,6,6,arithmetic|bad_randomness|denial_service|front_running|reentrancy|unchecked_low_calls,,101|104|107|113|114|120,Zeus,C:\Users\Exauce\Documents\smart-contract-cgt\source\fe0e1d042ad2193020c3f1ec7d320f18.sol
fe65e7f1edffa31937bf7642d110ff13,63ab9f92aece41b32e914f5bb002ea70f46ce6e2aa6e8031e34add324b4b8627,0,5,0,5,4,bad_randomness|denial_service|reentrancy|unchecked_low_calls,,104|107|113|120|128,CodeSmells,C:\Users\Exauce\Documents\smart-contract-cgt\source\fe65e7f1edffa31937bf7642d110ff13.sol
fe8a32ad306e8ec0a206214fb3e59780,01eb42659659b2a25a57c38e1ef53abbf5b29f4e458f5cd1ddfc58e932bddce9,0,7,0,7,6,arithmetic|bad_randomness|denial_service|front_running|reentrancy|unchecked_low_calls,,101|104|107|113|114|120,Zeus|eThor,C:\Users\Exauce\Documents\smart-contract-cgt\source\fe8a32ad306e8ec0a206214fb3e59780.sol
fea8aa8ae43544f90fd1473bdee49695,e87e788b5fdabef9b7f0dd25374ef22162c740e99a5fb038a83b1db28a435828,0,5,0,5,4,bad_randomness|denial_service|reentrancy|unchecked_low_calls,,104|107|113|120|128,CodeSmells,C:\Users\Exauce\Documents\smart-contract-cgt\source\fea8aa8ae43544f90fd1473bdee49695.sol
feab7240252dbd4790990a2e68935e12,a56b469656f9228435ae9083684254719ab6f377352ac07bc84c8b483e430fe9,0,6,0,6,6,arithmetic|bad_randomness|denial_service|front_running|reentrancy|unchecked_low_calls,,101|104|107|113|114|120,Zeus,C:\Users\Exauce\Documents\smart-contract-cgt\source\feab7240252dbd4790990a2e68935e12.sol
feb17ef91c400af0157e66dab2d90ec9,95928d09a5c742fdb54961b053ff3d9d267ea18c6d673d05ca36f63bd3a04a98,1,1,1,0,1,unchecked_low_calls,unchecked_low_calls,104,ContractFuzzer,C:\Users\Exauce\Documents\smart-contract-cgt\source\feb17ef91c400af0157e66dab2d90ec9.sol
feb42ba9fde1a9ff7419e94c0a835c4e,c8e81d2838cd8374cf0f28a03288a97f911b34af3c77f1263a69ad03bd075a68,1,6,1,5,5,bad_randomness|denial_service|front_running|reentrancy|unchecked_low_calls,front_running,104|107|113|114|120,Zeus|eThor,C:\Users\Exauce\Documents\smart-contract-cgt\source\feb42ba9fde1a9ff7419e94c0a835c4e.sol
fec2cbda2ff734dac7337405b4a54ae5,7c2e5fbfbe66ed6d901c08fcd7c88003b0ed5fe2d9502a6c9cb0a069d7bcbc76,1,6,1,5,6,arithmetic|bad_randomness|denial_service|front_running|reentrancy|unchecked_low_calls,arithmetic,101|104|107|113|114|120,Zeus,C:\Users\Exauce\Documents\smart-contract-cgt\source\fec2cbda2ff734dac7337405b4a54ae5.sol
fecf36e77b56a894f82aadceda5b6399,f519113b0b4e7357982d3eaed0e641bc9cc994981c12662bba778911f87e70a5,1,7,3,4,6,arithmetic|bad_randomness|denial_service|front_running|reentrancy|unchecked_low_calls,arithmetic|reentrancy,101|104|107|113|114|120,Zeus|eThor,C:\Users\Exauce\Documents\smart-contract-cgt\source\fecf36e77b56a894f82aadceda5b6399.sol
fed5fc34185c74bb2f30e2c3b13072f4,c69cafffbe4c07cfa0b46098b5e3c3dc0a94d6fa5008ded4457ea8479b347a2e,1,6,2,4,6,arithmetic|bad_randomness|denial_service|front_running|reentrancy|unchecked_low_calls,arithmetic|front_running,101|104|107|113|114|120,Zeus,C:\Users\Exauce\Documents\smart-contract-cgt\source\fed5fc34185c74bb2f30e2c3b13072f4.sol
ff08f0e6f27166cfe8eccb1cfa70dfea,f6108256116a41f757363ac1628ea5cbf104bb609c2ad0faa32f9f65b372dafc,0,5,0,5,4,bad_randomness|denial_service|reentrancy|unchecked_low_calls,,104|107|113|120|128,CodeSmells,C:\Users\Exauce\Documents\smart-contract-cgt\source\ff08f0e6f27166cfe8eccb1cfa70dfea.sol
ff51b927b975723fea1b8fdd63c602e5,80738af72a6e334b3223f55bff19cc2a9c50fd72966413c7924901559ed7dca0,1,5,1,4,4,bad_randomness|denial_service|reentrancy|unchecked_low_calls,bad_randomness,104|107|113|120|128,CodeSmells,C:\Users\Exauce\Documents\smart-contract-cgt\source\ff51b927b975723fea1b8fdd63c602e5.sol
ff72d7b903927301002e0a13880a2bfe,39a8a4b3a76182e37ecffee8bab29bd511365b4f08294bef81dd52e6852a4945,0,5,0,5,4,bad_randomness|denial_service|reentrancy|unchecked_low_calls,,104|107|113|120|128,CodeSmells,C:\Users\Exauce\Documents\smart-contract-cgt\source\ff72d7b903927301002e0a13880a2bfe.sol
ffae150649ec2a4eb9e09497697e0aba,6e21362316693a53ddc2ab30d218b7c2aa65fa3651fdd090ca3fd53716ba7424,1,7,3,4,6,arithmetic|bad_randomness|denial_service|front_running|reentrancy|unchecked_low_calls,arithmetic|front_running|unchecked_low_calls,101|104|107|113|114|120,Zeus|eThor,C:\Users\Exauce\Documents\smart-contract-cgt\source\ffae150649ec2a4eb9e09497697e0aba.sol
ffb2d4fed31ba6bc39b3fa05c5016eb8,15f0e90f21429aa7e1e60d0b4f48d02e4568c5f504ec0b1bf613e8fc47b49e93,0,5,0,5,4,bad_randomness|denial_service|reentrancy|unchecked_low_calls,,104|107|113|120|128,CodeSmells,C:\Users\Exauce\Documents\smart-contract-cgt\source\ffb2d4fed31ba6bc39b3fa05c5016eb8.sol
ffb80f16332c0d6d30c4b5288b11be77,71bfde653200baa2011a0514e9f402d796be3c69125bef8fb9658c681e0255c1,0,1,0,1,1,reentrancy,,107,Doublade,C:\Users\Exauce\Documents\smart-contract-cgt\source\ffb80f16332c0d6d30c4b5288b11be77.sol
ffdd5573a77f6e6ec073385ec6417bb6,c1650b9aaa1a541f3ea8922e5fe6bf4ab5226f3ec20a5aca0a589a758aac315c,1,1,1,0,1,bad_randomness,bad_randomness,120,ContractFuzzer,C:\Users\Exauce\Documents\smart-contract-cgt\source\ffdd5573a77f6e6ec073385ec6417bb6.sol
ffe71a13007dd42188e6b7bb58462db3,d9a8ecadaa66d29880b1cb6f378e64a0ec662c9221fea01dee3bb11b723f2853,1,6,1,5,6,arithmetic|bad_randomness|denial_service|front_running|reentrancy|unchecked_low_calls,arithmetic,101|104|107|113|114|120,Zeus,C:\Users\Exauce\Documents\smart-contract-cgt\source\ffe71a13007dd42188e6b7bb58462db3.sol
fff46ce83645621861027fc94593e924,9e59dd088dc843944a4d2eb0b81260d7091cabe287bcaee09909b34519a5c1f8,0,6,0,6,6,arithmetic|bad_randomness|denial_service|front_running|reentrancy|unchecked_low_calls,,101|104|107|113|114|120,Zeus,C:\Users\Exauce\Documents\smart-contract-cgt\source\fff46ce83645621861027fc94593e924.sol
fffd8cc0b8262906f9cf0094243fb02e,41381bb338b028fd2a6fd93108439a955d5c4e0279d713c271f78ba52a11f689,1,7,2,5,6,arithmetic|bad_randomness|denial_service|front_running|reentrancy|unchecked_low_calls,arithmetic|denial_service,101|104|107|113|114|120,Zeus|eThor,C:\Users\Exauce\Documents\smart-contract-cgt\source\fffd8cc0b8262906f9cf0094243fb02e.sol
