fp_sol,normalized_hash,label,n_assessments,n_positive,n_negative,n_assessed_types,assessed_types,positive_types,assessed_swcs,source_datasets,source_path,v1_labels,v1_splits,same_label,conflict_reason
00805ffc6f3b3ead5a87d50efd5ac2be,5adec12ef42fb0b6989bcaefd7dbb8919a659882e8c4c690ed07c5756c8fb5e5,1,6,3,3,6,arithmetic|bad_randomness|denial_service|front_running|reentrancy|unchecked_low_calls,arithmetic|denial_service|front_running,101|104|107|113|114|120,Zeus,C:\Users\Exauce\Documents\smart-contract-cgt\source\00805ffc6f3b3ead5a87d50efd5ac2be.sol,1,val,True,
0109eb4190332c1261dedf7275cecdc2,02271211fbf298f0bea3835d948f949d61960f800a40e5f9c76b56a42b35a9b7,1,7,4,3,6,arithmetic|bad_randomness|denial_service|front_running|reentrancy|unchecked_low_calls,arithmetic|bad_randomness|denial_service|front_running,101|104|107|113|114|120,Zeus|eThor,C:\Users\Exauce\Documents\smart-contract-cgt\source\0109eb4190332c1261dedf7275cecdc2.sol,1,train,True,
0120a2934d0ffe4b904830fe899f554b,a24534f41eb3384213fb36e8b8b7dc957ba07171d96156001a725d3aece30515,1,3,3,0,1,unchecked_low_calls,unchecked_low_calls,104,ContractFuzzer|Doublade|SBcurated,C:\Users\Exauce\Documents\smart-contract-cgt\source\0120a2934d0ffe4b904830fe899f554b.sol,1,val,True,
014a0178b1fb411bcff909ff91c1f21f,5cc2fc99d2b994a8c07cd20f6739d70fb153d06cb5afb39e8a1a27f2f82eb97a,1,7,2,5,6,arithmetic|bad_randomness|denial_service|front_running|reentrancy|unchecked_low_calls,denial_service|front_running,101|104|107|113|114|120,Zeus|eThor,C:\Users\Exauce\Documents\smart-contract-cgt\source\014a0178b1fb411bcff909ff91c1f21f.sol,0|1,train,True,
01a8f206b8a8d4ad2fd3fd8f03f70ec5,70b8c1f613136ec2c7443fc4a4a82507c83bb5ef883768599ac7b32142b20701,0,7,0,7,6,arithmetic|bad_randomness|denial_service|front_running|reentrancy|unchecked_low_calls,,101|104|107|113|114|120,Zeus|eThor,C:\Users\Exauce\Documents\smart-contract-cgt\source\01a8f206b8a8d4ad2fd3fd8f03f70ec5.sol,0,val,True,
02000921b6e69ce9772624164efe30d6,0f27869d89367ecb35fbd45a43df1294045ea083f768079001e951f13d716f54,0,7,0,7,6,arithmetic|bad_randomness|denial_service|front_running|reentrancy|unchecked_low_calls,,101|104|107|113|114|120,Zeus|eThor,C:\Users\Exauce\Documents\smart-contract-cgt\source\02000921b6e69ce9772624164efe30d6.sol,0,test,True,
0217712a4345288b8a3ba6c16c33b1c9,f5323fe04542aa17c129f1928ed8810e7ebf6916949ba019ad5f78568a4f2599,1,1,1,0,1,front_running,front_running,114,EthRacer,C:\Users\Exauce\Documents\smart-contract-cgt\source\0217712a4345288b8a3ba6c16c33b1c9.sol,0,val,False,cgt_v1_label_conflict
037b28dd4a4145b2363c3e823896d5ba,84c26f72a3c3b2294fce6ed6c399556d3b25eb939a6d3b5c002d06ce24597fb5,1,1,1,0,1,unchecked_low_calls,unchecked_low_calls,104,SBcurated,C:\Users\Exauce\Documents\smart-contract-cgt\source\037b28dd4a4145b2363c3e823896d5ba.sol,1,test|train,True,
039204deeed2612d8cec03eb9be3d5ac,e55df67556b662d5af3b0b81d5b4ba315080fc0c71c11f23f927f0010adf1af3,1,7,1,6,6,arithmetic|bad_randomness|denial_service|front_running|reentrancy|unchecked_low_calls,arithmetic,101|104|107|113|114|120,Zeus|eThor,C:\Users\Exauce\Documents\smart-contract-cgt\source\039204deeed2612d8cec03eb9be3d5ac.sol,1,train,True,
03a00e68822a241ced930d4091b94e60,030be1090458e5d9692308daec34856a1226a583abeda32696b369fa87f51115,1,1,1,0,1,unchecked_low_calls,unchecked_low_calls,104,SBcurated,C:\Users\Exauce\Documents\smart-contract-cgt\source\03a00e68822a241ced930d4091b94e60.sol,1,train,True,
0631b0de9a3a0e8bfa7461055a38f15f,270054c69bc940c15896126b6c12315af9463a8a27f8fc6dc45f33ede87ec6bd,1,1,1,0,1,unchecked_low_calls,unchecked_low_calls,104,ContractFuzzer,C:\Users\Exauce\Documents\smart-contract-cgt\source\0631b0de9a3a0e8bfa7461055a38f15f.sol,1,train|val,True,
06fe728bc19e2352958e926030efa89e,a6492926fc88becb878bc0d9f0932258742d00a3a67ad69cd6759f2f4f74c527,1,7,2,5,6,arithmetic|bad_randomness|denial_service|front_running|reentrancy|unchecked_low_calls,bad_randomness|denial_service,101|104|107|113|114|120,Zeus|eThor,C:\Users\Exauce\Documents\smart-contract-cgt\source\06fe728bc19e2352958e926030efa89e.sol,1,train,True,
072123a8f7b1dc7bd849ebe6b9dd80d9,896e13a9563877e79e005ad7cbf3731a44c1483416419bb627787c5471ee20bf,1,1,1,0,1,time_manipulation,time_manipulation,116,ContractFuzzer,C:\Users\Exauce\Documents\smart-contract-cgt\source\072123a8f7b1dc7bd849ebe6b9dd80d9.sol,1,train,True,
0758f5676748686e276b507b607f3d35,8861db7199844757928fde694f8639bf57a66f6cde4ac811eb3571e94c76c351,1,7,2,5,6,arithmetic|bad_randomness|denial_service|front_running|reentrancy|unchecked_low_calls,arithmetic|front_running,101|104|107|113|114|120,Zeus|eThor,C:\Users\Exauce\Documents\smart-contract-cgt\source\0758f5676748686e276b507b607f3d35.sol,1,val,True,
078b9c7ae51ff2ab0c3619cc94a6900a,451af92595d026de37d67585158a66f6f273c316bdaa82b4e71ab429651a5cf9,1,5,1,4,4,bad_randomness|denial_service|reentrancy|unchecked_low_calls,bad_randomness,104|107|113|120|128,CodeSmells,C:\Users\Exauce\Documents\smart-contract-cgt\source\078b9c7ae51ff2ab0c3619cc94a6900a.sol,1,val,True,
081d9a5520521ece4a3b5c17677e9609,1d67a1aa78c857cf88db55b3a62e2218f71c73a9fb8c3a63d1320acdf87ea855,0,5,0,5,4,bad_randomness|denial_service|reentrancy|unchecked_low_calls,,104|107|113|120|128,CodeSmells,C:\Users\Exauce\Documents\smart-contract-cgt\source\081d9a5520521ece4a3b5c17677e9609.sol,0,train,True,
083e60356eeecf6edf0e82b79f66a4ba,9d1823329618412c9eba4d67b2319565e4d34bb0a73d4005bc3adb94125d9d66,1,6,1,5,6,arithmetic|bad_randomness|denial_service|front_running|reentrancy|unchecked_low_calls,reentrancy,101|104|107|113|114|120,Zeus,C:\Users\Exauce\Documents\smart-contract-cgt\source\083e60356eeecf6edf0e82b79f66a4ba.sol,1,val,True,
089e01197d3c63c63adec44544b827d0,5b53b50461971c9e39016c5ce3b9d77993a3fc5aec011417391d4d555182acc1,1,1,1,0,1,unchecked_low_calls,unchecked_low_calls,104,Doublade,C:\Users\Exauce\Documents\smart-contract-cgt\source\089e01197d3c63c63adec44544b827d0.sol,1,train,True,
08c780e746242435dab4f0edfdd708e4,8fe764e4e38e1dfaa9bf9e34a04c3abb1c77e51f708f341bac168dca9e00900a,0,5,0,5,5,bad_randomness|denial_service|front_running|reentrancy|unchecked_low_calls,,104|107|113|114|120,NPChecker,C:\Users\Exauce\Documents\smart-contract-cgt\source\08c780e746242435dab4f0edfdd708e4.sol,1,val,False,cgt_v1_label_conflict
0aef6c211111272d7254889fc692314e,d47ea964beca3feff199a5b273efd539c819860b0832141d53f07b9709d65094,1,7,4,3,6,arithmetic|bad_randomness|denial_service|front_running|reentrancy|unchecked_low_calls,arithmetic|front_running|reentrancy|unchecked_low_calls,101|104|107|113|114|120,Zeus|eThor,C:\Users\Exauce\Documents\smart-contract-cgt\source\0aef6c211111272d7254889fc692314e.sol,0,train,False,cgt_v1_label_conflict
0ba1a56bedc9564da325d5d04b095dda,d7f84cd8bd01d7c7e412d6b49c4bcfaf3f3052d3e8823a4c541f7e7f9cc83cf3,1,7,5,2,6,arithmetic|bad_randomness|denial_service|front_running|reentrancy|unchecked_low_calls,arithmetic|bad_randomness|front_running|reentrancy|unchecked_low_calls,101|104|107|113|114|120,Zeus|eThor,C:\Users\Exauce\Documents\smart-contract-cgt\source\0ba1a56bedc9564da325d5d04b095dda.sol,1,train,True,
0bc87b374140bf4b45301142388b1ac2,28673a856def5b91521c587b7cc8d83f9e3bf22415ae6624cf2fa93003654a4f,0,4,0,4,4,denial_service|front_running|reentrancy|unchecked_low_calls,,104|107|113|114,Zeus,C:\Users\Exauce\Documents\smart-contract-cgt\source\0bc87b374140bf4b45301142388b1ac2.sol,1,test,False,cgt_v1_label_conflict
0c0e4d519a4ee4389b9292f0b149f2d4,3f832b97a8c24cc384d7a36c8867c51565508babce067ef45d5b15874571b83e,1,2,2,0,1,unchecked_low_calls,unchecked_low_calls,104,ContractFuzzer|SBcurated,C:\Users\Exauce\Documents\smart-contract-cgt\source\0c0e4d519a4ee4389b9292f0b149f2d4.sol,1,val,True,
0c11eade660c549fd30cc7b4007f6ef2,79c09360d345b9bd6d926c32df3f38a7e5ccf438e84daeb8c2f48b0edb9af015,1,2,2,0,1,bad_randomness,bad_randomness,120,SBcurated|SWCregistry,C:\Users\Exauce\Documents\smart-contract-cgt\source\0c11eade660c549fd30cc7b4007f6ef2.sol,1,train,True,
0c667b09db9b8c8567bf5d4a55930660,ed525089f58fdc8d0f70350ebd555593c774e5234e7892452c4a7ce590c9b94f,1,6,3,3,6,arithmetic|bad_randomness|denial_service|front_running|reentrancy|unchecked_low_calls,arithmetic|denial_service|front_running,101|104|107|113|114|120,Zeus,C:\Users\Exauce\Documents\smart-contract-cgt\source\0c667b09db9b8c8567bf5d4a55930660.sol,1,train,True,
0cdc64278f3169e4b4be494f50a9067f,e1e165b5669b85f858cb5dbe29a5d4608ff50e8404a530a7615c03abc26ba99c,1,1,1,0,1,reentrancy,reentrancy,107,SBcurated,C:\Users\Exauce\Documents\smart-contract-cgt\source\0cdc64278f3169e4b4be494f50a9067f.sol,1,train,True,
0e9b2182ea72fab1e822f0bebe52f9e6,e23aa5fbc3bde036bcb2e26efe152273106a3b44795e979161cbb94f03dd799f,1,6,1,5,5,bad_randomness|denial_service|reentrancy|time_manipulation|unchecked_low_calls,time_manipulation,104|107|113|116|120|128,CodeSmells|ContractFuzzer,C:\Users\Exauce\Documents\smart-contract-cgt\source\0e9b2182ea72fab1e822f0bebe52f9e6.sol,1,train,True,
0f455b192d1356519b25a44a5a8651c1,c0b61409f225515a6ac5df83dc2aafcb0ec0f42ebd0cd23720a2b5cc5daa4b03,1,1,1,0,1,time_manipulation,time_manipulation,116,ContractFuzzer,C:\Users\Exauce\Documents\smart-contract-cgt\source\0f455b192d1356519b25a44a5a8651c1.sol,1,train,True,
104f0bb37ed8235a5567542988a0eef4,6a2c0e593eaff006cc99f4d5b6bd1588b9aff4902808feb068a67fcc8f6c6758,1,12,6,6,6,arithmetic|bad_randomness|denial_service|front_running|reentrancy|unchecked_low_calls,arithmetic|bad_randomness|denial_service|front_running,101|104|107|113|114|120,NPChecker|Zeus|eThor,C:\Users\Exauce\Documents\smart-contract-cgt\source\104f0bb37ed8235a5567542988a0eef4.sol,1,test,True,
116d27375e8107743f7afa67c0e66c5f,1336904942d98ab237a8504574a58a4268b126423729fa55bdcc2564135b5f26,1,1,1,0,1,bad_randomness,bad_randomness,120,ContractFuzzer,C:\Users\Exauce\Documents\smart-contract-cgt\source\116d27375e8107743f7afa67c0e66c5f.sol,1,train,True,
11aca172784c464d9fd5c88f698ac350,8c18c471caefbeee12c8ba9e4b6cc1b8c1cc28145b02caebd8cc1125414910af,1,7,4,3,6,arithmetic|bad_randomness|denial_service|front_running|reentrancy|unchecked_low_calls,arithmetic|bad_randomness|denial_service|front_running,101|104|107|113|114|120,Zeus|eThor,C:\Users\Exauce\Documents\smart-contract-cgt\source\11aca172784c464d9fd5c88f698ac350.sol,1,val,True,
12d3b6e46ba8276510e366c348bc13cf,36d24f7368fb45890cf1e7a9af11cecb05cd1a85e3f74f34df7d2b08bb7d18b9,1,1,1,0,1,arithmetic,arithmetic,101,SBcurated,C:\Users\Exauce\Documents\smart-contract-cgt\source\12d3b6e46ba8276510e366c348bc13cf.sol,1,train,True,
13371f6fcfda3a0fb88e0d404700725f,de38a420aa9950a3b54b2a2c55c2fcec119ce88ec8778c9e11cb1fc87544b2fc,1,7,1,6,6,arithmetic|bad_randomness|denial_service|front_running|reentrancy|unchecked_low_calls,arithmetic,101|104|107|113|114|120,Zeus|eThor,C:\Users\Exauce\Documents\smart-contract-cgt\source\13371f6fcfda3a0fb88e0d404700725f.sol,0,val,False,cgt_v1_label_conflict
156fc36e6b8f1690a122490f92850a9b,345aa3b71b2185ac8af0a8fd118d49ba1bcbfd3280e721afbfbe4b0f7480c400,1,7,3,4,6,arithmetic|bad_randomness|denial_service|front_running|reentrancy|unchecked_low_calls,arithmetic|denial_service|front_running,101|104|107|113|114|120,Zeus|eThor,C:\Users\Exauce\Documents\smart-contract-cgt\source\156fc36e6b8f1690a122490f92850a9b.sol,1,test,True,
15c7b09fde87ff4c25709229e8d86e9f,bf008778cbc63fd8c1adcbeee2adc61ac9050a5c73268330c79fbf5e22123711,1,7,2,5,6,arithmetic|bad_randomness|denial_service|front_running|reentrancy|unchecked_low_calls,arithmetic|reentrancy,101|104|107|113|114|120,Zeus|eThor,C:\Users\Exauce\Documents\smart-contract-cgt\source\15c7b09fde87ff4c25709229e8d86e9f.sol,0,train,False,cgt_v1_label_conflict
15f0f5d0a9c293644706e36c2e3e79cb,c4d52235a7c2a66cb6280e6b3464585190ae20e9d4c31cf0bf41dfe5e7feb73e,1,7,3,4,6,arithmetic|bad_randomness|denial_service|front_running|reentrancy|unchecked_low_calls,arithmetic|denial_service|front_running,101|104|107|113|114|120,Zeus|eThor,C:\Users\Exauce\Documents\smart-contract-cgt\source\15f0f5d0a9c293644706e36c2e3e79cb.sol,1,test,True,
160379813b0fd087c4e0b581a6542d6a,55291c67aa13b1434a7c82f4ed9e8aede287d454ec4b4aff1c0438b04eec1a18,1,7,4,3,6,arithmetic|bad_randomness|denial_service|front_running|reentrancy|unchecked_low_calls,arithmetic|denial_service|front_running|reentrancy,101|104|107|113|114|120,Zeus|eThor,C:\Users\Exauce\Documents\smart-contract-cgt\source\160379813b0fd087c4e0b581a6542d6a.sol,1,train,True,
168c5801595d4c0592a76a52a2638e0e,3f241279df9435bc06ea0f780b42593af5d8cd2eb1fc76e9276e73e6f4c3fb18,1,7,5,2,6,arithmetic|bad_randomness|denial_service|front_running|reentrancy|unchecked_low_calls,arithmetic|bad_randomness|denial_service|front_running|unchecked_low_calls,101|104|107|113|114|120,Zeus|eThor,C:\Users\Exauce\Documents\smart-contract-cgt\source\168c5801595d4c0592a76a52a2638e0e.sol,1,val,True,
175c443da7637ba3b53053561531a69e,12f8bbce40beb226b9028c8660ef1d99c0ff3798998f11041374b59f4430e306,1,7,4,3,6,arithmetic|bad_randomness|denial_service|front_running|reentrancy|unchecked_low_calls,arithmetic|bad_randomness|denial_service|front_running,101|104|107|113|114|120,Zeus|eThor,C:\Users\Exauce\Documents\smart-contract-cgt\source\175c443da7637ba3b53053561531a69e.sol,1,val,True,
182b0e2f9cdb89bd4b9eb5e986ceab1d,10f116b0dbd75aa0657ee889bb2ebc5eebe955b1f5bafdfc642014d0f4b508c6,1,1,1,0,1,front_running,front_running,114,EthRacer,C:\Users\Exauce\Documents\smart-contract-cgt\source\182b0e2f9cdb89bd4b9eb5e986ceab1d.sol,0,train,False,cgt_v1_label_conflict
18731bf4901e60907f304ae330903785,f15d893953d384cc3e8651715bf18237b3264d93b5df9112c7966cdbcf900042,1,8,4,4,6,arithmetic|bad_randomness|denial_service|front_running|reentrancy|unchecked_low_calls,arithmetic|front_running|unchecked_low_calls,101|104|107|113|114|120,ContractFuzzer|Zeus|eThor,C:\Users\Exauce\Documents\smart-contract-cgt\source\18731bf4901e60907f304ae330903785.sol,0,test,False,cgt_v1_label_conflict
187c97cc295dfaaac4b85f7c829214fc,256332897e60b826bf989640d5db322164e6c72256fab5f77604c89dcacbc414,1,1,1,0,1,time_manipulation,time_manipulation,116,ContractFuzzer,C:\Users\Exauce\Documents\smart-contract-cgt\source\187c97cc295dfaaac4b85f7c829214fc.sol,1,train,True,
188b738535499d2d49da9a27e26e715d,012447267793a069e8c168456710d672e201ed20a7b6bf69d99c365a5fb62fd6,1,7,4,3,6,arithmetic|bad_randomness|denial_service|front_running|reentrancy|unchecked_low_calls,arithmetic|bad_randomness|denial_service|front_running,101|104|107|113|114|120,Zeus|eThor,C:\Users\Exauce\Documents\smart-contract-cgt\source\188b738535499d2d49da9a27e26e715d.sol,1,train,True,
189fc32c2d956ef31008eedfe9a880a0,1ea84221a68f35734e67d02c0435c94d2439df77f978bf2b60bd609a9deae337,0,12,0,12,6,arithmetic|bad_randomness|denial_service|front_running|reentrancy|unchecked_low_calls,,101|104|107|113|114|120|128,CodeSmells|Zeus|eThor,C:\Users\Exauce\Documents\smart-contract-cgt\source\189fc32c2d956ef31008eedfe9a880a0.sol,0,val,True,
18c2e0c374031239846b704cf76a6854,ddb3e3b56467346930dbb5cc95de9a8066a98b26db6f477ea14279db51ad999d,0,5,0,5,4,bad_randomness|denial_service|reentrancy|unchecked_low_calls,,104|107|113|120|128,CodeSmells,C:\Users\Exauce\Documents\smart-contract-cgt\source\18c2e0c374031239846b704cf76a6854.sol,0,train,True,
1ace4789a1fed6463552756539eeb658,1457ae47eebdcd6784ee48634fcc94ab63227029f49949a3f7b30bf3ed21b973,1,7,4,3,6,arithmetic|bad_randomness|denial_service|front_running|reentrancy|unchecked_low_calls,arithmetic|bad_randomness|denial_service|front_running,101|104|107|113|114|120,Zeus|eThor,C:\Users\Exauce\Documents\smart-contract-cgt\source\1ace4789a1fed6463552756539eeb658.sol,1,train,True,
1af1de9c9345b5323a83ebb2a38458d3,b3cf3e6bfcd36f2a5316147129a6ac77896373c3363da4ab81b2772c01ef4f58,1,1,1,0,1,bad_randomness,bad_randomness,120,ContractFuzzer,C:\Users\Exauce\Documents\smart-contract-cgt\source\1af1de9c9345b5323a83ebb2a38458d3.sol,1,test,True,
1b1f54b3f4cefadf796b2e17b05cc2e7,817d529e1f4b08e01e9bbc20399811c2be9d1e049505d463bab762c3b0cce1db,1,6,1,5,6,arithmetic|bad_randomness|denial_service|front_running|reentrancy|unchecked_low_calls,reentrancy,101|104|107|113|114|120,Zeus,C:\Users\Exauce\Documents\smart-contract-cgt\source\1b1f54b3f4cefadf796b2e17b05cc2e7.sol,0,train,False,cgt_v1_label_conflict
1b33d0c20abe23879a043d655f421b2f,79f734f8ca82821b84841fd57206c0ee12e141a0cdcfe5cf1cfb5f874d17077f,1,11,5,6,6,arithmetic|bad_randomness|denial_service|front_running|reentrancy|unchecked_low_calls,arithmetic|bad_randomness|denial_service|front_running,101|104|107|113|114|120,NPChecker|Zeus|eThor,C:\Users\Exauce\Documents\smart-contract-cgt\source\1b33d0c20abe23879a043d655f421b2f.sol,1,train,True,
1b7c524f50fb60a4dbe540674deae1c8,d14b785c4daab7f5a8a7d6fa966b9496ce7afd1cc7952f36678f38614d5ed12c,1,1,1,0,1,front_running,front_running,114,EthRacer,C:\Users\Exauce\Documents\smart-contract-cgt\source\1b7c524f50fb60a4dbe540674deae1c8.sol,1,train,True,
1c441ae481d5647eebcbfbd62e323c43,e9f5209425a1ad2a8775b52baacb0b25380c0170942529053cf5cc995d3b8032,1,6,2,4,6,arithmetic|bad_randomness|denial_service|front_running|reentrancy|unchecked_low_calls,denial_service|front_running,101|104|107|113|114|120,Zeus,C:\Users\Exauce\Documents\smart-contract-cgt\source\1c441ae481d5647eebcbfbd62e323c43.sol,0,train,False,cgt_v1_label_conflict
1f3d57268206f69991ffde3e48b86b3b,0fd1db32a3571539f5cc4c241e3258f674c857036dcfe1bfac4c2ce0f219b323,1,7,4,3,6,arithmetic|bad_randomness|denial_service|front_running|reentrancy|unchecked_low_calls,arithmetic|bad_randomness|denial_service|front_running,101|104|107|113|114|120,Zeus|eThor,C:\Users\Exauce\Documents\smart-contract-cgt\source\1f3d57268206f69991ffde3e48b86b3b.sol,1,test,True,
1f64671037738fde256290124afa3ce4,733915666d14196dbd74dfc176c6f8c2649bead71a2d038c67fddaad423d9325,1,7,2,5,6,arithmetic|bad_randomness|denial_service|front_running|reentrancy|unchecked_low_calls,arithmetic|reentrancy,101|104|107|113|114|120,Zeus|eThor,C:\Users\Exauce\Documents\smart-contract-cgt\source\1f64671037738fde256290124afa3ce4.sol,0,train,False,cgt_v1_label_conflict
20e0af360932a053a4ce6242c97dedb8,cf9579334eb94305465a42a50f26e8ea509c945fc7108111c024029c8a67c19f,1,5,1,4,5,arithmetic|bad_randomness|denial_service|front_running|unchecked_low_calls,arithmetic,101|104|113|114|120,Zeus,C:\Users\Exauce\Documents\smart-contract-cgt\source\20e0af360932a053a4ce6242c97dedb8.sol,1,train,True,
20e72cb95d983104a0963965538d7243,c40ec6218bbe5c713d450dfb8c03ebd256f7def1de400e048d88417f06dcf760,0,1,0,1,1,reentrancy,,107,Doublade,C:\Users\Exauce\Documents\smart-contract-cgt\source\20e72cb95d983104a0963965538d7243.sol,1,train,False,cgt_v1_label_conflict
213ac78de52b1d5b73222a4e647269ac,d0b7a97872309288080bd955da18ac1a284c9f004a36bdc6d9ea6220cfabac95,0,7,0,7,6,arithmetic|bad_randomness|denial_service|front_running|reentrancy|unchecked_low_calls,,101|104|107|113|114|120,Zeus|eThor,C:\Users\Exauce\Documents\smart-contract-cgt\source\213ac78de52b1d5b73222a4e647269ac.sol,0,val,True,
22fc1f0341e063e69a7757e8ce96d153,431db451590038f2bb3d519c14a2615ca1a058c25f0dbea453a616cecc9a6719,1,1,1,0,1,front_running,front_running,114,SBcurated,C:\Users\Exauce\Documents\smart-contract-cgt\source\22fc1f0341e063e69a7757e8ce96d153.sol,1,train,True,
25da2b1b1e77bba58cf234eac71ad996,0b4bd482f982c89691dd830cea8a43d38ce41af0728699a39e7d3072a0bafaa7,1,2,2,0,1,denial_service,denial_service,128,SBcurated|SWCregistry,C:\Users\Exauce\Documents\smart-contract-cgt\source\25da2b1b1e77bba58cf234eac71ad996.sol,1,train,True,
266b37b9c7a420bcbbb0bae598b12acb,84fccb4114d5177e2012170bf72ce2ce94390b11143f924a62a0f621fd12b3b4,1,7,4,3,6,arithmetic|bad_randomness|denial_service|front_running|reentrancy|unchecked_low_calls,arithmetic|bad_randomness|denial_service|front_running,101|104|107|113|114|120,Zeus|eThor,C:\Users\Exauce\Documents\smart-contract-cgt\source\266b37b9c7a420bcbbb0bae598b12acb.sol,1,train,True,
26a24e0252cad60955eefe3095b60678,2008bb8b10ea623b6eada336512f3be91f8b5cc98f6bcee5da6b755172469798,0,5,0,5,5,bad_randomness|denial_service|front_running|reentrancy|unchecked_low_calls,,104|107|113|114|120,NPChecker,C:\Users\Exauce\Documents\smart-contract-cgt\source\26a24e0252cad60955eefe3095b60678.sol,0,train,True,
26ef291a1db4a549e0225295427fe8d1,3759ca35ed6081c5e9530ffb73f91389079be1e4f6aa10dae5136a4f03d96425,1,7,1,6,6,arithmetic|bad_randomness|denial_service|front_running|reentrancy|unchecked_low_calls,arithmetic,101|104|107|113|114|120,Zeus|eThor,C:\Users\Exauce\Documents\smart-contract-cgt\source\26ef291a1db4a549e0225295427fe8d1.sol,0,train,False,cgt_v1_label_conflict
26f8be1c92078220de7f8c9de26398b3,4e913bbb1c3500dc164fcadaa614cc5131eefa8281fddf02b8da4128edbec698,1,7,1,6,6,arithmetic|bad_randomness|denial_service|front_running|reentrancy|unchecked_low_calls,arithmetic,101|104|107|113|114|120,Zeus|eThor,C:\Users\Exauce\Documents\smart-contract-cgt\source\26f8be1c92078220de7f8c9de26398b3.sol,0,train,False,cgt_v1_label_conflict
27bc70fee1ba95b4278050baa580c02d,fa53060b02854cf1a9b0e28d2c0d4192cc5c31a76614f44929ce9136690ffe8b,1,1,1,0,1,reentrancy,reentrancy,107,SBcurated,C:\Users\Exauce\Documents\smart-contract-cgt\source\27bc70fee1ba95b4278050baa580c02d.sol,1,train,True,
28a57a070ba417225137d7548eae53f5,7c2a8b3df42369f34be8d4f31613885b51b4cbc72a94c84c83399232f909fb03,1,1,1,0,1,arithmetic,arithmetic,101,EverEvolvingG,C:\Users\Exauce\Documents\smart-contract-cgt\source\28a57a070ba417225137d7548eae53f5.sol,0,train,False,cgt_v1_label_conflict
28c6c43a8b56f1bb8e68a71e1b248780,b35205101a87bc73d6c0cd58134ecd8c5481810bd7b84bec27bf0ac7e56326bd,1,6,4,2,6,arithmetic|bad_randomness|denial_service|front_running|reentrancy|unchecked_low_calls,arithmetic|bad_randomness|denial_service|front_running,101|104|107|113|114|120,Zeus,C:\Users\Exauce\Documents\smart-contract-cgt\source\28c6c43a8b56f1bb8e68a71e1b248780.sol,1,train,True,
2b0575027a80a17c1f30dd40d3a5faa5,35ab35865b50457896cc29073d61b1f6e0a7b3adcf6454de684863f66f73855f,1,5,2,3,4,bad_randomness|denial_service|reentrancy|unchecked_low_calls,denial_service,104|107|113|120|128,CodeSmells,C:\Users\Exauce\Documents\smart-contract-cgt\source\2b0575027a80a17c1f30dd40d3a5faa5.sol,1,train,True,
2b2beb388fb5b103e463206b735ae1bd,4832cb1e5829aaba2aa097f72f22f1afd1a6726db8f417c2cee938ec0d02502d,0,5,0,5,4,bad_randomness|denial_service|reentrancy|unchecked_low_calls,,104|107|113|120|128,CodeSmells,C:\Users\Exauce\Documents\smart-contract-cgt\source\2b2beb388fb5b103e463206b735ae1bd.sol,1,val,False,cgt_v1_label_conflict
2c8ab8695e13d6b8e7199c1b14c44960,bde59af7e3c6e4a72a02c0ce378e74c155380145e88ae246948e6e77d5869e16,1,7,4,3,6,arithmetic|bad_randomness|denial_service|front_running|reentrancy|unchecked_low_calls,arithmetic|denial_service|front_running|reentrancy,101|104|107|113|114|120,Zeus|eThor,C:\Users\Exauce\Documents\smart-contract-cgt\source\2c8ab8695e13d6b8e7199c1b14c44960.sol,1,val,True,
2d0c4e326c9f1051296a998f1fbb7bfb,4ec6b6bbdff11488e74a42bf7b28d1b63d536b9e0cac1625c5cae018be54073e,0,5,0,5,4,bad_randomness|denial_service|reentrancy|unchecked_low_calls,,104|107|113|120|128,CodeSmells,C:\Users\Exauce\Documents\smart-contract-cgt\source\2d0c4e326c9f1051296a998f1fbb7bfb.sol,0|1,train,True,
2ded699ba83f6c6d414c19375997ff31,e5f72bf75a3eba6c79bbd8a7fcbe498f6833ff2f51a0a9286bb7449e4c496a97,1,7,3,4,6,arithmetic|bad_randomness|denial_service|front_running|reentrancy|unchecked_low_calls,arithmetic|bad_randomness|denial_service,101|104|107|113|114|120,Zeus|eThor,C:\Users\Exauce\Documents\smart-contract-cgt\source\2ded699ba83f6c6d414c19375997ff31.sol,1,train,True,
2df19a9e14258e4ccd927da453faca58,699bb1f4b6fc31ed9eb12e54b2fa5392934a7bcc8cff47dfe7af4588ce4f32c3,1,2,2,0,1,denial_service,denial_service,128,SBcurated|SWCregistry,C:\Users\Exauce\Documents\smart-contract-cgt\source\2df19a9e14258e4ccd927da453faca58.sol,1,train,True,
2df320615c6cb1a8da04030561222e38,2512877062170a6a899de9ae483eaabcd9b79bb4161efda4202e9f7688f26f41,0,5,0,5,4,bad_randomness|denial_service|reentrancy|unchecked_low_calls,,104|107|113|120|128,CodeSmells,C:\Users\Exauce\Documents\smart-contract-cgt\source\2df320615c6cb1a8da04030561222e38.sol,1,train,False,cgt_v1_label_conflict
2e093ee7cb5d68fff9968a91846414ec,9ea19235c41b984df59ae90b8841af93fbdc12715d5fec7b43475e96f7612424,1,1,1,0,1,bad_randomness,bad_randomness,120,ContractFuzzer,C:\Users\Exauce\Documents\smart-contract-cgt\source\2e093ee7cb5d68fff9968a91846414ec.sol,1,train,True,
2e8fd96ad2a73ae6e808291676e83167,f22ed25026f7931971056084b79af3aa7dce33185c1d35e0fa41b2cd659c5c9e,1,1,1,0,1,denial_service,denial_service,113,Doublade,C:\Users\Exauce\Documents\smart-contract-cgt\source\2e8fd96ad2a73ae6e808291676e83167.sol,1,test,True,
2ea121a615f085c42c640ebb9b3d2184,c3f54e1621fb0650c1db97e1e272367ef22ec16d16b2513cc27888b39f9ecff6,1,7,1,6,6,arithmetic|bad_randomness|denial_service|front_running|reentrancy|unchecked_low_calls,arithmetic,101|104|107|113|114|120,Zeus|eThor,C:\Users\Exauce\Documents\smart-contract-cgt\source\2ea121a615f085c42c640ebb9b3d2184.sol,0,train,False,cgt_v1_label_conflict
2fb082696b83274b81c81f9f12bad6ed,0f278a2e644cd389160ad2a76fc48906f1b8fed7b0d6947e2aa0022266660d46,1,1,1,0,1,time_manipulation,time_manipulation,116,ContractFuzzer,C:\Users\Exauce\Documents\smart-contract-cgt\source\2fb082696b83274b81c81f9f12bad6ed.sol,0|1,train,True,
302accc3b3ac3ea565ee4d0b0fafdbbd,abfc37b83b10b6f1301ec381c4cab95e9a35505eb163e6d8cb5d48bb0dc86407,1,6,1,5,5,bad_randomness|denial_service|front_running|reentrancy|unchecked_low_calls,front_running,104|107|113|114|120,Doublade|NPChecker,C:\Users\Exauce\Documents\smart-contract-cgt\source\302accc3b3ac3ea565ee4d0b0fafdbbd.sol,0,train,False,cgt_v1_label_conflict
30b5b6a7814903c04b286d932964be3d,1a458fe5275cb4c8793ca61dfca57b101668ea50b8565d84801a2e90218331d2,1,1,1,0,1,time_manipulation,time_manipulation,116,ContractFuzzer,C:\Users\Exauce\Documents\smart-contract-cgt\source\30b5b6a7814903c04b286d932964be3d.sol,1,test,True,
3110941db9bf2c1d57c9000020fe4dcb,cefdefe643096c42ac7430254a30e1ecf47d31a891e0e02da42e0468063f7383,0,5,0,5,4,bad_randomness|denial_service|reentrancy|unchecked_low_calls,,104|107|113|120|128,CodeSmells,C:\Users\Exauce\Documents\smart-contract-cgt\source\3110941db9bf2c1d57c9000020fe4dcb.sol,1,train,False,cgt_v1_label_conflict
3213543265e254c7c67a1085d8714f3e,c01f31ee28b57c420bbdd54769063663ffdfe62998651d28f776cd50754f94c2,1,7,1,6,6,arithmetic|bad_randomness|denial_service|front_running|reentrancy|unchecked_low_calls,arithmetic,101|104|107|113|114|120,Zeus|eThor,C:\Users\Exauce\Documents\smart-contract-cgt\source\3213543265e254c7c67a1085d8714f3e.sol,0,train,False,cgt_v1_label_conflict
329245db5ce9de76092fc33e056d139b,551b59247e31813884a1d9d78fbab68ebf1da6a06521fad91582c80beebc9f15,0,5,0,5,4,bad_randomness|denial_service|reentrancy|unchecked_low_calls,,104|107|113|120|128,CodeSmells,C:\Users\Exauce\Documents\smart-contract-cgt\source\329245db5ce9de76092fc33e056d139b.sol,1,train,False,cgt_v1_label_conflict
32f3ebc6f4e87a2e694149ccd94f91fa,496697ecaba61d1d69720c0e001b94cdc6e56cb1d0b0491d454f516f8c7d5d6d,1,1,1,0,1,time_manipulation,time_manipulation,116,SBcurated,C:\Users\Exauce\Documents\smart-contract-cgt\source\32f3ebc6f4e87a2e694149ccd94f91fa.sol,1,train,True,
33f2be2e1138eeb24108e39c23ed1aac,a3036d6341a076a1f5616c469f0b87062fc9ed2f87d4ba116d1c599bbcb0d5cd,1,1,1,0,1,unchecked_low_calls,unchecked_low_calls,104,SBcurated,C:\Users\Exauce\Documents\smart-contract-cgt\source\33f2be2e1138eeb24108e39c23ed1aac.sol,1,val,True,
346e9d22d6b2becbfca88f08d439a397,70ba9c4b02a361593548546bfc335e196f590f08e21ac5503b26c976c10fe72b,1,7,3,4,6,arithmetic|bad_randomness|denial_service|front_running|reentrancy|unchecked_low_calls,arithmetic|denial_service|front_running,101|104|107|113|114|120,Zeus|eThor,C:\Users\Exauce\Documents\smart-contract-cgt\source\346e9d22d6b2becbfca88f08d439a397.sol,1,val,True,
34a85b58d9dced4dbba67cafd562533f,649339f30f795ff282b7dff179fbc5780f8ab63bbd1a477cccab4b03f96a2ee4,1,7,1,6,6,arithmetic|bad_randomness|denial_service|front_running|reentrancy|unchecked_low_calls,arithmetic,101|104|107|113|114|120,Zeus|eThor,C:\Users\Exauce\Documents\smart-contract-cgt\source\34a85b58d9dced4dbba67cafd562533f.sol,0,val,False,cgt_v1_label_conflict
34a9b32c38da0878f5c3384f285fe391,6da5c7ec2b204320eb19beecd1983aab441ead5570382872d0511a58ef07d1e9,0,1,0,1,1,denial_service,,113,Doublade,C:\Users\Exauce\Documents\smart-contract-cgt\source\34a9b32c38da0878f5c3384f285fe391.sol,1,val,False,cgt_v1_label_conflict
356a262e8667a67027b81a97c836aa86,f1b622b012cc37060cf58931d048e1931db58182d7e6ab5841c55f4fa6e972ee,1,1,1,0,1,bad_randomness,bad_randomness,120,ContractFuzzer,C:\Users\Exauce\Documents\smart-contract-cgt\source\356a262e8667a67027b81a97c836aa86.sol,1,train,True,
35d1ae579ffe1ff235725a8ada62fae0,eb572cf53f36a5b94436ef5e828e3270399cb832a5f1424128b1a12b8d7be87a,1,7,1,6,6,arithmetic|bad_randomness|denial_service|front_running|reentrancy|unchecked_low_calls,arithmetic,101|104|107|113|114|120,Zeus|eThor,C:\Users\Exauce\Documents\smart-contract-cgt\source\35d1ae579ffe1ff235725a8ada62fae0.sol,0,train,False,cgt_v1_label_conflict
3603b97fd300a1cc529836d4c7f2bd43,1484ebd87fbff6f23374fd1c392736d011319766876cd0f1f8e8506b5db52000,0,5,0,5,4,bad_randomness|denial_service|reentrancy|unchecked_low_calls,,104|107|113|120|128,CodeSmells,C:\Users\Exauce\Documents\smart-contract-cgt\source\3603b97fd300a1cc529836d4c7f2bd43.sol,0,train,True,
368844558533f8b0100596001b71879e,521c70bd173da45f6f5769edb30d249de52048f0fe260dd1da74608ba7722d8c,1,7,2,5,6,arithmetic|bad_randomness|denial_service|front_running|reentrancy|unchecked_low_calls,arithmetic|reentrancy,101|104|107|113|114|120,Zeus|eThor,C:\Users\Exauce\Documents\smart-contract-cgt\source\368844558533f8b0100596001b71879e.sol,0,train,False,cgt_v1_label_conflict
36af7f1d3af5a203d51030f484a34753,58c60b63732d2bb2933532ddfe1f0aa1f5e648b0fb9bd590f184e31da5d214c6,1,7,1,6,6,arithmetic|bad_randomness|denial_service|front_running|reentrancy|unchecked_low_calls,arithmetic,101|104|107|113|114|120,Zeus|eThor,C:\Users\Exauce\Documents\smart-contract-cgt\source\36af7f1d3af5a203d51030f484a34753.sol,0,val,False,cgt_v1_label_conflict
36b10d4a7e564aa6cddf03d46175c916,57e495c2f6296b0bb37b8ac97e2edd1d5f7fe7994070c40adedf7b1077f7ce1c,1,7,4,3,6,arithmetic|bad_randomness|denial_service|front_running|reentrancy|unchecked_low_calls,arithmetic|bad_randomness|denial_service|front_running,101|104|107|113|114|120,Zeus|eThor,C:\Users\Exauce\Documents\smart-contract-cgt\source\36b10d4a7e564aa6cddf03d46175c916.sol,1,train,True,
37f5af54014f078f1820a54b1f2b5c09,77fe7aceaabaa0441519102b90ee35da2ebcd44fc99f1d83ba211c42cc8b25ff,1,1,1,0,1,bad_randomness,bad_randomness,120,ContractFuzzer,C:\Users\Exauce\Documents\smart-contract-cgt\source\37f5af54014f078f1820a54b1f2b5c09.sol,1,val,True,
381f08870b45b2ab7731dfdcdf938206,928f5c7943a9202a21c652330e34add318f71e0d5812e7e37400d5eda20d7d80,0,7,0,7,6,arithmetic|bad_randomness|denial_service|front_running|reentrancy|unchecked_low_calls,,101|104|107|113|114|120,Zeus|eThor,C:\Users\Exauce\Documents\smart-contract-cgt\source\381f08870b45b2ab7731dfdcdf938206.sol,0,train,True,
38651e52a30d641b9cf429c109960637,9efc3c56d3fd2d96c0c92344c10cca1da29e33909764dab1974929cbe72f53d1,0,5,0,5,4,bad_randomness|denial_service|reentrancy|unchecked_low_calls,,104|107|113|120|128,CodeSmells,C:\Users\Exauce\Documents\smart-contract-cgt\source\38651e52a30d641b9cf429c109960637.sol,0,train,True,
38827a755c0cd886e447b05dd20aaaf4,3e23a2d381f3e90d6b1dec5fc727108f32b5ace4132fd4f5d77d56215ddf7480,0,6,0,6,4,bad_randomness|denial_service|reentrancy|unchecked_low_calls,,104|107|113|120|128,CodeSmells|Doublade,C:\Users\Exauce\Documents\smart-contract-cgt\source\38827a755c0cd886e447b05dd20aaaf4.sol,0,train,True,
3977b3894efec88035adacf3b63382b4,cb26b787c0df2d237cb7a82ffd2117a12447e1200781a54c24ecdfc0147bf1a6,1,7,4,3,6,arithmetic|bad_randomness|denial_service|front_running|reentrancy|unchecked_low_calls,arithmetic|bad_randomness|front_running|unchecked_low_calls,101|104|107|113|114|120,Zeus|eThor,C:\Users\Exauce\Documents\smart-contract-cgt\source\3977b3894efec88035adacf3b63382b4.sol,1,train,True,
39968c382922c919505ac243f2e65dbb,075ae40f4828f70958db01f7c00a59613f5002f42b96e9b2b5b662aa5a884434,1,12,7,5,6,arithmetic|bad_randomness|denial_service|front_running|reentrancy|unchecked_low_calls,arithmetic|bad_randomness|front_running|unchecked_low_calls,101|104|107|113|114|120,ContractFuzzer|NPChecker|Zeus|eThor,C:\Users\Exauce\Documents\smart-contract-cgt\source\39968c382922c919505ac243f2e65dbb.sol,1,train,True,
39afddc46dfaa99f28c85e727921bdae,e57383c8e011b58d32cf91467657d309de4a3195d5fa39af411220805bc11f43,1,5,1,4,4,bad_randomness|denial_service|reentrancy|unchecked_low_calls,reentrancy,104|107|113|120|128,CodeSmells,C:\Users\Exauce\Documents\smart-contract-cgt\source\39afddc46dfaa99f28c85e727921bdae.sol,0|1,val,True,
3a7f00abaf61b3dd5d128f609434afe2,652ad4de06a4d9d7abdace5cda6aafab2cbed27ac38a37cdd1ee74875fce54e0,1,1,1,0,1,time_manipulation,time_manipulation,116,ContractFuzzer,C:\Users\Exauce\Documents\smart-contract-cgt\source\3a7f00abaf61b3dd5d128f609434afe2.sol,0|1,train,True,
3ad8ca0d65457183607db655ec5515fc,b8830d2beec3b45ce3115c6ac16a499f2b2417d29fbceccb3c259fb3f4dbcf89,1,7,1,6,6,arithmetic|bad_randomness|denial_service|front_running|reentrancy|unchecked_low_calls,reentrancy,101|104|107|113|114|120,Zeus|eThor,C:\Users\Exauce\Documents\smart-contract-cgt\source\3ad8ca0d65457183607db655ec5515fc.sol,0,train,False,cgt_v1_label_conflict
3b2d933606731de60cfd870cb1784de1,5bfdae4053ac7c14c1867746839d78d71f5bc955443efc32370a9c58de5d4847,1,2,2,0,1,unchecked_low_calls,unchecked_low_calls,104,Doublade|SBcurated,C:\Users\Exauce\Documents\smart-contract-cgt\source\3b2d933606731de60cfd870cb1784de1.sol,1,train|val,True,
3d621d123e2dedc7eb65b7bc9f88ebc3,d044dee8391e8568940269a6d516317bfdf057f734faf309b95e5214c4ceae48,0,2,0,2,1,reentrancy,,107,Doublade,C:\Users\Exauce\Documents\smart-contract-cgt\source\3d621d123e2dedc7eb65b7bc9f88ebc3.sol,1,test,False,cgt_v1_label_conflict
3de2fba1fb4c173089352b777e78ad0c,26cfdf2dfc63a6e6b8cb99c954382814d3ca747839778e1e26057a95469612fb,1,2,2,0,2,time_manipulation|unchecked_low_calls,time_manipulation|unchecked_low_calls,104|116,ContractFuzzer,C:\Users\Exauce\Documents\smart-contract-cgt\source\3de2fba1fb4c173089352b777e78ad0c.sol,0,test,False,cgt_v1_label_conflict
3f46cf71f48ef6ca73c7a53b5b091101,470626aaf3bd4a897a7ae724ad0b19efd4998a331a4b526b477614b4334acd59,0,7,0,7,6,arithmetic|bad_randomness|denial_service|front_running|reentrancy|unchecked_low_calls,,101|104|107|113|114|120,Zeus|eThor,C:\Users\Exauce\Documents\smart-contract-cgt\source\3f46cf71f48ef6ca73c7a53b5b091101.sol,0,val,True,
4019944aaa95ea852ca378a5586faf9a,a1bcbee58292e5d7fb5dd5694fa28f988ba2d3a19a3705fe445bd7859fae9579,1,7,4,3,6,arithmetic|bad_randomness|denial_service|front_running|reentrancy|unchecked_low_calls,arithmetic|bad_randomness|denial_service|front_running,101|104|107|113|114|120,Zeus|eThor,C:\Users\Exauce\Documents\smart-contract-cgt\source\4019944aaa95ea852ca378a5586faf9a.sol,1,train,True,
40edf8345391a754091af7ba7b28678f,b18d76eb3ce4ade26558d46350a122a0b8be0a70def0bd710c44f4612dce89ab,1,2,2,0,1,reentrancy,reentrancy,107,NotSoSmartC|SBcurated,C:\Users\Exauce\Documents\smart-contract-cgt\source\40edf8345391a754091af7ba7b28678f.sol,1,train,True,
41197ffd8d2c070ff4664a61dc2b8aab,2276c78610d25795309d8bb7a471bd23fafdd8ad17ec1bc990cba5aa8192d38f,0,5,0,5,4,bad_randomness|denial_service|reentrancy|unchecked_low_calls,,104|107|113|120|128,CodeSmells,C:\Users\Exauce\Documents\smart-contract-cgt\source\41197ffd8d2c070ff4664a61dc2b8aab.sol,0,train,True,
417de51398cd0abd60af4939880daee5,83a16716b169674183190cbf91d2b74059de1b59f98ce1442cb60dcd3874d641,1,1,1,0,1,unchecked_low_calls,unchecked_low_calls,104,SBcurated,C:\Users\Exauce\Documents\smart-contract-cgt\source\417de51398cd0abd60af4939880daee5.sol,1,val,True,
4267dc54c20681ce22869cc8bbdd4a61,03a676ca4711b9d581276a092201738430797e92152b80e9124e9e1982686fc9,1,6,4,2,6,arithmetic|bad_randomness|denial_service|front_running|reentrancy|unchecked_low_calls,arithmetic|bad_randomness|denial_service|front_running,101|104|107|113|114|120,Zeus,C:\Users\Exauce\Documents\smart-contract-cgt\source\4267dc54c20681ce22869cc8bbdd4a61.sol,1,train,True,
43c1aafd835e7d0696476c5b669aafbe,88e692832a6dcbedab181cc2c37d32b6e392b141c9cda2f3cc7cd6c6bb99ce58,1,1,1,0,1,unchecked_low_calls,unchecked_low_calls,104,SBcurated,C:\Users\Exauce\Documents\smart-contract-cgt\source\43c1aafd835e7d0696476c5b669aafbe.sol,1,val,True,
443bcfa03f35f2811129e99e67cd443d,62c786413f1da6cc7ea740dbd3f0789c2c88f7fd86b4e2ad0b5988352e9959c4,1,1,1,0,1,time_manipulation,time_manipulation,116,ContractFuzzer,C:\Users\Exauce\Documents\smart-contract-cgt\source\443bcfa03f35f2811129e99e67cd443d.sol,1,test,True,
447f15be04cd6f0477f1a0257c881733,aa95e6495ed4c48e072f18b4ddd848de840028cac03b1f9b87e9f39f8253cd2c,1,1,1,0,1,unchecked_low_calls,unchecked_low_calls,104,SBcurated,C:\Users\Exauce\Documents\smart-contract-cgt\source\447f15be04cd6f0477f1a0257c881733.sol,1,train,True,
46d606e328e5569c4c9e027c31fe99ea,360489d5f46eb7e654672788527926fdf904bbf5eb762d5bc3e300475623fea5,1,7,4,3,6,arithmetic|bad_randomness|denial_service|front_running|reentrancy|unchecked_low_calls,arithmetic|bad_randomness|denial_service|front_running,101|104|107|113|114|120,Zeus|eThor,C:\Users\Exauce\Documents\smart-contract-cgt\source\46d606e328e5569c4c9e027c31fe99ea.sol,1,train,True,
46e9cd9a0f01b23e6fde68e0403611f2,831d6cc18c15d0cb603decf52c3e4223e563a7eedf5aacb4ce6f8298ac9f934a,1,7,4,3,6,arithmetic|bad_randomness|denial_service|front_running|reentrancy|unchecked_low_calls,arithmetic|denial_service|front_running|reentrancy,101|104|107|113|114|120,Zeus|eThor,C:\Users\Exauce\Documents\smart-contract-cgt\source\46e9cd9a0f01b23e6fde68e0403611f2.sol,1,test,True,
48079583e417364eef5aea4e69d764de,98dac106cbd2c3e7fc09588809ad06ae85be3b92625770e7d8d1635dedcb920f,1,2,2,0,1,arithmetic,arithmetic,101,SBcurated|SWCregistry,C:\Users\Exauce\Documents\smart-contract-cgt\source\48079583e417364eef5aea4e69d764de.sol,1,train,True,
486bc836595df143884f54a835491741,3ba1f3a40ee1f0aaf813ffe8df3811fbc40ad4adf3477fcdf26f9cbff1e5f0ec,1,2,2,0,1,arithmetic,arithmetic,101,NotSoSmartC|SBcurated,C:\Users\Exauce\Documents\smart-contract-cgt\source\486bc836595df143884f54a835491741.sol,1,test,True,
490bea87738e197f0955a044015f2908,819f38bbdd7fba7bebf22ae2e446457266493f9d685914fe350250206166847d,1,7,1,6,6,arithmetic|bad_randomness|denial_service|front_running|reentrancy|unchecked_low_calls,arithmetic,101|104|107|113|114|120,Zeus|eThor,C:\Users\Exauce\Documents\smart-contract-cgt\source\490bea87738e197f0955a044015f2908.sol,0,test,False,cgt_v1_label_conflict
490d4e92d85c9a164d5530a8234e35c5,5e83cd0de37ea0f7d673bdb6b04e83cc379f1c8f0a026d5f07c6d9f60a70eace,0,5,0,5,4,bad_randomness|denial_service|reentrancy|unchecked_low_calls,,104|107|113|120|128,CodeSmells,C:\Users\Exauce\Documents\smart-contract-cgt\source\490d4e92d85c9a164d5530a8234e35c5.sol,1,train,False,cgt_v1_label_conflict
496449e6d6f96097c95308c7551aa418,e096c675cbbaf1a18e11eee85a54c5f5e466fa4d77bdd85405c6d6dde921a9aa,1,5,2,3,4,bad_randomness|denial_service|reentrancy|unchecked_low_calls,bad_randomness|reentrancy,104|107|113|120|128,CodeSmells,C:\Users\Exauce\Documents\smart-contract-cgt\source\496449e6d6f96097c95308c7551aa418.sol,1,train,True,
4a5f293ebc9629b609b7a3450a56b637,eb37526156d17e965a6773e00982d61f20583947d8164b38ae98524ecece7060,1,7,2,5,6,arithmetic|bad_randomness|denial_service|front_running|reentrancy|unchecked_low_calls,arithmetic|reentrancy,101|104|107|113|114|120,Zeus|eThor,C:\Users\Exauce\Documents\smart-contract-cgt\source\4a5f293ebc9629b609b7a3450a56b637.sol,0,train,False,cgt_v1_label_conflict
4a73f761ebd052a751692461d0e8a8d9,21709118674bc180198a5170f93f76be871e9ab243438671913d02eec757582c,0,5,0,5,4,bad_randomness|denial_service|reentrancy|unchecked_low_calls,,104|107|113|120|128,CodeSmells,C:\Users\Exauce\Documents\smart-contract-cgt\source\4a73f761ebd052a751692461d0e8a8d9.sol,1,train,False,cgt_v1_label_conflict
4baae957e144419d5f422d8c061d7d10,14ac89d0fe6cee0f0b3d5fea0d2b238b3a1d69cbcb72607f2e49badc0370f7c3,1,7,1,6,6,arithmetic|bad_randomness|denial_service|front_running|reentrancy|unchecked_low_calls,arithmetic,101|104|107|113|114|120,Zeus|eThor,C:\Users\Exauce\Documents\smart-contract-cgt\source\4baae957e144419d5f422d8c061d7d10.sol,0,val,False,cgt_v1_label_conflict
4bb10d38e29a22ccaf28dc1d22caf799,6fae41c2190b4e9f8fa28aa8aa3dbb3b580f91f3a8da8f7c1e138512a23fb39f,0,7,0,7,6,arithmetic|bad_randomness|denial_service|front_running|reentrancy|unchecked_low_calls,,101|104|107|113|114|120,Zeus|eThor,C:\Users\Exauce\Documents\smart-contract-cgt\source\4bb10d38e29a22ccaf28dc1d22caf799.sol,0,train,True,
4c8c53c8c930fd9003b740e3546e3164,1068f6f832f683e3bae0f95c59f41cc29ea9ce9e6f842f0840f8a543ea6ea090,1,7,3,4,6,arithmetic|bad_randomness|denial_service|front_running|reentrancy|unchecked_low_calls,arithmetic|denial_service|front_running,101|104|107|113|114|120,Zeus|eThor,C:\Users\Exauce\Documents\smart-contract-cgt\source\4c8c53c8c930fd9003b740e3546e3164.sol,0,test,False,cgt_v1_label_conflict
4cb1b6df2a4aa110e0147704bfd47e98,e7d85a4e532f01167580928865f560da32d6f649bbcb7dd5a5f71896de84cb8d,0,6,0,6,6,arithmetic|bad_randomness|denial_service|front_running|reentrancy|unchecked_low_calls,,101|104|107|113|114|120,Zeus,C:\Users\Exauce\Documents\smart-contract-cgt\source\4cb1b6df2a4aa110e0147704bfd47e98.sol,0,val,True,
4d0e5f7a4791800e9b0449583d062607,fa22ccc8eea3d30ac210bb144c18574e33ba17ff459b06d83a45946f44cbfcac,1,1,1,0,1,front_running,front_running,114,EthRacer,C:\Users\Exauce\Documents\smart-contract-cgt\source\4d0e5f7a4791800e9b0449583d062607.sol,1,val,True,
4d170b563b4b05e81e5fb375fd5c3481,cb710ae95b9e2374a2652020dd435c0acb48470aa1eac28ce64b6fc759c73c7e,1,7,2,5,6,arithmetic|bad_randomness|denial_service|front_running|reentrancy|unchecked_low_calls,arithmetic|reentrancy,101|104|107|113|114|120,Zeus|eThor,C:\Users\Exauce\Documents\smart-contract-cgt\source\4d170b563b4b05e81e5fb375fd5c3481.sol,0,train,False,cgt_v1_label_conflict
4db17c016d7caf4387984599ed87e9cc,d2de6f66e89c3953db6a971812f74da7538e9a92202ad5ea2b23fcaef37b95cb,1,7,1,6,6,arithmetic|bad_randomness|denial_service|front_running|reentrancy|unchecked_low_calls,denial_service,101|104|107|113|114|120,Zeus|eThor,C:\Users\Exauce\Documents\smart-contract-cgt\source\4db17c016d7caf4387984599ed87e9cc.sol,0,train,False,cgt_v1_label_conflict
4e76d197c9abfae7f2f08c2e02b3732e,9b8a2b99e67988f39f8451e6d1e66956c8a364fe1fc65cb5a9f449b8d0b61249,1,7,2,5,6,arithmetic|bad_randomness|denial_service|front_running|reentrancy|unchecked_low_calls,arithmetic|denial_service,101|104|107|113|114|120,Zeus|eThor,C:\Users\Exauce\Documents\smart-contract-cgt\source\4e76d197c9abfae7f2f08c2e02b3732e.sol,0,train,False,cgt_v1_label_conflict
4e8ba79cce0f0e6dd028949c17072d38,ef5c04cbb08a0accad8ad26882e06fa6a0bf9872a1c631a1a0ce645d718356e6,0,7,0,7,6,arithmetic|bad_randomness|denial_service|front_running|reentrancy|unchecked_low_calls,,101|104|107|113|114|120,Zeus|eThor,C:\Users\Exauce\Documents\smart-contract-cgt\source\4e8ba79cce0f0e6dd028949c17072d38.sol,0,train,True,
4ea0ce601a4f85e1b85fb1ffb42deb96,87ad88a1c8cfb8c3cfb56ec0d9692b226f028f97796c2fe1dba6946aabb40d74,0,7,0,7,6,arithmetic|bad_randomness|denial_service|front_running|reentrancy|unchecked_low_calls,,101|104|107|113|114|120,Zeus|eThor,C:\Users\Exauce\Documents\smart-contract-cgt\source\4ea0ce601a4f85e1b85fb1ffb42deb96.sol,0,train,True,
4eb8f879ea15f24bb24b6027728131b1,9331f10151f538ed462629ffcb2cf2e38c2b618e64c9db204ae406e52f019e64,1,7,4,3,6,arithmetic|bad_randomness|denial_service|front_running|reentrancy|unchecked_low_calls,arithmetic|bad_randomness|denial_service|front_running,101|104|107|113|114|120,Zeus|eThor,C:\Users\Exauce\Documents\smart-contract-cgt\source\4eb8f879ea15f24bb24b6027728131b1.sol,1,train,True,
4f085887b8c5b4b4a258a1000f470109,2f9a8b1148ffe24d5cc3574819427b5b30ea778f729dfad86bb962f7eff60a14,1,7,1,6,6,arithmetic|bad_randomness|denial_service|front_running|reentrancy|unchecked_low_calls,arithmetic,101|104|107|113|114|120,Zeus|eThor,C:\Users\Exauce\Documents\smart-contract-cgt\source\4f085887b8c5b4b4a258a1000f470109.sol,0,train,False,cgt_v1_label_conflict
4f9fe264fdc7eae979762b342d605f93,ce5948a11d141179cf43194b0b86c7e8721be8b7cdb5ffeaccf8a4f033103668,1,7,1,6,6,arithmetic|bad_randomness|denial_service|front_running|reentrancy|unchecked_low_calls,arithmetic,101|104|107|113|114|120,Zeus|eThor,C:\Users\Exauce\Documents\smart-contract-cgt\source\4f9fe264fdc7eae979762b342d605f93.sol,1,val,True,
4ff44cb73cbed3545d973b7d72fb1d49,9cb2ad6a318f763f1dbb9f24b90c06f00221766fd5dedfda59900503ddc3abbd,0,5,0,5,4,bad_randomness|denial_service|reentrancy|unchecked_low_calls,,104|107|113|120|128,CodeSmells,C:\Users\Exauce\Documents\smart-contract-cgt\source\4ff44cb73cbed3545d973b7d72fb1d49.sol,1,train,False,cgt_v1_label_conflict
5013c5070384de60c0e95b1810f0c5eb,eb7971a2d9f574ce943c7fbecb34df86fb0d072752d1c8c054431db6155d01d8,1,7,4,3,6,arithmetic|bad_randomness|denial_service|front_running|reentrancy|unchecked_low_calls,arithmetic|bad_randomness|denial_service|front_running,101|104|107|113|114|120,Zeus|eThor,C:\Users\Exauce\Documents\smart-contract-cgt\source\5013c5070384de60c0e95b1810f0c5eb.sol,1,test,True,
5074ee1ef1168d21ca760af0e0dae763,218a23af8b7255c7286a8b73d9e1f2763d455d62082e2055604644e12c272be9,1,7,2,5,6,arithmetic|bad_randomness|denial_service|front_running|reentrancy|unchecked_low_calls,reentrancy,101|104|107|113|114|120,Zeus|eThor,C:\Users\Exauce\Documents\smart-contract-cgt\source\5074ee1ef1168d21ca760af0e0dae763.sol,1,test,True,
51013b9d4c4598ed7111787f97ab6c83,ab286ee9fa9fb56770fe38dfbb81b6be42e4b6d8f2cbca8cb0cf3d9f98b5413c,1,6,3,3,6,arithmetic|bad_randomness|denial_service|front_running|reentrancy|unchecked_low_calls,arithmetic|denial_service|front_running,101|104|107|113|114|120,Zeus,C:\Users\Exauce\Documents\smart-contract-cgt\source\51013b9d4c4598ed7111787f97ab6c83.sol,1,train,True,
517731eb3fb9ae0024fa9d1b39cda7ac,e683dba9f805cf6d65562532f3d8f622d43aab5949a497cc1609f36e92582e44,1,6,3,3,6,arithmetic|bad_randomness|denial_service|front_running|reentrancy|unchecked_low_calls,arithmetic|front_running|reentrancy,101|104|107|113|114|120,Zeus|eThor,C:\Users\Exauce\Documents\smart-contract-cgt\source\517731eb3fb9ae0024fa9d1b39cda7ac.sol,1,train,True,
51e3db2348306e22a0f109c0d8756be9,af24b850bf4ed75a4152b828cf49ff2bdc16d1ee7c9d0fe4d89eeb5b76dc7a67,1,7,2,5,6,arithmetic|bad_randomness|denial_service|front_running|reentrancy|unchecked_low_calls,arithmetic|front_running,101|104|107|113|114|120,Zeus|eThor,C:\Users\Exauce\Documents\smart-contract-cgt\source\51e3db2348306e22a0f109c0d8756be9.sol,1,test,True,
5249d54436355e974f98dbed02349d5d,1cd5e82d50f549ade40b4b60bfc20f203e1661fe038f5e8aad3a411d2f522cdc,1,7,6,1,6,arithmetic|bad_randomness|denial_service|front_running|reentrancy|unchecked_low_calls,arithmetic|bad_randomness|denial_service|front_running|reentrancy|unchecked_low_calls,101|104|107|113|114|120,Zeus|eThor,C:\Users\Exauce\Documents\smart-contract-cgt\source\5249d54436355e974f98dbed02349d5d.sol,1,train,True,
533b96fbecadb64bb67444b09d63ba79,169bf618fe416e468c91c4cbaa53de6692a5b062c5c307e92bc34134f60c16a7,0,1,0,1,1,unchecked_low_calls,,104,Doublade,C:\Users\Exauce\Documents\smart-contract-cgt\source\533b96fbecadb64bb67444b09d63ba79.sol,1,train,False,cgt_v1_label_conflict
54333990752c100afa6dca3af363c950,212006fd40daf139152819a981872cecfa91fac25e9a726eb9bcf86e7ac1cecd,1,1,1,0,1,unchecked_low_calls,unchecked_low_calls,104,SBcurated,C:\Users\Exauce\Documents\smart-contract-cgt\source\54333990752c100afa6dca3af363c950.sol,1,train,True,
544ddf7650d4359817a2526b33091fa5,8ef7b196842e7104b17794f0709fae707407d22e33962473928989617e1e4844,0,1,0,1,1,reentrancy,,107,Doublade,C:\Users\Exauce\Documents\smart-contract-cgt\source\544ddf7650d4359817a2526b33091fa5.sol,1,test,False,cgt_v1_label_conflict
54e3beba4ddff7a98f90e099613a0e6e,abec2891bab84fd3e08505df42f29608653e0207340d17314d44338619852f45,1,7,1,6,6,arithmetic|bad_randomness|denial_service|front_running|reentrancy|unchecked_low_calls,arithmetic,101|104|107|113|114|120,Zeus|eThor,C:\Users\Exauce\Documents\smart-contract-cgt\source\54e3beba4ddff7a98f90e099613a0e6e.sol,0,train,False,cgt_v1_label_conflict
550dc9babd913742cecfdd3400ec2480,6fa6e08c89a75c244dae306a2f77e6b79e081c4509b84b4e94abf72db7ba6286,1,7,4,3,6,arithmetic|bad_randomness|denial_service|front_running|reentrancy|unchecked_low_calls,arithmetic|denial_service|front_running|reentrancy,101|104|107|113|114|120,Zeus|eThor,C:\Users\Exauce\Documents\smart-contract-cgt\source\550dc9babd913742cecfdd3400ec2480.sol,1,train,True,
56d37edcdbad29a19c64d906e452b2e5,77d7980fd45eb1338476fcfd8e36abff136352b39ddd3127bc3744970a9f5cd3,1,1,1,0,1,bad_randomness,bad_randomness,120,ContractFuzzer,C:\Users\Exauce\Documents\smart-contract-cgt\source\56d37edcdbad29a19c64d906e452b2e5.sol,1,train,True,
56db50c77b9d2b6960c93e739e7592b9,529b74040409dc0bad421cb9a7c6c780ef015a3a06057e1d78ff3b7acb443ebc,1,1,1,0,1,time_manipulation,time_manipulation,116,SBcurated,C:\Users\Exauce\Documents\smart-contract-cgt\source\56db50c77b9d2b6960c93e739e7592b9.sol,1,test,True,
56f2869b2219a217fa7f0523a3c738f1,e3d00ebc8e9636338e76b7633c22d7eedb2218b1d1590813f5b902d7769b02b5,1,1,1,0,1,unchecked_low_calls,unchecked_low_calls,104,SBcurated,C:\Users\Exauce\Documents\smart-contract-cgt\source\56f2869b2219a217fa7f0523a3c738f1.sol,1,train,True,
5779579f9ba8cd1df1d151db09b2ace5,2cb2e6c91e31434cb36edea07d4a03f5ec6c3727d93dd1ef16054632913f1b33,1,1,1,0,1,reentrancy,reentrancy,107,SBcurated,C:\Users\Exauce\Documents\smart-contract-cgt\source\5779579f9ba8cd1df1d151db09b2ace5.sol,1,train,True,
57d7b6bf36fc9ef5c366e1f5d0258ab9,6c648303eed4206539b1dc80ec54bfb9ae5fd59e176ef8184486751327a5f9c1,1,1,1,0,1,front_running,front_running,114,EthRacer,C:\Users\Exauce\Documents\smart-contract-cgt\source\57d7b6bf36fc9ef5c366e1f5d0258ab9.sol,0,train,False,cgt_v1_label_conflict
595f6c75a474df0bf0b0c9e6f13ebab7,fec3ea2e914596076f3fbbd81cd38f70dd3a4d4d06879826bb48a1e5dd888383,1,7,4,3,6,arithmetic|bad_randomness|denial_service|front_running|reentrancy|unchecked_low_calls,arithmetic|bad_randomness|denial_service|front_running,101|104|107|113|114|120,Zeus|eThor,C:\Users\Exauce\Documents\smart-contract-cgt\source\595f6c75a474df0bf0b0c9e6f13ebab7.sol,1,train,True,
5a00d369ef786eed405c4cdb06cda240,0c0854fdd2d10ba44cc4d65c8e22f04d03e6a036fc4fd1057893621d0ac70338,1,7,6,1,6,arithmetic|bad_randomness|denial_service|front_running|reentrancy|unchecked_low_calls,arithmetic|bad_randomness|denial_service|front_running|reentrancy|unchecked_low_calls,101|104|107|113|114|120,Zeus|eThor,C:\Users\Exauce\Documents\smart-contract-cgt\source\5a00d369ef786eed405c4cdb06cda240.sol,1,train,True,
5bedf6bbf39fbf476429737541632f60,269a166ea516172128c899a6adffd56cd184224677f6ec6b816f96647c1333a2,1,1,1,0,1,reentrancy,reentrancy,107,SBcurated,C:\Users\Exauce\Documents\smart-contract-cgt\source\5bedf6bbf39fbf476429737541632f60.sol,1,train,True,
5c1be500d6563c607ac8634e9ac48456,2e3eaefba87924487b9dd5decbe27804f14003ed6edc626ba4fdcc78e8d7b4f1,1,7,4,3,6,arithmetic|bad_randomness|denial_service|front_running|reentrancy|unchecked_low_calls,arithmetic|bad_randomness|denial_service|front_running,101|104|107|113|114|120,Zeus|eThor,C:\Users\Exauce\Documents\smart-contract-cgt\source\5c1be500d6563c607ac8634e9ac48456.sol,1,val,True,
5c990d1152f99cdc49500e4276369a21,154db89d533dd8db311734960e67370d7eeac8cbf78bd5f0b617a43551f2ee15,1,1,1,0,1,unchecked_low_calls,unchecked_low_calls,104,ContractFuzzer,C:\Users\Exauce\Documents\smart-contract-cgt\source\5c990d1152f99cdc49500e4276369a21.sol,1,train,True,
5ca5f1ad8c2ad022aa9997134a0a2d80,1b1d9f1047d05df5c8a5c8eda33efee111628e42676bd2d23c5e847f15b4f185,0,5,0,5,4,bad_randomness|denial_service|reentrancy|unchecked_low_calls,,104|107|113|120|128,CodeSmells,C:\Users\Exauce\Documents\smart-contract-cgt\source\5ca5f1ad8c2ad022aa9997134a0a2d80.sol,0,train,True,
5d2c93af3a1f2604179d93e36304377e,4673f7985fd043537c3ac9a4f9eb0b8799503bc66848ff4af7c230c6061d7bb2,0,5,0,5,4,bad_randomness|denial_service|reentrancy|unchecked_low_calls,,104|107|113|120|128,CodeSmells,C:\Users\Exauce\Documents\smart-contract-cgt\source\5d2c93af3a1f2604179d93e36304377e.sol,1,train,False,cgt_v1_label_conflict
5ed7a351b37a1f783a692e7711c97fa2,4dd75e7aec49d3657af644b81ea8488fb54364bc23b042f7e3cc1db4c5a1d695,1,7,1,6,6,arithmetic|bad_randomness|denial_service|front_running|reentrancy|unchecked_low_calls,denial_service,101|104|107|113|114|120,Zeus|eThor,C:\Users\Exauce\Documents\smart-contract-cgt\source\5ed7a351b37a1f783a692e7711c97fa2.sol,0,train,False,cgt_v1_label_conflict
5f0839995f42647500c00172ccb218c0,48940753bf5d6b4eccf3d022e1cebf4bc18ca13cbefdfc39287464de674063a9,1,7,1,6,6,arithmetic|bad_randomness|denial_service|front_running|reentrancy|unchecked_low_calls,arithmetic,101|104|107|113|114|120,Zeus|eThor,C:\Users\Exauce\Documents\smart-contract-cgt\source\5f0839995f42647500c00172ccb218c0.sol,0,val,False,cgt_v1_label_conflict
5f20afb1af31f6e2d104239f530b670b,64134288e6a2484c7c32b606c6e706192454269365b3d9efe638f4e44d1b8158,1,1,1,0,1,time_manipulation,time_manipulation,116,ContractFuzzer,C:\Users\Exauce\Documents\smart-contract-cgt\source\5f20afb1af31f6e2d104239f530b670b.sol,1,train,True,
5fe1361f2c3f5f849d45a42ce014f7e9,1acb317e0c2dfb85c21320eb4545aba22b38553a336cae33e7ef9e4425b9dbe4,1,1,1,0,1,arithmetic,arithmetic,101,SBcurated,C:\Users\Exauce\Documents\smart-contract-cgt\source\5fe1361f2c3f5f849d45a42ce014f7e9.sol,1,val,True,
5fe73d9c557aac78b6ede1e2bb107834,ed484e20c076217bb5a9cedb09f774a6e7cb78d12d6c83dbfb9688a9171893fd,1,12,3,9,6,arithmetic|bad_randomness|denial_service|front_running|reentrancy|unchecked_low_calls,arithmetic|denial_service|front_running,101|104|107|113|114|120|128,CodeSmells|Zeus|eThor,C:\Users\Exauce\Documents\smart-contract-cgt\source\5fe73d9c557aac78b6ede1e2bb107834.sol,0,train,False,cgt_v1_label_conflict
606b426b367d87d5b9fbad5ffc5b0a63,d3dba995650d3474ba92e2982bd3bd3efe01702f0541147d3347b1b655aba63e,1,1,1,0,1,denial_service,denial_service,113,Doublade,C:\Users\Exauce\Documents\smart-contract-cgt\source\606b426b367d87d5b9fbad5ffc5b0a63.sol,1,test,True,
62340f0349e3927ce18f8355d8339db6,fb48f046bb3978885437d8a34de48bd97b5061bca190c96fe6eefd79fc7c2664,1,1,1,0,1,unchecked_low_calls,unchecked_low_calls,104,SBcurated,C:\Users\Exauce\Documents\smart-contract-cgt\source\62340f0349e3927ce18f8355d8339db6.sol,1,train,True,
624e825fc92adabb2d5fdc4a69dcc9a7,fc221b6c467ec0446f582b552ae7dfba1cd86d101112d999e366577fd0ecd251,0,1,0,1,1,front_running,,114,EthRacer,C:\Users\Exauce\Documents\smart-contract-cgt\source\624e825fc92adabb2d5fdc4a69dcc9a7.sol,1,val,False,cgt_v1_label_conflict
62698b36004b272aaae495f90b7d6eae,48e0c2721c3bbe75adb74b8a9d894f24122f27671a7217653d20fe49f64c8cb9,1,7,4,3,6,arithmetic|bad_randomness|denial_service|front_running|reentrancy|unchecked_low_calls,arithmetic|bad_randomness|denial_service|front_running,101|104|107|113|114|120,Zeus|eThor,C:\Users\Exauce\Documents\smart-contract-cgt\source\62698b36004b272aaae495f90b7d6eae.sol,1,train,True,
628633b12b0408bc5db864fe26cee05f,30a4907a97bbaf6aedbdc6776f501e6b17349244b8dd257d1978ebf5780a6e94,1,7,2,5,6,arithmetic|bad_randomness|denial_service|front_running|reentrancy|unchecked_low_calls,arithmetic|reentrancy,101|104|107|113|114|120,Zeus|eThor,C:\Users\Exauce\Documents\smart-contract-cgt\source\628633b12b0408bc5db864fe26cee05f.sol,1,train,True,
63753d986c8c3294de2b15caf9b24f66,eecce48ec493410f56964083929e77fcdfcabcdf9ce0d331374aa85d90bddc73,1,1,1,0,1,unchecked_low_calls,unchecked_low_calls,104,SBcurated,C:\Users\Exauce\Documents\smart-contract-cgt\source\63753d986c8c3294de2b15caf9b24f66.sol,1,train,True,
63d5dd30b9506a4d44ce4ce7f00cb44b,eadaf16ba55e331755a74ae0a0217890e2860d47786509ba6454e7c2f0699ad3,1,7,4,3,6,arithmetic|bad_randomness|denial_service|front_running|reentrancy|unchecked_low_calls,arithmetic|bad_randomness|denial_service|front_running,101|104|107|113|114|120,Zeus|eThor,C:\Users\Exauce\Documents\smart-contract-cgt\source\63d5dd30b9506a4d44ce4ce7f00cb44b.sol,1,val,True,
64a52ae72e4952e5b373d8453b51d12e,836564c5e140140bb88b0765e28be4cb5358ce6e3c341bf7e2c706dd3ed5d440,0,6,0,6,5,bad_randomness|denial_service|front_running|reentrancy|unchecked_low_calls,,104|107|113|114|120,Zeus|eThor,C:\Users\Exauce\Documents\smart-contract-cgt\source\64a52ae72e4952e5b373d8453b51d12e.sol,0,train,True,
65358e508c5a5823bd6723c5362214b7,4f0cddc5efd7231bfa6b9aa5ba971ddc43c8bff308fce7a488817984f8ad6070,1,1,1,0,1,bad_randomness,bad_randomness,120,SBcurated,C:\Users\Exauce\Documents\smart-contract-cgt\source\65358e508c5a5823bd6723c5362214b7.sol,1,train,True,
65b904a4249f2c1308ae14e4250b31d2,3f8f604dab2a0b88ea61770a51308ab083360a8e221ceed05685e1c65fd6e500,0,1,0,1,1,front_running,,114,EthRacer,C:\Users\Exauce\Documents\smart-contract-cgt\source\65b904a4249f2c1308ae14e4250b31d2.sol,1,train,False,cgt_v1_label_conflict
65dac7037f5d9cfbbcea9804ca0228fa,c67fba9c2b7a7bc008061b4860e2436f9086d63e53cbab5fe23058f03bc9b44d,1,7,4,3,6,arithmetic|bad_randomness|denial_service|front_running|reentrancy|unchecked_low_calls,arithmetic|bad_randomness|denial_service|front_running,101|104|107|113|114|120,Zeus|eThor,C:\Users\Exauce\Documents\smart-contract-cgt\source\65dac7037f5d9cfbbcea9804ca0228fa.sol,1,train,True,
662e96aba0463e857799b3bbdd600a21,64773947513429e2a3a2970f6fe56eb029de8667cc68e4a9973b51f2f01fb92f,1,5,1,4,4,bad_randomness|denial_service|reentrancy|unchecked_low_calls,bad_randomness,104|107|113|120|128,CodeSmells,C:\Users\Exauce\Documents\smart-contract-cgt\source\662e96aba0463e857799b3bbdd600a21.sol,1,train,True,
66bdef17fd9bb9e1afc0a910763d9f2e,2133ecef758b11fe4688bdb3254b67ae62ff2248b56dcd810f341651ff84c0b4,1,1,1,0,1,arithmetic,arithmetic,101,SBcurated,C:\Users\Exauce\Documents\smart-contract-cgt\source\66bdef17fd9bb9e1afc0a910763d9f2e.sol,1,train,True,
6876866d90fd59ca5fa0e6f41ffa67e7,e8a13ab3428fcbf6fe3f46d68f7ffe76e7e0801eca7d4834794bbfa6f6c839c1,1,7,1,6,6,arithmetic|bad_randomness|denial_service|front_running|reentrancy|unchecked_low_calls,arithmetic,101|104|107|113|114|120,Zeus|eThor,C:\Users\Exauce\Documents\smart-contract-cgt\source\6876866d90fd59ca5fa0e6f41ffa67e7.sol,0,train,False,cgt_v1_label_conflict
6a7c9fe18a54014989f183594f750b7e,4ac847a267de47c640c3e5c2fee29b008446001826f1e1722dc6b87f0e2b5aeb,0,5,0,5,4,bad_randomness|denial_service|reentrancy|unchecked_low_calls,,104|107|113|120|128,CodeSmells,C:\Users\Exauce\Documents\smart-contract-cgt\source\6a7c9fe18a54014989f183594f750b7e.sol,0,train,True,
6ae664310e55006657614c53629a4da9,17bc74aa443af1158cae49aa890bd0d63c2f82062873ff4f89e99e316d61b88c,1,2,2,0,1,denial_service,denial_service,113,NotSoSmartC|SBcurated,C:\Users\Exauce\Documents\smart-contract-cgt\source\6ae664310e55006657614c53629a4da9.sol,1,train,True,
6b115ee071fcae948b091496cf35d1e8,ccc34f9555e9ac53abfad3eb4b64bac50e350c5a5b2648e736147e3be01c53cb,1,1,1,0,1,time_manipulation,time_manipulation,116,ContractFuzzer,C:\Users\Exauce\Documents\smart-contract-cgt\source\6b115ee071fcae948b091496cf35d1e8.sol,1,train,True,
6b20579c65a668e183a8b5f643b3e8a3,9211bb51b6ab1c1f6b1d234d97aacc7e2553beb88b4f87e7fdf097e202f76428,1,12,1,11,6,arithmetic|bad_randomness|denial_service|front_running|reentrancy|unchecked_low_calls,arithmetic,101|104|107|113|114|120|128,CodeSmells|Zeus|eThor,C:\Users\Exauce\Documents\smart-contract-cgt\source\6b20579c65a668e183a8b5f643b3e8a3.sol,1,train,True,
6c95c2086e5a58f7a5fbede278fd7aff,033b1a14d1ef44783b2e4d540a3097a9065fa6ae8599b96cb2debc39c6ec00c8,1,1,1,0,1,reentrancy,reentrancy,107,SBcurated,C:\Users\Exauce\Documents\smart-contract-cgt\source\6c95c2086e5a58f7a5fbede278fd7aff.sol,1,train,True,
6c9ab920b9cdadd878ae8b7096af7d99,02b17ebb912d96726d929ebb5dbf6ede03be3d8ad80fd2eb7740f9ff099453e5,1,1,1,0,1,denial_service,denial_service,113,Doublade,C:\Users\Exauce\Documents\smart-contract-cgt\source\6c9ab920b9cdadd878ae8b7096af7d99.sol,1,train,True,
6cb8409b6c9e9271ee3264a63dafc311,ea0dbbf2b9d8daf379fa2e9ffc58101376894281f42afff78bce3dda336b5baa,1,2,2,0,1,front_running,front_running,114,SBcurated|SWCregistry,C:\Users\Exauce\Documents\smart-contract-cgt\source\6cb8409b6c9e9271ee3264a63dafc311.sol,1,train,True,
6d8fdfec2d8d906af77ef9348826ded5,d810471f4edeef192ca84ae3d5f9e5a55450c53b49ff9729caa58ba75e2f8c21,1,7,3,4,6,arithmetic|bad_randomness|denial_service|front_running|reentrancy|unchecked_low_calls,arithmetic|denial_service|front_running,101|104|107|113|114|120,Zeus|eThor,C:\Users\Exauce\Documents\smart-contract-cgt\source\6d8fdfec2d8d906af77ef9348826ded5.sol,1,test,True,
6d9482b4cd3474f56302fa9e0aa11b9a,e0a873368473876e92d454cbd71a777bca599de1b170c9f4c3b1ceeecf7a53e6,1,1,1,0,1,unchecked_low_calls,unchecked_low_calls,104,SBcurated,C:\Users\Exauce\Documents\smart-contract-cgt\source\6d9482b4cd3474f56302fa9e0aa11b9a.sol,1,train,True,
6e142d71cf85bf75de0dd92c91ffc728,dd79d70af73ee725d5b30c3ff4d6f2b945c192847413611cfd47c2865f3dfb69,0,1,0,1,1,front_running,,114,EthRacer,C:\Users\Exauce\Documents\smart-contract-cgt\source\6e142d71cf85bf75de0dd92c91ffc728.sol,1,train,False,cgt_v1_label_conflict
6e15a796e67f49d461c272a239b2f8c1,994da7309e473bceb12a58310a825c5d8249ff950f5f4c5326b1f4b666f2138b,1,7,3,4,6,arithmetic|bad_randomness|denial_service|front_running|reentrancy|unchecked_low_calls,arithmetic|denial_service|front_running,101|104|107|113|114|120,Zeus|eThor,C:\Users\Exauce\Documents\smart-contract-cgt\source\6e15a796e67f49d461c272a239b2f8c1.sol,0,val,False,cgt_v1_label_conflict
6e4b3ed000f12e010bb6cd71ea221ccc,e336e713bbeb2ea754420393d5292e186b6cd47bad39fd1691a13abff99e8f27,0,7,0,7,6,arithmetic|bad_randomness|denial_service|front_running|reentrancy|unchecked_low_calls,,101|104|107|113|114|120,Zeus|eThor,C:\Users\Exauce\Documents\smart-contract-cgt\source\6e4b3ed000f12e010bb6cd71ea221ccc.sol,0,train,True,
6ece64951dafab2a9629180884b012c0,777b26d008361594d26d285382b5cd41b782e71e0818c57e15f8be64f5e8f5ae,0,7,0,7,6,arithmetic|bad_randomness|denial_service|front_running|reentrancy|unchecked_low_calls,,101|104|107|113|114|120,Zeus|eThor,C:\Users\Exauce\Documents\smart-contract-cgt\source\6ece64951dafab2a9629180884b012c0.sol,0,train,True,
6fa603e74548ec06302ec18baa4b9bee,11474b0c371e72d46f73149793703203531192c844b4d50b41eb00edace9cd4a,1,1,1,0,1,unchecked_low_calls,unchecked_low_calls,104,SBcurated,C:\Users\Exauce\Documents\smart-contract-cgt\source\6fa603e74548ec06302ec18baa4b9bee.sol,1,train,True,
7023d82e11a18c67c3c512f6b00dcf21,11c31c4200bf644d27ede325d64f4f12eb04379fbf95d649451542a78883a969,1,1,1,0,1,front_running,front_running,114,EthRacer,C:\Users\Exauce\Documents\smart-contract-cgt\source\7023d82e11a18c67c3c512f6b00dcf21.sol,1,train,True,
70a015ff90bd920aa01c03ee10ab2261,4d216b48b20d93486aa0aed389423eb2413580425995408b8e602aeda1a8ded2,0,5,0,5,4,bad_randomness|denial_service|reentrancy|unchecked_low_calls,,104|107|113|120|128,CodeSmells,C:\Users\Exauce\Documents\smart-contract-cgt\source\70a015ff90bd920aa01c03ee10ab2261.sol,0|1,train,True,
70aba84981c52bbc3c9bb6dde5a2b5bb,0dc1c7ff48a37aceff69288a9748b5b9798e149787b0726d7f5a3e024d1ed416,1,7,4,3,6,arithmetic|bad_randomness|denial_service|front_running|reentrancy|unchecked_low_calls,arithmetic|bad_randomness|denial_service|front_running,101|104|107|113|114|120,Zeus|eThor,C:\Users\Exauce\Documents\smart-contract-cgt\source\70aba84981c52bbc3c9bb6dde5a2b5bb.sol,1,train,True,
70de90037c181068af94204d25bb95ca,dbf07af3c60790a82161f2d12665b1a88ad978fd4be496e493190a2aaed05a05,1,7,2,5,6,arithmetic|bad_randomness|denial_service|front_running|reentrancy|unchecked_low_calls,arithmetic|bad_randomness,101|104|107|113|114|120,Zeus|eThor,C:\Users\Exauce\Documents\smart-contract-cgt\source\70de90037c181068af94204d25bb95ca.sol,1,train,True,
712f9cf1008da8711299ccb604e5e81e,d0b808b1ea282b10e741ca408f7b77876b0fabe92154b6a3b5879d8d3a802d12,1,1,1,0,1,time_manipulation,time_manipulation,116,ContractFuzzer,C:\Users\Exauce\Documents\smart-contract-cgt\source\712f9cf1008da8711299ccb604e5e81e.sol,1,test,True,
71527aa1621f5730d44f70c814224af5,6a67943baefc39ff12aa25699ee8ae03c14ba3eeb70c2e5acf7f6a4d64318642,0,5,0,5,4,bad_randomness|denial_service|reentrancy|unchecked_low_calls,,104|107|113|120|128,CodeSmells,C:\Users\Exauce\Documents\smart-contract-cgt\source\71527aa1621f5730d44f70c814224af5.sol,0,val,True,
719007cfbebc3073a8af380758ece116,c50a2afa99049046c39755518b6c76de055af8ef299a94590923fbb2d4e87856,1,7,3,4,6,arithmetic|bad_randomness|denial_service|front_running|reentrancy|unchecked_low_calls,arithmetic|denial_service|front_running,101|104|107|113|114|120,Zeus|eThor,C:\Users\Exauce\Documents\smart-contract-cgt\source\719007cfbebc3073a8af380758ece116.sol,1,val,True,
727bf7c0000dc0d7466424b7f904ef90,22a2125410463641dfd307dcfbb651afe604570a240cc30503a5e1559d746e71,1,1,1,0,1,denial_service,denial_service,128,SBcurated,C:\Users\Exauce\Documents\smart-contract-cgt\source\727bf7c0000dc0d7466424b7f904ef90.sol,1,train,True,
72c7afddfd98c2b03e56fee91ef8c659,4651f83bc935da2dcdb9b11faf80bf8141485a6df434b064520b9c2cee6b9d66,0,5,0,5,4,bad_randomness|denial_service|reentrancy|unchecked_low_calls,,104|107|113|120|128,CodeSmells,C:\Users\Exauce\Documents\smart-contract-cgt\source\72c7afddfd98c2b03e56fee91ef8c659.sol,1,train,False,cgt_v1_label_conflict
7380763578935dfc1d8bccebc0b5d941,e82b76b1fb0292d30555fb27c5b5fa9f3992f011e50ccd083c4be0efcdf3570d,0,1,0,1,1,front_running,,114,EthRacer,C:\Users\Exauce\Documents\smart-contract-cgt\source\7380763578935dfc1d8bccebc0b5d941.sol,0,train,True,
73ae836135de464262086a9f1961be11,1baf65b8d018ba8130a3bbd7a6ee53c1977b97c09e08366493487b9744d0e6e3,1,1,1,0,1,unchecked_low_calls,unchecked_low_calls,104,SBcurated,C:\Users\Exauce\Documents\smart-contract-cgt\source\73ae836135de464262086a9f1961be11.sol,1,test,True,
745d5e6495ba738ec453cd8b4f66fc69,e08c0f6682601fd204ace0ee2b296aefc3bb75afe2996711c828eb6794dc61f2,1,7,1,6,6,arithmetic|bad_randomness|denial_service|front_running|reentrancy|unchecked_low_calls,arithmetic,101|104|107|113|114|120,Zeus|eThor,C:\Users\Exauce\Documents\smart-contract-cgt\source\745d5e6495ba738ec453cd8b4f66fc69.sol,0,test,False,cgt_v1_label_conflict
75df5b0e988c3570ca8b16f51a5af447,4b5421bbc808205cd373cf1c18d05e93c6716c13bc93b53aefe10409ce60eb0b,1,7,1,6,6,arithmetic|bad_randomness|denial_service|front_running|reentrancy|unchecked_low_calls,arithmetic,101|104|107|113|114|120,Zeus|eThor,C:\Users\Exauce\Documents\smart-contract-cgt\source\75df5b0e988c3570ca8b16f51a5af447.sol,0,train,False,cgt_v1_label_conflict
7655501e221832fb127faf31693068ab,aac4c8f7483236ef62e4571656cac7d90f03f4bade5807ed063bb53b938760dc,1,7,1,6,6,arithmetic|bad_randomness|denial_service|front_running|reentrancy|unchecked_low_calls,arithmetic,101|104|107|113|114|120,Zeus|eThor,C:\Users\Exauce\Documents\smart-contract-cgt\source\7655501e221832fb127faf31693068ab.sol,1,train,True,
7659ad29230d62398ff513f1850a4118,3882a40cec69d428bd2a85b3e6d2e71d8e3a4553cef9e02e34807ca3e5807387,1,7,3,4,6,arithmetic|bad_randomness|denial_service|front_running|reentrancy|unchecked_low_calls,arithmetic|denial_service|front_running,101|104|107|113|114|120,Zeus|eThor,C:\Users\Exauce\Documents\smart-contract-cgt\source\7659ad29230d62398ff513f1850a4118.sol,0,train,False,cgt_v1_label_conflict
76a846f8a0240bbbd5dbdb0eac0a01c5,b9a6e05c6b8d301ec46b6d7f8b7852e51197d5e1f6588c55e202295ee65e216f,1,7,3,4,6,arithmetic|bad_randomness|denial_service|front_running|reentrancy|unchecked_low_calls,arithmetic|denial_service|front_running,101|104|107|113|114|120,Zeus|eThor,C:\Users\Exauce\Documents\smart-contract-cgt\source\76a846f8a0240bbbd5dbdb0eac0a01c5.sol,0,test,False,cgt_v1_label_conflict
776db1c99d75c11ee0b71ff399dec3f4,8b2ceef9e852babb96ea4f36f73b074c0bd64cdc67cf1e8d909174e533c3b0a0,0,5,0,5,4,bad_randomness|denial_service|reentrancy|unchecked_low_calls,,104|107|113|120|128,CodeSmells,C:\Users\Exauce\Documents\smart-contract-cgt\source\776db1c99d75c11ee0b71ff399dec3f4.sol,1,train,False,cgt_v1_label_conflict
781075ec09c15df6614568fd8fbf90f6,cd4ce120781feb0319d1a1e4f064c6138ee4bcc55beac02dde0db3600122de82,0,5,0,5,4,bad_randomness|denial_service|reentrancy|unchecked_low_calls,,104|107|113|120|128,CodeSmells,C:\Users\Exauce\Documents\smart-contract-cgt\source\781075ec09c15df6614568fd8fbf90f6.sol,1,train,False,cgt_v1_label_conflict
781b4b91aaecaaaadc3393ec8a0860b1,0dcdd40a55daaf49d73cff244356ed0c5bdf227bdd42305f5a5b8889e024a924,1,7,1,6,6,arithmetic|bad_randomness|denial_service|front_running|reentrancy|unchecked_low_calls,arithmetic,101|104|107|113|114|120,Zeus|eThor,C:\Users\Exauce\Documents\smart-contract-cgt\source\781b4b91aaecaaaadc3393ec8a0860b1.sol,0,train,False,cgt_v1_label_conflict
78902daf6c646d04714637a71607b1fc,8ebc2cee16cb99cfdf16ef5e9b0ea9581566a49ac598fcbf95af7cbc21d5af5e,1,7,4,3,6,arithmetic|bad_randomness|denial_service|front_running|reentrancy|unchecked_low_calls,arithmetic|denial_service|front_running|reentrancy,101|104|107|113|114|120,Zeus|eThor,C:\Users\Exauce\Documents\smart-contract-cgt\source\78902daf6c646d04714637a71607b1fc.sol,0,train,False,cgt_v1_label_conflict
7990b1772aa525c3ab47a288113924ba,46a67096ec06b25936247fa38c4871b8147104f29dc92e05227b3e1147ce1736,1,7,1,6,6,arithmetic|bad_randomness|denial_service|front_running|reentrancy|unchecked_low_calls,arithmetic,101|104|107|113|114|120,Zeus|eThor,C:\Users\Exauce\Documents\smart-contract-cgt\source\7990b1772aa525c3ab47a288113924ba.sol,0,train,False,cgt_v1_label_conflict
7a15bd289068291a9f8932102ebd494f,a33ebeeddeb96372e456fd0974b000c7e7f8b325a17a704833f6bf48e996ddb9,1,7,3,4,6,arithmetic|bad_randomness|denial_service|front_running|reentrancy|unchecked_low_calls,arithmetic|denial_service|front_running,101|104|107|113|114|120,Zeus|eThor,C:\Users\Exauce\Documents\smart-contract-cgt\source\7a15bd289068291a9f8932102ebd494f.sol,0,train,False,cgt_v1_label_conflict
7a3d32f14c635dbccb9a869664b4463c,54237e31af2df6da0f32ec3bdf56da45fe7f0a01bbdc020eda3430d2fb4fd941,1,7,4,3,6,arithmetic|bad_randomness|denial_service|front_running|reentrancy|unchecked_low_calls,arithmetic|bad_randomness|front_running|unchecked_low_calls,101|104|107|113|114|120,Zeus|eThor,C:\Users\Exauce\Documents\smart-contract-cgt\source\7a3d32f14c635dbccb9a869664b4463c.sol,1,train,True,
7a8a16a3a4c33c2e3da6e20d6439a1e1,85fa7bd514a1e8bcbdd0ca15584d1b16d73aaf6bdf9534fac3656f9cb6eba3cd,1,7,2,5,6,arithmetic|bad_randomness|denial_service|front_running|reentrancy|unchecked_low_calls,arithmetic|reentrancy,101|104|107|113|114|120,Zeus|eThor,C:\Users\Exauce\Documents\smart-contract-cgt\source\7a8a16a3a4c33c2e3da6e20d6439a1e1.sol,0,train,False,cgt_v1_label_conflict
7b57ae5ad8fb8c5c3487feac77d39db4,fe40dc02d2ad55fa6648b80e2577b58d965a901b954fd170e6ef9dbe539b1443,1,6,2,4,6,arithmetic|bad_randomness|denial_service|front_running|reentrancy|unchecked_low_calls,arithmetic|denial_service,101|104|107|113|114|120,Zeus,C:\Users\Exauce\Documents\smart-contract-cgt\source\7b57ae5ad8fb8c5c3487feac77d39db4.sol,0,train,False,cgt_v1_label_conflict
7b72ec84631069a4a12a7c5a88cb8dae,137d7e4f5734eba637c180a37f3e2971202c14f319e9ba06c621d23fcb4f295e,1,1,1,0,1,front_running,front_running,114,EthRacer,C:\Users\Exauce\Documents\smart-contract-cgt\source\7b72ec84631069a4a12a7c5a88cb8dae.sol,0,train,False,cgt_v1_label_conflict
7be319d8a6c96e4f2e152755c24511dd,505005829d31fedbf65f87fbe8a4eeb2872c795654591f947cdc75ee17918331,0,5,0,5,4,bad_randomness|denial_service|reentrancy|unchecked_low_calls,,104|107|113|120|128,CodeSmells,C:\Users\Exauce\Documents\smart-contract-cgt\source\7be319d8a6c96e4f2e152755c24511dd.sol,0,train,True,
7c5b0f00a1967841b0776554d987d20c,4f1a5d986995e34bff7135350124129b14ed98d9719f5240528871bde2c0964b,1,1,1,0,1,reentrancy,reentrancy,107,SBcurated,C:\Users\Exauce\Documents\smart-contract-cgt\source\7c5b0f00a1967841b0776554d987d20c.sol,1,train,True,
7c93a9ba30f588db769bcefa1cd334d2,453250c0e38b49eb1cf7b72458db1e866e41df9cdaa4401e2399a893a67e9cd9,1,1,1,0,1,time_manipulation,time_manipulation,116,SBcurated,C:\Users\Exauce\Documents\smart-contract-cgt\source\7c93a9ba30f588db769bcefa1cd334d2.sol,1,train,True,
7d5378a37d0e1e25de822ff1548bd50b,cf8095fe8551993af861581b25c48da343a580ee13cd05881a37cf8bcdc8aceb,1,5,2,3,5,bad_randomness|denial_service|front_running|reentrancy|unchecked_low_calls,bad_randomness|front_running,104|107|113|114|120,NPChecker,C:\Users\Exauce\Documents\smart-contract-cgt\source\7d5378a37d0e1e25de822ff1548bd50b.sol,0,test,False,cgt_v1_label_conflict
7d889f717dc9653a45f2a230c2efea14,e5cb1483f9b620febd9fdd438f180acd315f6e9ea401a89602c4a5a0551df352,1,7,4,3,6,arithmetic|bad_randomness|denial_service|front_running|reentrancy|unchecked_low_calls,arithmetic|denial_service|reentrancy,101|104|107|113|114|120,Zeus|eThor,C:\Users\Exauce\Documents\smart-contract-cgt\source\7d889f717dc9653a45f2a230c2efea14.sol,1,train,True,
7e616e70a3c80f30ecebe6fb1f028dec,80ca7884996f30a4441fa76bcf731d752f67fc69f112305a99c5342daf2279f4,0,7,0,7,6,arithmetic|bad_randomness|denial_service|front_running|reentrancy|unchecked_low_calls,,101|104|107|113|114|120,Zeus|eThor,C:\Users\Exauce\Documents\smart-contract-cgt\source\7e616e70a3c80f30ecebe6fb1f028dec.sol,0,val,True,
7e691e0f3bf1ded0097341c0976dc87c,e3bacb60d8e3e09bbbed07dbf23d62e4c7bfb23eb2142bfbd1e348808c6efa92,0,7,0,7,6,arithmetic|bad_randomness|denial_service|front_running|reentrancy|unchecked_low_calls,,101|104|107|113|114|120,Zeus|eThor,C:\Users\Exauce\Documents\smart-contract-cgt\source\7e691e0f3bf1ded0097341c0976dc87c.sol,0,train,True,
7ea301a7e28fa31c13af90f452ff115a,ee1d3b1cc4f5b73356cb7db05d3a2c1c68540ea5defb97d37fe410b1bdf49c69,1,7,4,3,6,arithmetic|bad_randomness|denial_service|front_running|reentrancy|unchecked_low_calls,arithmetic|denial_service|front_running|reentrancy,101|104|107|113|114|120,Zeus|eThor,C:\Users\Exauce\Documents\smart-contract-cgt\source\7ea301a7e28fa31c13af90f452ff115a.sol,1,test,True,
7f5c1fd4bbfc11ac43e5996e0ed4fbd6,582d349adf9ffd2b04cc28cfd3c87a0c9139d903a735353df660fb4880d90103,1,1,1,0,1,time_manipulation,time_manipulation,116,SBcurated,C:\Users\Exauce\Documents\smart-contract-cgt\source\7f5c1fd4bbfc11ac43e5996e0ed4fbd6.sol,1,test|val,True,
7fb51a9a6290fee01fec0c1476d1bc79,3612ffb27b44e322682f78f5bbfc7b777cc0498dfb5a49f600d312559eb363a4,1,1,1,0,1,unchecked_low_calls,unchecked_low_calls,104,SBcurated,C:\Users\Exauce\Documents\smart-contract-cgt\source\7fb51a9a6290fee01fec0c1476d1bc79.sol,1,train,True,
8091742e24d2a27c9ce511f66d83747e,25a3b9416e95f18b987dd3f820b218789cb79281a58002db50c20ec04dedf5e8,1,6,2,4,5,bad_randomness|denial_service|front_running|reentrancy|unchecked_low_calls,denial_service|front_running,104|107|113|114|120,Zeus|eThor,C:\Users\Exauce\Documents\smart-contract-cgt\source\8091742e24d2a27c9ce511f66d83747e.sol,0,train,False,cgt_v1_label_conflict
810355a7c028380b9908596702cbe8ce,40205a7cb179849055d12931ad7e141a463a36452246333217c0629b35d78375,1,11,1,10,6,arithmetic|bad_randomness|denial_service|front_running|reentrancy|unchecked_low_calls,arithmetic,101|104|107|113|114|120|128,CodeSmells|Zeus|eThor,C:\Users\Exauce\Documents\smart-contract-cgt\source\810355a7c028380b9908596702cbe8ce.sol,0|1,train|val,True,
814a9f9ceedc8c5059d301ce58bc3a51,b17f07c539d361ea5e1324e3a24c84e3d9903cac71f0a1c26c673562aac6800e,1,1,1,0,1,unchecked_low_calls,unchecked_low_calls,104,SBcurated,C:\Users\Exauce\Documents\smart-contract-cgt\source\814a9f9ceedc8c5059d301ce58bc3a51.sol,1,train,True,
81a70d4963643b4abf5b0ad0843690ea,f60291f59b8363263fd6f24863a3d471b6f688ae85a1fa1f93ecb12d946ee50e,1,5,1,4,4,bad_randomness|denial_service|reentrancy|unchecked_low_calls,bad_randomness,104|107|113|120|128,CodeSmells,C:\Users\Exauce\Documents\smart-contract-cgt\source\81a70d4963643b4abf5b0ad0843690ea.sol,1,train,True,
828105a81b9c451dad83348131c07d5d,17f12f19787cc112b45f447cd998ccd0840bb94d3629b36034233daa8a080238,1,1,1,0,1,reentrancy,reentrancy,107,SBcurated,C:\Users\Exauce\Documents\smart-contract-cgt\source\828105a81b9c451dad83348131c07d5d.sol,1,train,True,
82f07116ae65b2cfbb79bb9b0b985a56,80d60b80d4dbf7bbe4d9f5a7090af99826be745de2cc473dc090299c4b32f205,1,7,1,6,6,arithmetic|bad_randomness|denial_service|front_running|reentrancy|unchecked_low_calls,reentrancy,101|104|107|113|114|120,Zeus|eThor,C:\Users\Exauce\Documents\smart-contract-cgt\source\82f07116ae65b2cfbb79bb9b0b985a56.sol,0,val,False,cgt_v1_label_conflict
82f3d04ffed159dacf129cf197036ce8,4674588f10f9284fc9b9c93738165a98b03e37a90945fbed60f88799cd80aa6b,1,7,2,5,6,arithmetic|bad_randomness|denial_service|front_running|reentrancy|unchecked_low_calls,arithmetic|front_running,101|104|107|113|114|120,Zeus|eThor,C:\Users\Exauce\Documents\smart-contract-cgt\source\82f3d04ffed159dacf129cf197036ce8.sol,1,val,True,
838c6d19738bee6a6a8a3ab47997fe90,a171aea358c1d25de9b65c014f527528846e52096ee0750fa69258c2ac353542,1,1,1,0,1,bad_randomness,bad_randomness,120,ContractFuzzer,C:\Users\Exauce\Documents\smart-contract-cgt\source\838c6d19738bee6a6a8a3ab47997fe90.sol,1,train,True,
83dbed8ce361bc7f871867f9af62150d,092b365e97a93572cff04e7ff569a050bff07d4f7310de0bf896f2bcc91436b7,0,7,0,7,6,arithmetic|bad_randomness|denial_service|front_running|reentrancy|unchecked_low_calls,,101|104|107|113|114|120,Zeus|eThor,C:\Users\Exauce\Documents\smart-contract-cgt\source\83dbed8ce361bc7f871867f9af62150d.sol,0,train,True,
845b7f66cc76ff0cca29e747a67e6ed7,d66928f9f8c2f3a963152f01ab5587f3a19cd80d448fc5014148b0a60e851d80,1,5,1,4,4,bad_randomness|denial_service|reentrancy|unchecked_low_calls,bad_randomness,104|107|113|120|128,CodeSmells,C:\Users\Exauce\Documents\smart-contract-cgt\source\845b7f66cc76ff0cca29e747a67e6ed7.sol,1,train,True,
85119ee7b315f8c3791bb0164ef0fa17,10c361344bd280bfafdd3d943ca30cebf3e4df40baafe80b668b21d4d083be4d,1,1,1,0,1,bad_randomness,bad_randomness,120,ContractFuzzer,C:\Users\Exauce\Documents\smart-contract-cgt\source\85119ee7b315f8c3791bb0164ef0fa17.sol,1,train,True,
8540baeea93fd0030d2bedb2f7e63e3a,f8b8815e687fc48bec7b7932cd647c8f1ffb12ee83677b05a1d113d4507a3764,1,1,1,0,1,time_manipulation,time_manipulation,116,ContractFuzzer,C:\Users\Exauce\Documents\smart-contract-cgt\source\8540baeea93fd0030d2bedb2f7e63e3a.sol,1,val,True,
85b7df96a3e81b56ad5a89dec6529cb6,6ccb256311476799b86b7c03f536a89fc07b813ec1403a3c3ed2da3e41857dda,1,2,2,0,1,arithmetic,arithmetic,101,SBcurated|SWCregistry,C:\Users\Exauce\Documents\smart-contract-cgt\source\85b7df96a3e81b56ad5a89dec6529cb6.sol,1,train,True,
85bea685dff2cdbea35c1b08beb9b289,953c1e48ebe30aea27422908e322cc887b1ccbf0db512a349782bcccf639372d,1,7,4,3,6,arithmetic|bad_randomness|denial_service|front_running|reentrancy|unchecked_low_calls,arithmetic|bad_randomness|denial_service|front_running,101|104|107|113|114|120,Zeus|eThor,C:\Users\Exauce\Documents\smart-contract-cgt\source\85bea685dff2cdbea35c1b08beb9b289.sol,1,train,True,
882a21aa1d44151b11139ef0c0c887ab,d56286da128fa9ee09f7ad704b8d5298623ff5a114ebcde80e494e8f5b61cb76,1,2,2,0,1,denial_service,denial_service,128,SBcurated|SWCregistry,C:\Users\Exauce\Documents\smart-contract-cgt\source\882a21aa1d44151b11139ef0c0c887ab.sol,1,train,True,
883aa8deb45410e15904c471e86e25bc,e8e79a8de47ac680ac116cff8549affeab55da377d0eae8fe10cc303938aa435,1,7,1,6,6,arithmetic|bad_randomness|denial_service|front_running|reentrancy|unchecked_low_calls,arithmetic,101|104|107|113|114|120,Zeus|eThor,C:\Users\Exauce\Documents\smart-contract-cgt\source\883aa8deb45410e15904c471e86e25bc.sol,1,train,True,
88a5cd04ef8e060e0386e0106122b790,58c70ea5dbffab4069b1cd34939585f169a2175d5178a94f9a5c9b5be70db50f,1,1,1,0,1,reentrancy,reentrancy,107,EverEvolvingG,C:\Users\Exauce\Documents\smart-contract-cgt\source\88a5cd04ef8e060e0386e0106122b790.sol,1,train,True,
88d49d35714aa4307486e281736067d2,6437b602161179e889ed24fa44d6a87f38ec092b8ddb39c45f30ea867d4b647b,1,2,2,0,1,bad_randomness,bad_randomness,120,SBcurated|SWCregistry,C:\Users\Exauce\Documents\smart-contract-cgt\source\88d49d35714aa4307486e281736067d2.sol,1,val,True,
88ed40d3458369fd2b89e060275f4e99,0ce5cda504f9eb1aeba35fab67a9ff4eb521d2ebe215e7f0a455986349002ad1,1,7,1,6,6,arithmetic|bad_randomness|denial_service|front_running|reentrancy|unchecked_low_calls,denial_service,101|104|107|113|114|120,Zeus|eThor,C:\Users\Exauce\Documents\smart-contract-cgt\source\88ed40d3458369fd2b89e060275f4e99.sol,0|1,train,True,
88f76d47fd48a0d7142dd77c6eb24e86,c31d9847631be66b522d7c73827816b841c2978a02c08f04812b863ed8a536e3,1,1,1,0,1,unchecked_low_calls,unchecked_low_calls,104,SBcurated,C:\Users\Exauce\Documents\smart-contract-cgt\source\88f76d47fd48a0d7142dd77c6eb24e86.sol,1,train,True,
893113696917d779789f5ea47150d56e,d2270aacd596bf105f2d89ad04ecf5f76f5f4a16f10094ff8676e82e0eefe1b6,1,1,1,0,1,time_manipulation,time_manipulation,116,ContractFuzzer,C:\Users\Exauce\Documents\smart-contract-cgt\source\893113696917d779789f5ea47150d56e.sol,1,val,True,
89808e226752d1bee3ff46a1dea1544a,d8398d2931eb2114e6af2447f01bce34498af1db5f68fab81c13bf937502c19f,1,7,3,4,6,arithmetic|bad_randomness|denial_service|front_running|reentrancy|unchecked_low_calls,arithmetic|bad_randomness|denial_service,101|104|107|113|114|120,Zeus|eThor,C:\Users\Exauce\Documents\smart-contract-cgt\source\89808e226752d1bee3ff46a1dea1544a.sol,1,train,True,
8a4c97e839e63a3dced8aceada8a1c13,206c034d307781601812358dbf7df5af527e58cb1bd7e099ea3bb696892889b5,1,2,2,0,1,arithmetic,arithmetic,101,SBcurated|SWCregistry,C:\Users\Exauce\Documents\smart-contract-cgt\source\8a4c97e839e63a3dced8aceada8a1c13.sol,1,val,True,
8a82d7c88d29e207458eacbff78d1065,b16c89b517e76a4bf75ecfbe3b358cf7c11ed371a317d77d66e492eda915067b,1,6,2,4,6,arithmetic|bad_randomness|denial_service|front_running|reentrancy|unchecked_low_calls,arithmetic|denial_service,101|104|107|113|114|120,Zeus,C:\Users\Exauce\Documents\smart-contract-cgt\source\8a82d7c88d29e207458eacbff78d1065.sol,0,train,False,cgt_v1_label_conflict
8ac84afe982a789fd97b2f55a5fb07fa,5d90a3ddec268810bd02d8d07c6805426f681d026771f601b71147d71774d274,0,5,0,5,4,bad_randomness|denial_service|reentrancy|unchecked_low_calls,,104|107|113|120|128,CodeSmells,C:\Users\Exauce\Documents\smart-contract-cgt\source\8ac84afe982a789fd97b2f55a5fb07fa.sol,1,train,False,cgt_v1_label_conflict
8b415ed140d67f607dabe900553d80cc,3c62723c2aa195012b6f4c71c997844331310217ad159e01880407e5fbbc7a3e,1,7,2,5,6,arithmetic|bad_randomness|denial_service|front_running|reentrancy|unchecked_low_calls,arithmetic|reentrancy,101|104|107|113|114|120,Zeus|eThor,C:\Users\Exauce\Documents\smart-contract-cgt\source\8b415ed140d67f607dabe900553d80cc.sol,1,train,True,
8ba454dc7fca853973ab5b2f2c7220e3,640e9f4ddd0daffb5c48be2702e8807db56489b418707db0f61a6faa69e85304,1,5,1,4,4,bad_randomness|denial_service|reentrancy|unchecked_low_calls,reentrancy,104|107|113|120|128,CodeSmells,C:\Users\Exauce\Documents\smart-contract-cgt\source\8ba454dc7fca853973ab5b2f2c7220e3.sol,1,val,True,
8bccc51179bd6a4072074711617d1abb,fc6d199ffb1ae1aca98c1da93c50dbab44741def0ad62f80362889658daa2c74,1,7,4,3,6,arithmetic|bad_randomness|denial_service|front_running|reentrancy|unchecked_low_calls,arithmetic|bad_randomness|denial_service|front_running,101|104|107|113|114|120,Zeus|eThor,C:\Users\Exauce\Documents\smart-contract-cgt\source\8bccc51179bd6a4072074711617d1abb.sol,1,test,True,
8cbfd6c3c06ade329197f2cbe8060738,16ed9217af07858806b98d605153294fbfe7acd348f10ae19ce54f0d1ab3dce3,1,1,1,0,1,time_manipulation,time_manipulation,116,ContractFuzzer,C:\Users\Exauce\Documents\smart-contract-cgt\source\8cbfd6c3c06ade329197f2cbe8060738.sol,1,train,True,
8d3c46e54d293cafe1c71aa6b0afd2f8,06899abebb2ef2afd5fa20e4be95efe529bd240bccfb72b223c4b3dbf8ae4111,1,1,1,0,1,unchecked_low_calls,unchecked_low_calls,104,SBcurated,C:\Users\Exauce\Documents\smart-contract-cgt\source\8d3c46e54d293cafe1c71aa6b0afd2f8.sol,1,train|val,True,
8d48645daadbca28270db15fc340f2db,649f277b480f04100f9cd33e5f2a4ecefe677a0441a3445efc4cec66ef8ceb2b,1,7,6,1,6,arithmetic|bad_randomness|denial_service|front_running|reentrancy|unchecked_low_calls,arithmetic|bad_randomness|denial_service|front_running|reentrancy|unchecked_low_calls,101|104|107|113|114|120,Zeus|eThor,C:\Users\Exauce\Documents\smart-contract-cgt\source\8d48645daadbca28270db15fc340f2db.sol,1,train,True,
8d7b4fa64f6cb6099fd382789095795e,3142ef3b51c0c5019bdab143b60aedd2cfe9c15fbfa862a6e8ab95d58ca88a47,1,7,2,5,6,arithmetic|bad_randomness|denial_service|front_running|reentrancy|unchecked_low_calls,denial_service|front_running,101|104|107|113|114|120,Zeus|eThor,C:\Users\Exauce\Documents\smart-contract-cgt\source\8d7b4fa64f6cb6099fd382789095795e.sol,0,train,False,cgt_v1_label_conflict
8f07b15ea27991c70b256a5ccd431bfc,6fd77c7bb336a019de92bd3acf478b70df9f36b6fc264694de203b680943eea2,1,1,1,0,1,front_running,front_running,114,EthRacer,C:\Users\Exauce\Documents\smart-contract-cgt\source\8f07b15ea27991c70b256a5ccd431bfc.sol,0,train,False,cgt_v1_label_conflict
8f7ae3d52fc17414ed141f1cb4fe3ed0,6e6c3224428a45e63b2a5273651452d96c2f09f71b680328dd5a7784d222772b,1,1,1,0,1,time_manipulation,time_manipulation,116,ContractFuzzer,C:\Users\Exauce\Documents\smart-contract-cgt\source\8f7ae3d52fc17414ed141f1cb4fe3ed0.sol,1,train,True,
8fe3e4e8c4c6c9be9977d3e286e67ee3,5ec101c544ac416d77c0682bb30e4e89af9e4246790d920c449598dd699f1360,1,1,1,0,1,denial_service,denial_service,113,Doublade,C:\Users\Exauce\Documents\smart-contract-cgt\source\8fe3e4e8c4c6c9be9977d3e286e67ee3.sol,1,test,True,
914172cd9a4220f4edd2f53ac1c140fe,309e2967f6dfc7e4d9f7890512430827dacbe64fe42ecf2755222427f3208569,1,1,1,0,1,unchecked_low_calls,unchecked_low_calls,104,SBcurated,C:\Users\Exauce\Documents\smart-contract-cgt\source\914172cd9a4220f4edd2f53ac1c140fe.sol,1,val,True,
914c2517cd9700cd219ada41d548e1fc,b2f6ee8d0c3fa8a8c59d7c595f6fbe56f4459d60b9d3c7ce05bb6cd5e35d2efd,1,7,2,5,6,arithmetic|bad_randomness|denial_service|front_running|reentrancy|unchecked_low_calls,arithmetic|reentrancy,101|104|107|113|114|120,Zeus|eThor,C:\Users\Exauce\Documents\smart-contract-cgt\source\914c2517cd9700cd219ada41d548e1fc.sol,1,train,True,
918665f31737bc76d4ff196e53aaca76,6ab4a8d6ad0d44c709f459fa4e1e2682dc73a07794d467bffaa7a74b70e57e60,1,5,1,4,4,bad_randomness|denial_service|reentrancy|unchecked_low_calls,bad_randomness,104|107|113|120|128,CodeSmells,C:\Users\Exauce\Documents\smart-contract-cgt\source\918665f31737bc76d4ff196e53aaca76.sol,1,val,True,
920ec53e51a9724286fc749adc496cfc,0b0321f571f66f33cbcc0da3e8ac3a17924286228008f24efae828e34eea276a,0,7,0,7,6,arithmetic|bad_randomness|denial_service|front_running|reentrancy|unchecked_low_calls,,101|104|107|113|114|120,Zeus|eThor,C:\Users\Exauce\Documents\smart-contract-cgt\source\920ec53e51a9724286fc749adc496cfc.sol,1,train,False,cgt_v1_label_conflict
9280f2f8a04f559485d7bdfd31fcc34b,6f8a5ee5d3705d14f295c42e2223f1ebdf11d2e9d8ad591d20c38caa4bbd6162,1,1,1,0,1,front_running,front_running,114,SBcurated,C:\Users\Exauce\Documents\smart-contract-cgt\source\9280f2f8a04f559485d7bdfd31fcc34b.sol,1,val,True,
93c43077891e5b0f76c7c95e2712734e,612126792cdb10b8e00151a707d4008aa1295ddb098fd9eac2fdd68baa8af268,1,1,1,0,1,unchecked_low_calls,unchecked_low_calls,104,SBcurated,C:\Users\Exauce\Documents\smart-contract-cgt\source\93c43077891e5b0f76c7c95e2712734e.sol,1,test,True,
942c3a05658fc9d712540cdd89db81a4,63a8f7928f50bbf520564e9c1646f9641a6559990b6aa5f906e78e8107c3228a,1,6,3,3,6,arithmetic|bad_randomness|denial_service|front_running|reentrancy|unchecked_low_calls,arithmetic|denial_service|front_running,101|104|107|113|114|120,Zeus,C:\Users\Exauce\Documents\smart-contract-cgt\source\942c3a05658fc9d712540cdd89db81a4.sol,0,train,False,cgt_v1_label_conflict
9508bd0f5c2061bb96d8f0fe7d1cc3df,6867d58b4e5bc3c415fe0dadd2892d6872884aac520735a9101bb256877ead09,1,7,3,4,6,arithmetic|bad_randomness|denial_service|front_running|reentrancy|unchecked_low_calls,arithmetic|denial_service|front_running,101|104|107|113|114|120,Zeus|eThor,C:\Users\Exauce\Documents\smart-contract-cgt\source\9508bd0f5c2061bb96d8f0fe7d1cc3df.sol,1,test,True,
9531ef97f59019c62d2348001e458830,e1f804f1831b87fd4c513f6c08848d04cbe9832a5ee04a8c760630033ed7a86f,1,1,1,0,1,time_manipulation,time_manipulation,116,ContractFuzzer,C:\Users\Exauce\Documents\smart-contract-cgt\source\9531ef97f59019c62d2348001e458830.sol,0,train,False,cgt_v1_label_conflict
9571b6f2f1a04891ef1640b74b657030,3099b2a04c673eb53537e65dcea9ecd9af32a26f72782b9e93f2d936b64eb01f,0,5,0,5,4,bad_randomness|denial_service|reentrancy|unchecked_low_calls,,104|107|113|120|128,CodeSmells,C:\Users\Exauce\Documents\smart-contract-cgt\source\9571b6f2f1a04891ef1640b74b657030.sol,0,val,True,
9606e5d78dc6511475a2ea9f229485f5,07da13d68ca520b0c5bc7bb5625f18e17040e547b2395eb45fb721ca3caada62,1,1,1,0,1,front_running,front_running,114,EthRacer,C:\Users\Exauce\Documents\smart-contract-cgt\source\9606e5d78dc6511475a2ea9f229485f5.sol,0,train,False,cgt_v1_label_conflict
9625bb2120997df38d1c2c3abad544d4,832eb7297ff9d069318d4b3a744f81a1eeff9dba9c95015db02c6017f03f2e49,1,1,1,0,1,unchecked_low_calls,unchecked_low_calls,104,SBcurated,C:\Users\Exauce\Documents\smart-contract-cgt\source\9625bb2120997df38d1c2c3abad544d4.sol,1,train,True,
964b617077d469fe87d42383a2fe5120,8adf756366d001a667673ec0ca03d6cf90cdfaadf0ea46b55442471373b5f7f0,1,7,5,2,6,arithmetic|bad_randomness|denial_service|front_running|reentrancy|unchecked_low_calls,arithmetic|bad_randomness|front_running|unchecked_low_calls,101|104|107|113|114|120,ContractFuzzer|Zeus,C:\Users\Exauce\Documents\smart-contract-cgt\source\964b617077d469fe87d42383a2fe5120.sol,1,train,True,
96a6fe70d4e0d386d6582b2c3a5661c1,cb2717f313b49fdc9c376347981bcb346f2c93594aff2e63a9230c8505d6d00f,1,1,1,0,1,arithmetic,arithmetic,101,SBcurated,C:\Users\Exauce\Documents\smart-contract-cgt\source\96a6fe70d4e0d386d6582b2c3a5661c1.sol,1,train,True,
96c7dabea735bea5a739e07fab0a34ce,b13ecd99b147d40fbce026565bdf941d0068dbf8960e7e14301eae2b68836a43,0,7,0,7,6,arithmetic|bad_randomness|denial_service|front_running|reentrancy|unchecked_low_calls,,101|104|107|113|114|120,Zeus|eThor,C:\Users\Exauce\Documents\smart-contract-cgt\source\96c7dabea735bea5a739e07fab0a34ce.sol,0,train|val,True,
97781419a250b9111aeda5a6dd3eaf2c,d7486356ecddd8376e6fbc844dd33fd1129d2f134d1994d3279e12f31c9ffb77,0,5,0,5,4,bad_randomness|denial_service|reentrancy|unchecked_low_calls,,104|107|113|120|128,CodeSmells,C:\Users\Exauce\Documents\smart-contract-cgt\source\97781419a250b9111aeda5a6dd3eaf2c.sol,0,train,True,
977c04512560af4c6d39c31e349921e4,dbbd3254f10c149d04a81c7dd8a22911263d0a3c685da77d94f3b42080ece862,0,5,0,5,4,bad_randomness|denial_service|reentrancy|unchecked_low_calls,,104|107|113|120|128,CodeSmells,C:\Users\Exauce\Documents\smart-contract-cgt\source\977c04512560af4c6d39c31e349921e4.sol,1,train,False,cgt_v1_label_conflict
97de38d395d4dc84284c54a49b16fabf,11889d78c2d62924414299d01e7d66f50683b85bf2f2dc5672ff1ca83e4b9fa4,1,7,4,3,6,arithmetic|bad_randomness|denial_service|front_running|reentrancy|unchecked_low_calls,arithmetic|denial_service|front_running|reentrancy,101|104|107|113|114|120,Zeus|eThor,C:\Users\Exauce\Documents\smart-contract-cgt\source\97de38d395d4dc84284c54a49b16fabf.sol,1,train,True,
98604b2718647501f07972e9112d8af4,bb5ff71c0923e6cd9ed2a548d5c10286cb9dc266caa6e25cefe9d8e87fea0be9,1,7,3,4,6,arithmetic|bad_randomness|denial_service|front_running|reentrancy|unchecked_low_calls,arithmetic|denial_service|front_running,101|104|107|113|114|120,Zeus|eThor,C:\Users\Exauce\Documents\smart-contract-cgt\source\98604b2718647501f07972e9112d8af4.sol,1,train,True,
987beebed3086ee6d2f5472e1d3ad186,7b00d4606252168a029af8c2461f23f9573fe546c306d89729abda3e309d52d5,0,5,0,5,4,bad_randomness|denial_service|reentrancy|unchecked_low_calls,,104|107|113|120|128,CodeSmells,C:\Users\Exauce\Documents\smart-contract-cgt\source\987beebed3086ee6d2f5472e1d3ad186.sol,1,train,False,cgt_v1_label_conflict
98cfc03fad0393f425923faf55d2155a,b2234732aeec64b4aef51cf5c88c8742281350a29d3502b659cc6e360fb2b336,1,2,2,0,1,reentrancy,reentrancy,107,NotSoSmartC|SBcurated,C:\Users\Exauce\Documents\smart-contract-cgt\source\98cfc03fad0393f425923faf55d2155a.sol,1,train,True,
9a12b3a9869d281e9e824f31d7f26cfa,a8e2e7a7e62a9ea9df02402cfe08c5d96c9fa8ab5c735be160c297c47832f53a,1,7,4,3,6,arithmetic|bad_randomness|denial_service|front_running|reentrancy|unchecked_low_calls,arithmetic|bad_randomness|denial_service|front_running,101|104|107|113|114|120,Zeus|eThor,C:\Users\Exauce\Documents\smart-contract-cgt\source\9a12b3a9869d281e9e824f31d7f26cfa.sol,1,train,True,
9aff273e0c5e80ec8edd05d64dbc4656,7eabd96fdf9e6bf215e7639c8e17e2331624670e98a7b7ae2d33fbd97fc1ae0a,0,7,0,7,6,arithmetic|bad_randomness|denial_service|front_running|reentrancy|unchecked_low_calls,,101|104|107|113|114|120,Zeus|eThor,C:\Users\Exauce\Documents\smart-contract-cgt\source\9aff273e0c5e80ec8edd05d64dbc4656.sol,0,train,True,
9b1500746642e2f3c28c01e085c3130c,043f586d303967c5c314e98ba5dc1cd63bdad0b5404e2c76fb78efd624954ec8,1,7,1,6,6,arithmetic|bad_randomness|denial_service|front_running|reentrancy|unchecked_low_calls,arithmetic,101|104|107|113|114|120,Zeus|eThor,C:\Users\Exauce\Documents\smart-contract-cgt\source\9b1500746642e2f3c28c01e085c3130c.sol,0,train,False,cgt_v1_label_conflict
9b4b9b305781c6a366abf3ffe6e27579,c1770fd60edb0b5f8b58b7d9fa395d904e699bf6ec7d0c8d3557452bcdc81bed,1,2,2,0,1,bad_randomness,bad_randomness,120,SBcurated|SWCregistry,C:\Users\Exauce\Documents\smart-contract-cgt\source\9b4b9b305781c6a366abf3ffe6e27579.sol,1,train,True,
9b71a9af2358963b46a92c2b3cc864b1,033e0197ed30943d20d54865ad2357c62d5f41bc69890145868304f8189f9c51,0,11,0,11,5,bad_randomness|denial_service|front_running|reentrancy|unchecked_low_calls,,104|107|113|114|120,NPChecker|Zeus|eThor,C:\Users\Exauce\Documents\smart-contract-cgt\source\9b71a9af2358963b46a92c2b3cc864b1.sol,0,val,True,
9bb1fb1316cffac69c99614b026312af,92126be522c8d8ffd8c005d468fdd1bfe610db16d4619a700aa7fc84105ac5ee,1,1,1,0,1,unchecked_low_calls,unchecked_low_calls,104,SBcurated,C:\Users\Exauce\Documents\smart-contract-cgt\source\9bb1fb1316cffac69c99614b026312af.sol,1,train,True,
9bd06932291dd60f23e061081c125389,88aaa8016d30c2b5f08cf31e0bce3397768d44d7dc32e4cf729d411c37b8d2b4,1,7,3,4,6,arithmetic|bad_randomness|denial_service|front_running|reentrancy|unchecked_low_calls,arithmetic|denial_service|front_running,101|104|107|113|114|120,Zeus|eThor,C:\Users\Exauce\Documents\smart-contract-cgt\source\9bd06932291dd60f23e061081c125389.sol,1,train,True,
9c04c9fb2d58b66f3115ab1fa0259a30,095220bf12e585fb99f8cced3a7227a19859e242b2e56419ca8aeb64b4c27a5b,1,1,1,0,1,bad_randomness,bad_randomness,120,ContractFuzzer,C:\Users\Exauce\Documents\smart-contract-cgt\source\9c04c9fb2d58b66f3115ab1fa0259a30.sol,1,train,True,
a00f0b365f8320a5e29a86e61fd1c117,2f580ee6d377ad657b785ca433094c9b06ff4de2ea3e40bc6fd92da849ef6bf2,0,1,0,1,1,front_running,,114,EthRacer,C:\Users\Exauce\Documents\smart-contract-cgt\source\a00f0b365f8320a5e29a86e61fd1c117.sol,0,train,True,
a030af08676d1ee67bda9a0e7087b5df,26cc2e9bb68cfd87c83520bf05ddfbf3c3398ad0b3aa07fe9d56f77b6764513e,0,5,0,5,4,bad_randomness|denial_service|reentrancy|unchecked_low_calls,,104|107|113|120|128,CodeSmells,C:\Users\Exauce\Documents\smart-contract-cgt\source\a030af08676d1ee67bda9a0e7087b5df.sol,0,test,True,
a0aeea5d94dc7df60b42bfb1317d8f0f,9376061375691fa7613d6ed689695cf5af20ac8c8e1f0c74ffb05aac201a16bf,0,5,0,5,4,bad_randomness|denial_service|reentrancy|unchecked_low_calls,,104|107|113|120|128,CodeSmells,C:\Users\Exauce\Documents\smart-contract-cgt\source\a0aeea5d94dc7df60b42bfb1317d8f0f.sol,0,train,True,
a1b5213c8a26fb211a4c37ae996e0c07,4c23bdb7648c905257628345bbcb8018278b979e8ae14bf1a73045cdabc6690d,1,7,1,6,6,arithmetic|bad_randomness|denial_service|front_running|reentrancy|unchecked_low_calls,arithmetic,101|104|107|113|114|120,Zeus|eThor,C:\Users\Exauce\Documents\smart-contract-cgt\source\a1b5213c8a26fb211a4c37ae996e0c07.sol,0,train,False,cgt_v1_label_conflict
a25eaf6c167062c2d664cebccee1c0c6,4357f06630289d0d94ef882137bdc330e38d37ad39962463c8934cecc9732e4f,1,7,2,5,6,arithmetic|bad_randomness|denial_service|front_running|reentrancy|unchecked_low_calls,arithmetic|reentrancy,101|104|107|113|114|120,Zeus|eThor,C:\Users\Exauce\Documents\smart-contract-cgt\source\a25eaf6c167062c2d664cebccee1c0c6.sol,1,train,True,
a2604245d40ab6790ec47c8a3bc062d7,4b866d01fbcd4539811cba71af26154b7417fb9cb80fc850d4dbe75bf1eaa61e,1,1,1,0,1,arithmetic,arithmetic,101,SBcurated,C:\Users\Exauce\Documents\smart-contract-cgt\source\a2604245d40ab6790ec47c8a3bc062d7.sol,1,train,True,
a29571389af834c5e3db3618ac949cee,912033029be6c7b7e44cc1a77edda6b555a2cc76741df1aefc50cc54651cf15f,1,7,4,3,6,arithmetic|bad_randomness|denial_service|front_running|reentrancy|unchecked_low_calls,arithmetic|bad_randomness|denial_service|front_running,101|104|107|113|114|120,Zeus|eThor,C:\Users\Exauce\Documents\smart-contract-cgt\source\a29571389af834c5e3db3618ac949cee.sol,1,train,True,
a3e72e73faafea1b428744fcdac78d94,444bb3a8789f939d78d02d144d25cf800c9805b48ed3c953bfb7e61c020fb929,1,7,4,3,6,arithmetic|bad_randomness|denial_service|front_running|reentrancy|unchecked_low_calls,arithmetic|bad_randomness|denial_service|front_running,101|104|107|113|114|120,Zeus|eThor,C:\Users\Exauce\Documents\smart-contract-cgt\source\a3e72e73faafea1b428744fcdac78d94.sol,1,train,True,
a58c59c77fda4a8f19ad7d85895cec40,2f5bcde088785ca7a4f0b061c5463e7382be09397b8906bcf6d228570d8d3d35,1,2,2,0,1,unchecked_low_calls,unchecked_low_calls,104,ContractFuzzer|SBcurated,C:\Users\Exauce\Documents\smart-contract-cgt\source\a58c59c77fda4a8f19ad7d85895cec40.sol,1,test,True,
a59f8a1c156d3208c10523b405773f2a,a57bc2ea5955e1a17df28ecaf9542f81d3f9565bdeffc23f0382c4d614854975,0,6,0,6,5,bad_randomness|denial_service|front_running|reentrancy|unchecked_low_calls,,104|107|113|114|120,Zeus|eThor,C:\Users\Exauce\Documents\smart-contract-cgt\source\a59f8a1c156d3208c10523b405773f2a.sol,0|1,test,True,
a63c47b8aab1e40492cf6dd521957a74,78562b4d0853834f5b349be8526b4efbb30adab78ca2f535fe074095619ad3cc,1,7,5,2,6,arithmetic|bad_randomness|denial_service|front_running|reentrancy|unchecked_low_calls,arithmetic|bad_randomness|front_running|reentrancy|unchecked_low_calls,101|104|107|113|114|120,Zeus|eThor,C:\Users\Exauce\Documents\smart-contract-cgt\source\a63c47b8aab1e40492cf6dd521957a74.sol,1,train,True,
a6c230ff97ae1906c6f9c50c18250437,db725ca28fa2926d30a6699e69f71d8b6beb3835740294c4f295b41213d1629b,0,5,0,5,4,bad_randomness|denial_service|reentrancy|unchecked_low_calls,,104|107|113|120|128,CodeSmells,C:\Users\Exauce\Documents\smart-contract-cgt\source\a6c230ff97ae1906c6f9c50c18250437.sol,0,train,True,
a746e2a46be20c1d5e59690711f8fc36,a6bf013d0026c6238e70f4dcd5447e5d4fd0793ba8fe29fb3f5e66da07c5b1c4,1,7,3,4,6,arithmetic|bad_randomness|denial_service|front_running|reentrancy|unchecked_low_calls,arithmetic|denial_service|front_running,101|104|107|113|114|120,Zeus|eThor,C:\Users\Exauce\Documents\smart-contract-cgt\source\a746e2a46be20c1d5e59690711f8fc36.sol,0,train,False,cgt_v1_label_conflict
a7c0c8095688f43edb5727c9569a7be1,61e7a813bbb3eef184289fbd93cedac93b4d92e33945ea404730ea4b0f33d687,1,1,1,0,1,bad_randomness,bad_randomness,120,ContractFuzzer,C:\Users\Exauce\Documents\smart-contract-cgt\source\a7c0c8095688f43edb5727c9569a7be1.sol,1,train,True,
a7d2a49eb1d4345a3b465f92a9d2d5ba,6d4234de860b761290d31f078dacbcd41ac16859677d00f923388fcfcb1fdca4,1,7,2,5,6,arithmetic|bad_randomness|denial_service|front_running|reentrancy|unchecked_low_calls,arithmetic|reentrancy,101|104|107|113|114|120,Zeus|eThor,C:\Users\Exauce\Documents\smart-contract-cgt\source\a7d2a49eb1d4345a3b465f92a9d2d5ba.sol,0,train,False,cgt_v1_label_conflict
a89ee718baf2b358b3e55929b4fe9cbc,598a1f3a05f298c78ef83f54db495cb905959ad0f7709a2431cd930df59d0850,1,5,1,4,4,bad_randomness|denial_service|reentrancy|unchecked_low_calls,denial_service,104|107|113|120|128,CodeSmells,C:\Users\Exauce\Documents\smart-contract-cgt\source\a89ee718baf2b358b3e55929b4fe9cbc.sol,1,test,True,
a8dfd3ae4eb2961406ab589922188606,818af0ed788b1a3b0bef4d86e78467ee11916648412548f09048730e197c7d3f,0,5,0,5,4,bad_randomness|denial_service|reentrancy|unchecked_low_calls,,104|107|113|120|128,CodeSmells,C:\Users\Exauce\Documents\smart-contract-cgt\source\a8dfd3ae4eb2961406ab589922188606.sol,1,val,False,cgt_v1_label_conflict
a8eca355ee72fa21205c613454e4b48a,191d1fd4901550a2fda0330b5f60cc42f0c481fa5bff5a12c38845b7fa2c05a8,1,7,2,5,6,arithmetic|bad_randomness|denial_service|front_running|reentrancy|unchecked_low_calls,front_running|unchecked_low_calls,101|104|107|113|114|120,ContractFuzzer|Zeus,C:\Users\Exauce\Documents\smart-contract-cgt\source\a8eca355ee72fa21205c613454e4b48a.sol,1,train,True,
a908ce1a9fd14f49aac2d54a9eea0aca,7517b796fcca87f4a9ab6e335208b31312031946a4d0756b63506db2c1cc0179,1,1,1,0,1,time_manipulation,time_manipulation,116,SBcurated,C:\Users\Exauce\Documents\smart-contract-cgt\source\a908ce1a9fd14f49aac2d54a9eea0aca.sol,1,train,True,
a98a29b4149089dce533b57576eea4e5,bc4dca5545cbc441a5a7663484af376213d97e341ef3d9188fb899e7705132d0,1,1,1,0,1,bad_randomness,bad_randomness,120,ContractFuzzer,C:\Users\Exauce\Documents\smart-contract-cgt\source\a98a29b4149089dce533b57576eea4e5.sol,1,val,True,
a9cc5116934c947b30eb5e57df386e26,d1beadc34aa144f9f78b6f2931a6855f6209c157f8d7ffd4d21bc9b997eca8e3,1,7,3,4,6,arithmetic|bad_randomness|denial_service|front_running|reentrancy|unchecked_low_calls,arithmetic|denial_service|front_running,101|104|107|113|114|120,Zeus|eThor,C:\Users\Exauce\Documents\smart-contract-cgt\source\a9cc5116934c947b30eb5e57df386e26.sol,0,train,False,cgt_v1_label_conflict
aa730f402b12ee02c2e37a8531e0f419,84a237fa1a2542e3eb3cc73cacf397d127a3daa92f5eeabbfa28c193877b871b,1,7,4,3,6,arithmetic|bad_randomness|denial_service|front_running|reentrancy|unchecked_low_calls,arithmetic|denial_service|front_running|reentrancy,101|104|107|113|114|120,Zeus|eThor,C:\Users\Exauce\Documents\smart-contract-cgt\source\aa730f402b12ee02c2e37a8531e0f419.sol,1,train,True,
aa90c231c0f3a061aac44f6c11868c29,6bbfbca05679bd5325f0d73bbd85a20e1e5ffebf43d590c6c9e9fc70d3793938,1,1,1,0,1,unchecked_low_calls,unchecked_low_calls,104,SBcurated,C:\Users\Exauce\Documents\smart-contract-cgt\source\aa90c231c0f3a061aac44f6c11868c29.sol,1,train,True,
ab073164676011e7a4773e4f9dfcc8f2,8a0a8ad579ea2a23e5e86b8e8cd49d444500e75b1876b404844a5203cecb1c55,1,7,4,3,6,arithmetic|bad_randomness|denial_service|front_running|reentrancy|unchecked_low_calls,arithmetic|bad_randomness|denial_service|front_running,101|104|107|113|114|120,Zeus|eThor,C:\Users\Exauce\Documents\smart-contract-cgt\source\ab073164676011e7a4773e4f9dfcc8f2.sol,1,train,True,
ab4ae730bdfd984f7412dcf2334c05c5,e28af7620ca6f3a17e1a8db1a99539153485004a76a29e7dd5e849a8363be567,1,1,1,0,1,denial_service,denial_service,113,Doublade,C:\Users\Exauce\Documents\smart-contract-cgt\source\ab4ae730bdfd984f7412dcf2334c05c5.sol,1,train,True,
ab5d5f69a4016bc824d60623eca4d29e,bd89703f64af48cc4dadfc8703bfd2d952b7fe2ad8c010565abff8f9f978545f,1,2,2,0,1,unchecked_low_calls,unchecked_low_calls,104,SBcurated|SWCregistry,C:\Users\Exauce\Documents\smart-contract-cgt\source\ab5d5f69a4016bc824d60623eca4d29e.sol,1,val,True,
ad6471eedf0339b881cde1f50e7624cf,e986d348a51ab1990a3adf0aff1bdb688b1d9c2578551ce29e93b831789251f1,1,1,1,0,1,bad_randomness,bad_randomness,120,ContractFuzzer,C:\Users\Exauce\Documents\smart-contract-cgt\source\ad6471eedf0339b881cde1f50e7624cf.sol,0,train,False,cgt_v1_label_conflict
ae3832ff76e12b6d9a87985492e6ad8d,4db9a2edd35a346d163e68f393c6ba11bcc05e84cb8dd3dc22a0ee4ba6aaee70,0,5,0,5,4,bad_randomness|denial_service|reentrancy|unchecked_low_calls,,104|107|113|120|128,CodeSmells,C:\Users\Exauce\Documents\smart-contract-cgt\source\ae3832ff76e12b6d9a87985492e6ad8d.sol,0,train,True,
aed168a2e75be07378c9abb0e3524676,a1c4f0ee45c75589409195e6a5ae90a1e3ce0724cfee62287a8bd553e08e2ad7,1,6,1,5,5,bad_randomness|denial_service|reentrancy|time_manipulation|unchecked_low_calls,time_manipulation,104|107|113|116|120|128,CodeSmells|ContractFuzzer,C:\Users\Exauce\Documents\smart-contract-cgt\source\aed168a2e75be07378c9abb0e3524676.sol,1,train,True,
aeeca1fdbcfbbacf4633a57e059b015b,984cc74dda50be5a2ef275832ea598e68fc40462b69ce9bbdfec5f36380aaa52,1,7,2,5,6,arithmetic|bad_randomness|denial_service|front_running|reentrancy|unchecked_low_calls,arithmetic|reentrancy,101|104|107|113|114|120,Zeus|eThor,C:\Users\Exauce\Documents\smart-contract-cgt\source\aeeca1fdbcfbbacf4633a57e059b015b.sol,1,test,True,
af23f64f2837b1a629f6c7903507ad68,b9593bfde15f49102da1abffc8bd51693f720a230b920195b147a21926a0d5b4,0,11,0,11,5,bad_randomness|denial_service|front_running|reentrancy|unchecked_low_calls,,104|107|113|114|120|128,CodeSmells|Zeus|eThor,C:\Users\Exauce\Documents\smart-contract-cgt\source\af23f64f2837b1a629f6c7903507ad68.sol,0|1,train,True,
b06648b43eee1574795524dd8f6d14a3,ca3a8d35b7f2471f36c843e9cef670456378c83100c940b883aa1aea8ab6ea5b,1,5,1,4,4,bad_randomness|denial_service|reentrancy|unchecked_low_calls,bad_randomness,104|107|113|120|128,CodeSmells,C:\Users\Exauce\Documents\smart-contract-cgt\source\b06648b43eee1574795524dd8f6d14a3.sol,0,train,False,cgt_v1_label_conflict
b0a615f17a640d6ee7a46abb962cb30f,6eecb7a2d9e2118edfae8e04a7d9f30bae475fabf8928aeeb1f0ae10d8b02014,1,1,1,0,1,reentrancy,reentrancy,107,Doublade,C:\Users\Exauce\Documents\smart-contract-cgt\source\b0a615f17a640d6ee7a46abb962cb30f.sol,1,train,True,
b0aac14023fd214c10ce8f5656731e9b,b467523f4f66cfc1fc6a772886970fa6e926f115f136ac42d60593b2c188dde9,1,6,4,2,5,arithmetic|denial_service|front_running|reentrancy|unchecked_low_calls,arithmetic|denial_service|front_running|reentrancy,101|104|107|113|114,Zeus|eThor,C:\Users\Exauce\Documents\smart-contract-cgt\source\b0aac14023fd214c10ce8f5656731e9b.sol,1,train,True,
b0ca80c76a0d5c890088ec14a1bfda4e,7999b818c2eb42d9fae49027c8d7ce10d561de4f149640540407e2a82c5326cd,1,6,3,3,5,arithmetic|bad_randomness|denial_service|reentrancy|unchecked_low_calls,arithmetic|denial_service|reentrancy,101|104|107|113|120,Zeus|eThor,C:\Users\Exauce\Documents\smart-contract-cgt\source\b0ca80c76a0d5c890088ec14a1bfda4e.sol,0,val,False,cgt_v1_label_conflict
b0ed6a87bfe3f7d8df5db0e3783c8ded,043e13a60a9f50405d10e0b513491084c54902846c2ff986aa3e200066ec450e,1,7,3,4,6,arithmetic|bad_randomness|denial_service|front_running|reentrancy|unchecked_low_calls,arithmetic|denial_service|front_running,101|104|107|113|114|120,Zeus|eThor,C:\Users\Exauce\Documents\smart-contract-cgt\source\b0ed6a87bfe3f7d8df5db0e3783c8ded.sol,0,train,False,cgt_v1_label_conflict
b19fffc40442b87ff4d36bffff75780f,243a4087a28aa79e541ed65b12b26b9019a46231218615375229865c36f78047,1,1,1,0,1,reentrancy,reentrancy,107,Doublade,C:\Users\Exauce\Documents\smart-contract-cgt\source\b19fffc40442b87ff4d36bffff75780f.sol,0|1,test,True,
b260e0b0ad7cbe377e6f3db1280f014d,efe09a92bb363a3594373685979a271ac238a0ef056ad5ed53afc1963bd09824,1,1,1,0,1,reentrancy,reentrancy,107,SBcurated,C:\Users\Exauce\Documents\smart-contract-cgt\source\b260e0b0ad7cbe377e6f3db1280f014d.sol,1,val,True,
b29628f643bda8160e99dc0a2928ad95,da2f045af2d536a641af08a01588e2f09d9a3d492cf0075043691c78d2765cf8,1,7,1,6,6,arithmetic|bad_randomness|denial_service|front_running|reentrancy|unchecked_low_calls,denial_service,101|104|107|113|114|120,Zeus|eThor,C:\Users\Exauce\Documents\smart-contract-cgt\source\b29628f643bda8160e99dc0a2928ad95.sol,0,val,False,cgt_v1_label_conflict
b33fbc611e61f4a71538b8455f79b496,8132f9e7c3e109e571fd6561a4c630dbca58f7a06bff7e6a9a17a20d1d28882a,1,1,1,0,1,reentrancy,reentrancy,107,ContractFuzzer,C:\Users\Exauce\Documents\smart-contract-cgt\source\b33fbc611e61f4a71538b8455f79b496.sol,0,val,False,cgt_v1_label_conflict
b391a00bafe654d04da0deab1813fae1,74fa73378417f6fef72cfbdfa4022a374222f9dba5459d9eb405fa718c039451,1,1,1,0,1,unchecked_low_calls,unchecked_low_calls,104,Doublade,C:\Users\Exauce\Documents\smart-contract-cgt\source\b391a00bafe654d04da0deab1813fae1.sol,1,train,True,
b4477ef57617863fe3525e116c295d6b,c61955bd644a5cc68dd3822107b5bbb1e4386fbd1045fa5ae4c5f2322cc50c93,0,1,0,1,1,reentrancy,,107,Doublade,C:\Users\Exauce\Documents\smart-contract-cgt\source\b4477ef57617863fe3525e116c295d6b.sol,1,train,False,cgt_v1_label_conflict
b51fa5a295e5eee06b4a53af73b55217,d93535d866867ba7c1811af63c980ce6c3f13ec50af60b5cec7a02f9eea7fb4c,1,1,1,0,1,time_manipulation,time_manipulation,116,ContractFuzzer,C:\Users\Exauce\Documents\smart-contract-cgt\source\b51fa5a295e5eee06b4a53af73b55217.sol,1,val,True,
b54d06f1d058d0179d7331534dbb5e90,b9c8d7dfce0044e30f439a4a824efadb5b7918d2703733110cce8ffeefd76d81,1,1,1,0,1,time_manipulation,time_manipulation,116,ContractFuzzer,C:\Users\Exauce\Documents\smart-contract-cgt\source\b54d06f1d058d0179d7331534dbb5e90.sol,0,val,False,cgt_v1_label_conflict
b59abac003c7fbf806d57f7172e2424d,bd855ecfbf3c94575cc6d1d67e82f6a0234794fc68c1b72ead669a0156e2d917,1,7,4,3,6,arithmetic|bad_randomness|denial_service|front_running|reentrancy|unchecked_low_calls,arithmetic|bad_randomness|denial_service|front_running,101|104|107|113|114|120,Zeus|eThor,C:\Users\Exauce\Documents\smart-contract-cgt\source\b59abac003c7fbf806d57f7172e2424d.sol,1,train,True,
b5adedfe8c340cf05a7615df5563e21d,4af5bf98b5727983438a69814bcb6c0ae55833b22c25bcf097b12d75bed41dae,0,4,0,4,3,bad_randomness|denial_service|unchecked_low_calls,,104|113|120|128,CodeSmells,C:\Users\Exauce\Documents\smart-contract-cgt\source\b5adedfe8c340cf05a7615df5563e21d.sol,0,train,True,
b5cc23f7ab359dee0d91d69fe68ba880,f94db688d0fe060006bea90315d314d7b4336814418c48bc0852af119f548794,1,1,1,0,1,unchecked_low_calls,unchecked_low_calls,104,Doublade,C:\Users\Exauce\Documents\smart-contract-cgt\source\b5cc23f7ab359dee0d91d69fe68ba880.sol,1,val,True,
b66efe95949eba490cf5d125882093db,ae4fa2f836edb9330c6e37bfd4efa66214ce1d507c180eb9e42c2e99b02d7567,1,2,2,0,1,arithmetic,arithmetic,101,SBcurated|SWCregistry,C:\Users\Exauce\Documents\smart-contract-cgt\source\b66efe95949eba490cf5d125882093db.sol,1,train,True,
b67a25e0444c0cd7a57823c4384550b0,d657e7c7f31b3b3bbd2d117675b4574e4f5a61dd55131180c96855fe39d970aa,1,8,3,5,5,bad_randomness|denial_service|front_running|reentrancy|unchecked_low_calls,bad_randomness|reentrancy|unchecked_low_calls,104|107|113|114|120|128,CodeSmells|Zeus|eThor,C:\Users\Exauce\Documents\smart-contract-cgt\source\b67a25e0444c0cd7a57823c4384550b0.sol,1,val,True,
b76c14d5ec76e157a5cc07b205bafe76,0d74a9f1b8668cdba2a398eaf340dfe591e46b9912f9a3c0a0a6149e1c5b9ad4,1,6,1,5,6,arithmetic|bad_randomness|denial_service|front_running|reentrancy|unchecked_low_calls,arithmetic,101|104|107|113|114|120,Zeus,C:\Users\Exauce\Documents\smart-contract-cgt\source\b76c14d5ec76e157a5cc07b205bafe76.sol,0,train,False,cgt_v1_label_conflict
b7c50dbb90de3a137e361c251ae9f834,4912c438b4de78f3e9a51a3d017795da7d6194305b8ddf69f4eda97a837ec0b3,1,7,1,6,6,arithmetic|bad_randomness|denial_service|front_running|reentrancy|unchecked_low_calls,arithmetic,101|104|107|113|114|120,Zeus|eThor,C:\Users\Exauce\Documents\smart-contract-cgt\source\b7c50dbb90de3a137e361c251ae9f834.sol,0,val,False,cgt_v1_label_conflict
b89b0de4c15fed659060c0f00cda7134,aab53dd8a2a7b3c0a3b8db1e85a7210d4e070d62ee314cebe286cebe4f3ad64b,1,3,3,0,1,reentrancy,reentrancy,107,ContractFuzzer|Doublade|SBcurated,C:\Users\Exauce\Documents\smart-contract-cgt\source\b89b0de4c15fed659060c0f00cda7134.sol,1,train,True,
b9cf60bfe821c22c6c61bd18c4c43edd,39908aeaa471373249705adb9f6f977d8d8216c63aa89be9db1b7f16b625e7c0,1,7,3,4,6,arithmetic|bad_randomness|denial_service|front_running|reentrancy|unchecked_low_calls,arithmetic|denial_service|front_running,101|104|107|113|114|120,Zeus|eThor,C:\Users\Exauce\Documents\smart-contract-cgt\source\b9cf60bfe821c22c6c61bd18c4c43edd.sol,0,train,False,cgt_v1_label_conflict
ba28c6ea530f08f716ef95fa2e9c836a,c29a5d9eff7dd2e74432ce89adf27a7cf619238ea22eb329ae004130460a407a,0,6,0,6,6,arithmetic|bad_randomness|denial_service|front_running|reentrancy|unchecked_low_calls,,101|104|107|113|114|120,Zeus,C:\Users\Exauce\Documents\smart-contract-cgt\source\ba28c6ea530f08f716ef95fa2e9c836a.sol,0,train,True,
ba6a26a51badc57679851b309018eab9,f8b37903ff57bb82b3f7eeceb81b3246a9eb6c88bb3dbc2905508c7612691dec,1,5,2,3,5,bad_randomness|denial_service|front_running|reentrancy|unchecked_low_calls,bad_randomness|reentrancy,104|107|113|114|120,Zeus|eThor,C:\Users\Exauce\Documents\smart-contract-cgt\source\ba6a26a51badc57679851b309018eab9.sol,1,train,True,
bc24699748e89fb76044340d892a7873,1143e0d4811f3d748f852bd19f27004171ab70f246c2d84c1fc7fbe8f79eedd1,1,7,4,3,6,arithmetic|bad_randomness|denial_service|front_running|reentrancy|unchecked_low_calls,arithmetic|bad_randomness|denial_service|front_running,101|104|107|113|114|120,Zeus|eThor,C:\Users\Exauce\Documents\smart-contract-cgt\source\bc24699748e89fb76044340d892a7873.sol,1,train,True,
bc7fadf53e9dd98cc7a10ccc4106f5bd,9b11eb975b5a1c06704ff6ce5b3a8e4243ea69f0dd0deca7796e98f2476f9df2,1,1,1,0,1,bad_randomness,bad_randomness,120,ContractFuzzer,C:\Users\Exauce\Documents\smart-contract-cgt\source\bc7fadf53e9dd98cc7a10ccc4106f5bd.sol,1,train,True,
bd0e43984f48cfad5ba6c97ab75ed322,9b397c3794ddf9513a3297c2f0568a2415b0d2f7fe639f137dc3eec303d3c8d2,1,1,1,0,1,unchecked_low_calls,unchecked_low_calls,104,SBcurated,C:\Users\Exauce\Documents\smart-contract-cgt\source\bd0e43984f48cfad5ba6c97ab75ed322.sol,1,train,True,
bdd9b381485f039658a9bc10e267ad20,22a59e450dfa64b26e82604d09e932acbc396aa90855399cf76edc80dc3c4492,0,7,0,7,6,arithmetic|bad_randomness|denial_service|front_running|reentrancy|unchecked_low_calls,,101|104|107|113|114|120,Zeus|eThor,C:\Users\Exauce\Documents\smart-contract-cgt\source\bdd9b381485f039658a9bc10e267ad20.sol,0,test,True,
bf67c31c3dc1e827ccf49d883ce3bbc0,e6ef14c07e4288bb07e02bc3aa08d1ca52260a6825c928350d0275d57c16e68b,1,7,1,6,6,arithmetic|bad_randomness|denial_service|front_running|reentrancy|unchecked_low_calls,reentrancy,101|104|107|113|114|120,Zeus|eThor,C:\Users\Exauce\Documents\smart-contract-cgt\source\bf67c31c3dc1e827ccf49d883ce3bbc0.sol,0,val,False,cgt_v1_label_conflict
c0103edee5c2f2f0d148e0030100a67e,02c913888d89958a38469de747311e02c468d8af7e89f7e2fe64e048fe30435c,0,5,0,5,4,bad_randomness|denial_service|reentrancy|unchecked_low_calls,,104|107|113|120|128,CodeSmells,C:\Users\Exauce\Documents\smart-contract-cgt\source\c0103edee5c2f2f0d148e0030100a67e.sol,1,train,False,cgt_v1_label_conflict
c06dad74cbde3617f87d79ecdbac59d8,7560ce70a6c8eb2b9aac65131db1ae3f66fd960465f36d6e1b66b747f5d4be03,1,7,3,4,6,arithmetic|bad_randomness|denial_service|front_running|reentrancy|unchecked_low_calls,arithmetic|denial_service|front_running,101|104|107|113|114|120,Zeus|eThor,C:\Users\Exauce\Documents\smart-contract-cgt\source\c06dad74cbde3617f87d79ecdbac59d8.sol,0,train,False,cgt_v1_label_conflict
c08574032605abf376211fabb5906381,de41f38be6712f90ec481ba5db56c4bbcaa060eccc9fafa9b01160da432c069e,1,1,1,0,1,unchecked_low_calls,unchecked_low_calls,104,SBcurated,C:\Users\Exauce\Documents\smart-contract-cgt\source\c08574032605abf376211fabb5906381.sol,1,val,True,
c167f847e093b1b7947ca182fc7fe2d2,21623ce0fdf9e3f0b69d794c8ab7999dd18d7b1ea99186999e1b5efda1d7c1f3,1,7,3,4,6,arithmetic|bad_randomness|denial_service|front_running|reentrancy|unchecked_low_calls,arithmetic|denial_service|front_running,101|104|107|113|114|120,Zeus|eThor,C:\Users\Exauce\Documents\smart-contract-cgt\source\c167f847e093b1b7947ca182fc7fe2d2.sol,0,test,False,cgt_v1_label_conflict
c36165ab12a99af609b8d63351d74549,81d6257cc9c447e21598046655d335855fbb4f4f79db1107a1e220275deddf8c,1,2,2,0,1,unchecked_low_calls,unchecked_low_calls,104,Doublade|SBcurated,C:\Users\Exauce\Documents\smart-contract-cgt\source\c36165ab12a99af609b8d63351d74549.sol,1,train,True,
c373e8c9c600c430ebbc72e0aba07cbf,c9736e6d44742d764010c5bce42063dcf4a268f859ec67d4768408428133b7d0,1,1,1,0,1,reentrancy,reentrancy,107,SBcurated,C:\Users\Exauce\Documents\smart-contract-cgt\source\c373e8c9c600c430ebbc72e0aba07cbf.sol,1,test,True,
c38ee289214a9d4bd1fb30f1c100c28e,d18fe2a3e987eddee8a8e66c6554d896aa270fef48ed9e53c3031d06651a4957,1,3,3,0,1,unchecked_low_calls,unchecked_low_calls,104,ContractFuzzer|Doublade|SBcurated,C:\Users\Exauce\Documents\smart-contract-cgt\source\c38ee289214a9d4bd1fb30f1c100c28e.sol,1,train,True,
c43a21c0caaf556d1584f5c6e9cec81f,02e60d11a243e192a482cf32f0878f8766df4460d1a386fd8ac0e0481bd69c26,1,1,1,0,1,bad_randomness,bad_randomness,120,SBcurated,C:\Users\Exauce\Documents\smart-contract-cgt\source\c43a21c0caaf556d1584f5c6e9cec81f.sol,1,train,True,
c4986f55313f44d321bd88a08e4aabc1,661b9c392f3ccec624a13918d22b0be0fc25569c08332a8f29bcd1492d51a471,1,7,3,4,6,arithmetic|bad_randomness|denial_service|front_running|reentrancy|unchecked_low_calls,arithmetic|denial_service|front_running,101|104|107|113|114|120,Zeus|eThor,C:\Users\Exauce\Documents\smart-contract-cgt\source\c4986f55313f44d321bd88a08e4aabc1.sol,1,train,True,
c57b05b71072e5fca179a077a3a8c2c2,58e8cf838ddf61b8de5fa25075589c9ccd5641f0f0b6cf2dae8af81e8bafa44b,1,7,1,6,4,bad_randomness|denial_service|reentrancy|unchecked_low_calls,reentrancy,104|107|113|120|128,CodeSmells|Doublade,C:\Users\Exauce\Documents\smart-contract-cgt\source\c57b05b71072e5fca179a077a3a8c2c2.sol,1,train,True,
c599ca8789430a35547c945cf7307687,d408b195d3e7f5112107031c3d747d2f36582587ddfc6ad04eb797550c1cb93d,1,1,1,0,1,unchecked_low_calls,unchecked_low_calls,104,SBcurated,C:\Users\Exauce\Documents\smart-contract-cgt\source\c599ca8789430a35547c945cf7307687.sol,1,test,True,
c661e2c8d2f7f72b0374a3f021f1dc06,dc7f763741ec637bd10d34f036abbbea7a6990f559e1ffe5b51fdb0e7162d1a2,1,1,1,0,1,unchecked_low_calls,unchecked_low_calls,104,SBcurated,C:\Users\Exauce\Documents\smart-contract-cgt\source\c661e2c8d2f7f72b0374a3f021f1dc06.sol,1,train,True,
c73fa27f9ce017c02dd2e11d0ba91ff4,5f5a2bdbb7da52220b9febfde5071ee8c620f71db7962010fe1bfcb3afb270b4,1,12,5,7,6,arithmetic|bad_randomness|denial_service|front_running|reentrancy|unchecked_low_calls,bad_randomness|reentrancy,101|104|107|113|114|120|128,CodeSmells|Zeus|eThor,C:\Users\Exauce\Documents\smart-contract-cgt\source\c73fa27f9ce017c02dd2e11d0ba91ff4.sol,1,val,True,
c744104278a5253c34156c2a67900999,28a75f44c8c113f678a126ed8dcc890d2456d44947fc37b4d99906f441ca0851,1,1,1,0,1,time_manipulation,time_manipulation,116,ContractFuzzer,C:\Users\Exauce\Documents\smart-contract-cgt\source\c744104278a5253c34156c2a67900999.sol,1,val,True,
c75b5b8436f23ee7f9cdbe1e0cf7ed1b,3a75c106edd6ede9726fb3ec9f236a9390e32c00d20694b9d2e5ad3fb6d5cf9b,0,1,0,1,1,reentrancy,,107,Doublade,C:\Users\Exauce\Documents\smart-contract-cgt\source\c75b5b8436f23ee7f9cdbe1e0cf7ed1b.sol,0,train,True,
c7d62f596e221b046a2c07fd49e5f0da,96bbb2457aa8e18cf0976944a4503b636eeb99b5b47f3c0bcd57ca688f419248,0,1,0,1,1,denial_service,,113,Doublade,C:\Users\Exauce\Documents\smart-contract-cgt\source\c7d62f596e221b046a2c07fd49e5f0da.sol,1,train,False,cgt_v1_label_conflict
c7eee0a607a46ee902020e9b0ac31927,322844255bc438a12eab87234f5ba83cbb758633fc5c419777f89a1a82f7bdad,1,5,2,3,5,arithmetic|bad_randomness|denial_service|front_running|unchecked_low_calls,arithmetic|front_running,101|104|113|114|120,Zeus,C:\Users\Exauce\Documents\smart-contract-cgt\source\c7eee0a607a46ee902020e9b0ac31927.sol,1,train,True,
c8cbf4f07968e581f8f447b2a2c28e7b,bb124d82ad4412c52bc165a5a8add9857223e9191f52c3876db4f8ced1e82e35,1,7,4,3,6,arithmetic|bad_randomness|denial_service|front_running|reentrancy|unchecked_low_calls,arithmetic|bad_randomness|denial_service|front_running,101|104|107|113|114|120,Zeus|eThor,C:\Users\Exauce\Documents\smart-contract-cgt\source\c8cbf4f07968e581f8f447b2a2c28e7b.sol,1,train,True,
c97bb9861e46996ab10094424bde1d81,6b8c5636ee649a052734f5a1bf469576c14d104a8525d707d82072e465b41a45,1,7,3,4,6,arithmetic|bad_randomness|denial_service|front_running|reentrancy|unchecked_low_calls,arithmetic|bad_randomness|denial_service,101|104|107|113|114|120,Zeus|eThor,C:\Users\Exauce\Documents\smart-contract-cgt\source\c97bb9861e46996ab10094424bde1d81.sol,1,train,True,
ca3106b586c62093c3cf5fee986f6da7,1ca7d784163585ba8530457bb13e8f7b9160098318dfba4f77dd450447c7cea2,1,2,2,0,1,unchecked_low_calls,unchecked_low_calls,104,ContractFuzzer|SBcurated,C:\Users\Exauce\Documents\smart-contract-cgt\source\ca3106b586c62093c3cf5fee986f6da7.sol,1,val,True,
ca401057aa85d16aacec92e6481f5a05,514cc2b6d655bc84ccf875b9a6f80c9a9d843b8d37891535fb410bae85da3660,1,1,1,0,1,unchecked_low_calls,unchecked_low_calls,104,Doublade,C:\Users\Exauce\Documents\smart-contract-cgt\source\ca401057aa85d16aacec92e6481f5a05.sol,1,train,True,
caece3633abbe2b86f4202e608c3be36,695d4085b8fab080799603f6fe84d68db1692116e4f9e67c880a855e078dd9f6,1,7,3,4,6,arithmetic|bad_randomness|denial_service|front_running|reentrancy|unchecked_low_calls,arithmetic|reentrancy,101|104|107|113|114|120,Zeus|eThor,C:\Users\Exauce\Documents\smart-contract-cgt\source\caece3633abbe2b86f4202e608c3be36.sol,0,test,False,cgt_v1_label_conflict
cb806f0d7172a1df6247f651ca28a656,509a470a8165033da3138f266d86731c08d980091bf07b76497d49ed94275b34,0,5,0,5,4,bad_randomness|denial_service|reentrancy|unchecked_low_calls,,104|107|113|120|128,CodeSmells,C:\Users\Exauce\Documents\smart-contract-cgt\source\cb806f0d7172a1df6247f651ca28a656.sol,1,train,False,cgt_v1_label_conflict
cbeda3b4f870a8b249e653c871b5d655,bf17720e3f817596102962518f7e2f34181adb8faa36c8f6ec3f1700497e8c1d,0,1,0,1,1,reentrancy,,107,Doublade,C:\Users\Exauce\Documents\smart-contract-cgt\source\cbeda3b4f870a8b249e653c871b5d655.sol,1,train,False,cgt_v1_label_conflict
cd3bbc46c2f6bec35d23c8b660bf901a,4ca9fbeca326829438c23a4bed25121201928c1a9414cacf17ad6b7afc2f93a0,0,7,0,7,6,arithmetic|bad_randomness|denial_service|front_running|reentrancy|unchecked_low_calls,,101|104|107|113|114|120,Zeus|eThor,C:\Users\Exauce\Documents\smart-contract-cgt\source\cd3bbc46c2f6bec35d23c8b660bf901a.sol,0,train,True,
ce6675da411ecc335e89be4189d87b75,5d1bcb9be35cb77608873d5826d58acbc7277c118ec1e84bbd6109cb5f3d436b,1,7,3,4,6,arithmetic|bad_randomness|denial_service|front_running|reentrancy|unchecked_low_calls,arithmetic|denial_service|front_running,101|104|107|113|114|120,Zeus|eThor,C:\Users\Exauce\Documents\smart-contract-cgt\source\ce6675da411ecc335e89be4189d87b75.sol,1,test|train,True,
cea02d371a65dbadaa9aee297d8b2476,b800fc02aa61635d8d745feea5488679a55eb0f3b61d0e89dee8486ee9a891e5,1,1,1,0,1,unchecked_low_calls,unchecked_low_calls,104,SBcurated,C:\Users\Exauce\Documents\smart-contract-cgt\source\cea02d371a65dbadaa9aee297d8b2476.sol,1,train,True,
cebb42a5ea944d0bfe6ac60f8ced513f,50bc44ed13b0a5fafe70ce6f1db94adca67840870c13008fc67e670d420a2f8c,1,7,2,5,6,arithmetic|bad_randomness|denial_service|front_running|reentrancy|unchecked_low_calls,arithmetic|reentrancy,101|104|107|113|114|120,Zeus|eThor,C:\Users\Exauce\Documents\smart-contract-cgt\source\cebb42a5ea944d0bfe6ac60f8ced513f.sol,0,train,False,cgt_v1_label_conflict
cf0aad78f48c8a3a67e1e476e6ab8df7,ae5828562c9189a792b7512643532089b1b79684e87ca6755e361dd632b8087b,1,7,4,3,6,arithmetic|bad_randomness|denial_service|front_running|reentrancy|unchecked_low_calls,arithmetic|denial_service|front_running|reentrancy,101|104|107|113|114|120,Zeus|eThor,C:\Users\Exauce\Documents\smart-contract-cgt\source\cf0aad78f48c8a3a67e1e476e6ab8df7.sol,1,train,True,
cf3d4a62e98f5dec4d263d3274d3268a,116e884dc87ccd20611d3e0cd59abff3c50d88d9c873d7520a0c281cd785c243,1,5,2,3,5,bad_randomness|denial_service|front_running|reentrancy|unchecked_low_calls,bad_randomness|reentrancy,104|107|113|114|120,Zeus|eThor,C:\Users\Exauce\Documents\smart-contract-cgt\source\cf3d4a62e98f5dec4d263d3274d3268a.sol,1,train,True,
cf591bebfb0a86189bf5395065cebb8c,2ecbc5d5a2658275d23bb1cfdb3e72db0d8f823eb8216d4af1e8f77295abd5fc,0,7,0,7,6,arithmetic|bad_randomness|denial_service|front_running|reentrancy|unchecked_low_calls,,101|104|107|113|114|120,Zeus|eThor,C:\Users\Exauce\Documents\smart-contract-cgt\source\cf591bebfb0a86189bf5395065cebb8c.sol,0,train,True,
cf971d0b5b95960356fe47e96e281f42,ab71c09264d988e1316ae7b785fbd40507a9ffe92e1676bd6e3c7c359f2c5d70,1,7,3,4,6,arithmetic|bad_randomness|denial_service|front_running|reentrancy|unchecked_low_calls,arithmetic|denial_service|front_running,101|104|107|113|114|120,Zeus|eThor,C:\Users\Exauce\Documents\smart-contract-cgt\source\cf971d0b5b95960356fe47e96e281f42.sol,0,train,False,cgt_v1_label_conflict
d0307253f72355489469449793f2537a,e569e1e803d0e528473fbd792d99e3712ff8dc9c66dc5775518eb5cdb09f5218,1,7,3,4,6,arithmetic|bad_randomness|denial_service|front_running|reentrancy|unchecked_low_calls,arithmetic|denial_service|front_running,101|104|107|113|114|120,Zeus|eThor,C:\Users\Exauce\Documents\smart-contract-cgt\source\d0307253f72355489469449793f2537a.sol,0,test,False,cgt_v1_label_conflict
d099798ce13d85be5a7c3ba32762a326,4938f3b9bd6b268910994a7b53ea1099a9c879f1107cdafca95d7d63d4988c67,1,1,1,0,1,arithmetic,arithmetic,101,SBcurated,C:\Users\Exauce\Documents\smart-contract-cgt\source\d099798ce13d85be5a7c3ba32762a326.sol,1,train,True,
d0a911c3d70d558e4b17ad4008d5c6b2,ff7b3333ba91a3d344b3fb356eb72768121c6552985ce3c73305d6d0307936c8,1,2,2,0,1,reentrancy,reentrancy,107,ContractFuzzer|SBcurated,C:\Users\Exauce\Documents\smart-contract-cgt\source\d0a911c3d70d558e4b17ad4008d5c6b2.sol,1,train,True,
d0ba4c8c744485b662496416ee53d08b,707ec80fd4b0fc5bf1db33a50a468a44447bd22f620be1ee41e0debdeeac570f,1,7,4,3,6,arithmetic|bad_randomness|denial_service|front_running|reentrancy|unchecked_low_calls,arithmetic|bad_randomness|front_running|unchecked_low_calls,101|104|107|113|114|120,Zeus|eThor,C:\Users\Exauce\Documents\smart-contract-cgt\source\d0ba4c8c744485b662496416ee53d08b.sol,1,val,True,
d150edb6c2ccbf96757e5063f6305026,ab3c4a78328659e6043d2bc5bd4fb7ff21ebc5c09e8b33fe5e5116861c67c7e0,1,12,2,10,6,arithmetic|bad_randomness|denial_service|front_running|reentrancy|unchecked_low_calls,denial_service|front_running,101|104|107|113|114|120|128,CodeSmells|Zeus|eThor,C:\Users\Exauce\Documents\smart-contract-cgt\source\d150edb6c2ccbf96757e5063f6305026.sol,0,val,False,cgt_v1_label_conflict
d232016d1f76ff94f89450c4b897964f,d678b8b67063dfe8659e0a6c187ed8ca51cfc11b329583e813e1268576615922,0,5,0,5,4,bad_randomness|denial_service|reentrancy|unchecked_low_calls,,104|107|113|120|128,CodeSmells,C:\Users\Exauce\Documents\smart-contract-cgt\source\d232016d1f76ff94f89450c4b897964f.sol,1,val,False,cgt_v1_label_conflict
d259b3152fcfe6870a2de6e44fc6e654,03f433202babac347954ae1f1cba2337e005c7252ad4c50713e70663c6028a34,1,7,3,4,6,arithmetic|bad_randomness|denial_service|front_running|reentrancy|unchecked_low_calls,arithmetic|denial_service|front_running,101|104|107|113|114|120,Zeus|eThor,C:\Users\Exauce\Documents\smart-contract-cgt\source\d259b3152fcfe6870a2de6e44fc6e654.sol,1,train,True,
d27a1643f2b2c549ebd0f63d9d4eb101,1989b5da5f1b0a51b2d81c83c508a9ad08e80a5b55fa27389b799fe810683b3e,1,2,2,0,2,reentrancy|unchecked_low_calls,reentrancy|unchecked_low_calls,104|107,SBcurated,C:\Users\Exauce\Documents\smart-contract-cgt\source\d27a1643f2b2c549ebd0f63d9d4eb101.sol,1,test,True,
d2a7a7df577a3b1b8baded8855c1b597,8b4688d22808152a78a27209e40b93797d7f00a97a59d2627db349015ddcd877,1,7,4,3,6,arithmetic|bad_randomness|denial_service|front_running|reentrancy|unchecked_low_calls,arithmetic|front_running|reentrancy|unchecked_low_calls,101|104|107|113|114|120,Zeus|eThor,C:\Users\Exauce\Documents\smart-contract-cgt\source\d2a7a7df577a3b1b8baded8855c1b597.sol,0,train,False,cgt_v1_label_conflict
d2c1fd512d5ed924acfb7647113f45f4,84d3cb58f65404b2b9f01319864515a83acf49cd9bf1893753ba01f871049edc,1,7,4,3,6,arithmetic|bad_randomness|denial_service|front_running|reentrancy|unchecked_low_calls,arithmetic|denial_service|front_running|reentrancy,101|104|107|113|114|120,Zeus|eThor,C:\Users\Exauce\Documents\smart-contract-cgt\source\d2c1fd512d5ed924acfb7647113f45f4.sol,0,val,False,cgt_v1_label_conflict
d2c9f4ddb6dabb91742838a31da15421,b357789270835697340e16ab04b4defc5b430d4df9b3fd7dae978b5addabbe72,1,7,3,4,6,arithmetic|bad_randomness|denial_service|front_running|reentrancy|unchecked_low_calls,arithmetic|denial_service|front_running,101|104|107|113|114|120,Zeus|eThor,C:\Users\Exauce\Documents\smart-contract-cgt\source\d2c9f4ddb6dabb91742838a31da15421.sol,0,train,False,cgt_v1_label_conflict
d2f8a61545a0929b826ace61e6f52208,849cc8af2fb2371e892bf309c1a7595e1e27f8767d1e51716e0ce11f81378c0d,1,7,3,4,6,arithmetic|bad_randomness|denial_service|front_running|reentrancy|unchecked_low_calls,arithmetic|denial_service|reentrancy,101|104|107|113|114|120,Zeus|eThor,C:\Users\Exauce\Documents\smart-contract-cgt\source\d2f8a61545a0929b826ace61e6f52208.sol,1,val,True,
d500badaaa785a2588259a6625923c70,5b01c614179c1014f14f518b8f6ca2e5fd1d3b22c8456eec130e554d925a933d,1,2,2,0,1,arithmetic,arithmetic,101,SBcurated|SWCregistry,C:\Users\Exauce\Documents\smart-contract-cgt\source\d500badaaa785a2588259a6625923c70.sol,1,val,True,
d5150c92d22193b59dc0c83cbb979fd7,af0f1d3d498269f14b84622b7e617deff7699360bea98ebb21489b2c89973373,1,7,1,6,6,arithmetic|bad_randomness|denial_service|front_running|reentrancy|unchecked_low_calls,arithmetic,101|104|107|113|114|120,Zeus|eThor,C:\Users\Exauce\Documents\smart-contract-cgt\source\d5150c92d22193b59dc0c83cbb979fd7.sol,0,test,False,cgt_v1_label_conflict
d5591baa87f1c38f165ee64dfcef9cd5,23706be5edffe227d6a6326a91be8b8ca672283b4b2f11076d44773ce357cb2f,1,2,2,0,1,arithmetic,arithmetic,101,SBcurated|SWCregistry,C:\Users\Exauce\Documents\smart-contract-cgt\source\d5591baa87f1c38f165ee64dfcef9cd5.sol,1,train,True,
d5644192c926a42e6f0639104f747e54,4d2ba61116fa65637fcad82489788f27e3303d2de732edb2ed7a11015add0921,1,1,1,0,1,denial_service,denial_service,113,Doublade,C:\Users\Exauce\Documents\smart-contract-cgt\source\d5644192c926a42e6f0639104f747e54.sol,1,train,True,
d60ec58f0a89005f2905c62603bda99a,2a6e9e741b61680eda4b532abe65eb50c7b2cab18ad1d242947f1545f0508810,1,7,1,6,6,arithmetic|bad_randomness|denial_service|front_running|reentrancy|unchecked_low_calls,reentrancy,101|104|107|113|114|120,Zeus|eThor,C:\Users\Exauce\Documents\smart-contract-cgt\source\d60ec58f0a89005f2905c62603bda99a.sol,0,train,False,cgt_v1_label_conflict
d69ee92d90d235fd196c3e420de6a951,33ec1a1af8d45f4b828821059adad6d36709433a316909ccaf8c769875309814,0,5,0,5,4,bad_randomness|denial_service|reentrancy|unchecked_low_calls,,104|107|113|120|128,CodeSmells,C:\Users\Exauce\Documents\smart-contract-cgt\source\d69ee92d90d235fd196c3e420de6a951.sol,1,train,False,cgt_v1_label_conflict
d74d4c709efae8facad5a1cc26543ef2,5973d259ee0a3c532a91ad42349cf640b3795f36834d97c10afbddb9da0b55a6,1,7,1,6,6,arithmetic|bad_randomness|denial_service|front_running|reentrancy|unchecked_low_calls,arithmetic,101|104|107|113|114|120,Zeus|eThor,C:\Users\Exauce\Documents\smart-contract-cgt\source\d74d4c709efae8facad5a1cc26543ef2.sol,0,test,False,cgt_v1_label_conflict
d76d23c9efb7be046e070aad11980ae3,5256265e19803e25eb8e62c4c4b64b3e3455ffbf0d63b16de6e0986bafba38c4,1,7,1,6,6,arithmetic|bad_randomness|denial_service|front_running|reentrancy|unchecked_low_calls,arithmetic,101|104|107|113|114|120,Zeus|eThor,C:\Users\Exauce\Documents\smart-contract-cgt\source\d76d23c9efb7be046e070aad11980ae3.sol,0,train,False,cgt_v1_label_conflict
da4c5eb90780078af0c90ee0fe6a68ab,a904e1e548e5b279818ff73d1fc63185dd74dc3517488adb0d47cec3077b49be,1,2,2,0,1,unchecked_low_calls,unchecked_low_calls,104,Doublade|SBcurated,C:\Users\Exauce\Documents\smart-contract-cgt\source\da4c5eb90780078af0c90ee0fe6a68ab.sol,1,test,True,
db51cfe3fb4a3646a38c5b5f6e018685,6122abfe1d11de9590b06d484d49503ffc02c99dcfab504763dd1951e99b8197,1,2,2,0,1,reentrancy,reentrancy,107,Doublade|SBcurated,C:\Users\Exauce\Documents\smart-contract-cgt\source\db51cfe3fb4a3646a38c5b5f6e018685.sol,1,val,True,
dc2bf8112b5a1f0f0e46007727ee4f5b,509e4ae7b616bc36ab8dd3eb1d74f9e00f956b50fadb1a9c9cba3255f358927e,1,1,1,0,1,front_running,front_running,114,EthRacer,C:\Users\Exauce\Documents\smart-contract-cgt\source\dc2bf8112b5a1f0f0e46007727ee4f5b.sol,1,val,True,
dc498839242fbbe2a85394a543657f04,460a709c0a76059e96b9fa7b39644591239754d906d53eba854c393cfb88208c,1,7,2,5,6,arithmetic|bad_randomness|denial_service|front_running|reentrancy|unchecked_low_calls,arithmetic|reentrancy,101|104|107|113|114|120,Zeus|eThor,C:\Users\Exauce\Documents\smart-contract-cgt\source\dc498839242fbbe2a85394a543657f04.sol,1,train,True,
dcc01533e1d469bcd75811bd05c42841,ec3e7d538b5e8385e891e0e8657f3245dd5921efcce55819924adcfb1dd3b50b,1,6,4,2,6,arithmetic|bad_randomness|denial_service|front_running|reentrancy|unchecked_low_calls,arithmetic|bad_randomness|front_running|unchecked_low_calls,101|104|107|113|114|120,Zeus,C:\Users\Exauce\Documents\smart-contract-cgt\source\dcc01533e1d469bcd75811bd05c42841.sol,1,train,True,
dd0c57e82f5c056771b1f015437a4da3,3bd656ca3ba53746ee0cc080445088f3a1e6515e791cadeeae81acf5ba71eaa6,0,5,0,5,4,bad_randomness|denial_service|reentrancy|unchecked_low_calls,,104|107|113|120|128,CodeSmells,C:\Users\Exauce\Documents\smart-contract-cgt\source\dd0c57e82f5c056771b1f015437a4da3.sol,1,train,False,cgt_v1_label_conflict
dd28c77a21e8b4d8a29b2122488efe00,8799c71c9e880aab371663642fc047c94fab7d46ad57ccd6625da4c9a3077995,0,7,0,7,6,arithmetic|bad_randomness|denial_service|front_running|reentrancy|unchecked_low_calls,,101|104|107|113|114|120,Zeus|eThor,C:\Users\Exauce\Documents\smart-contract-cgt\source\dd28c77a21e8b4d8a29b2122488efe00.sol,1,train,False,cgt_v1_label_conflict
ddc115d4b7c2a77bbde96cb31c5a27c1,f3e132f31cda5c250e146811a1f8ce1e2ff904cd8c7b610cc0272612406a53b7,1,7,4,3,6,arithmetic|bad_randomness|denial_service|front_running|reentrancy|unchecked_low_calls,arithmetic|bad_randomness|denial_service|front_running,101|104|107|113|114|120,Zeus|eThor,C:\Users\Exauce\Documents\smart-contract-cgt\source\ddc115d4b7c2a77bbde96cb31c5a27c1.sol,1,val,True,
de92031ec999f534511e6c3f2bed783b,182b862a2a1c8ba1ca3278d4ab67ef6d32dd18c0f740139e54d5cd8bde9076f2,1,1,1,0,1,bad_randomness,bad_randomness,120,SBcurated,C:\Users\Exauce\Documents\smart-contract-cgt\source\de92031ec999f534511e6c3f2bed783b.sol,1,train,True,
deb2c247811708cc212ab8b46ac988af,b4bb5a3e83060f3f6b0403238b56cc0adda3f05f2b9f0a41bc43b4718e663c91,0,5,0,5,4,bad_randomness|denial_service|reentrancy|unchecked_low_calls,,104|107|113|120|128,CodeSmells,C:\Users\Exauce\Documents\smart-contract-cgt\source\deb2c247811708cc212ab8b46ac988af.sol,0,val,True,
deceef5dfe102267ed92ad36c3f15169,44b187a6a7529798332c8db65769fc61c399b6105aabdee775236c8fd05166c3,1,2,2,0,2,front_running|time_manipulation,front_running|time_manipulation,114|116,ContractFuzzer|EthRacer,C:\Users\Exauce\Documents\smart-contract-cgt\source\deceef5dfe102267ed92ad36c3f15169.sol,1,train,True,
dfe1dc52292112b36329ee525db682e1,4343be4caf98ecc1d9ceef774ad91f4ae946e7548c75434a9328c2658d93ec82,0,5,0,5,4,bad_randomness|denial_service|reentrancy|unchecked_low_calls,,104|107|113|120|128,CodeSmells,C:\Users\Exauce\Documents\smart-contract-cgt\source\dfe1dc52292112b36329ee525db682e1.sol,1,train,False,cgt_v1_label_conflict
e131f0a499e39139c999ae641a9c7792,9a80c802af1cb49e08787c509f98d34556d3e7110cd68cc852ccf08b353c7235,1,7,2,5,6,arithmetic|bad_randomness|denial_service|front_running|reentrancy|unchecked_low_calls,arithmetic|front_running,101|104|107|113|114|120,Zeus|eThor,C:\Users\Exauce\Documents\smart-contract-cgt\source\e131f0a499e39139c999ae641a9c7792.sol,0,train,False,cgt_v1_label_conflict
e1bd0999813877b22b755acab3c5dd6b,6d7edcc8bc04b6bb9ec77d78ac35741c3b77069657079965c622d24afbdc60cd,0,5,0,5,4,bad_randomness|denial_service|reentrancy|unchecked_low_calls,,104|107|113|120|128,CodeSmells,C:\Users\Exauce\Documents\smart-contract-cgt\source\e1bd0999813877b22b755acab3c5dd6b.sol,1,test,False,cgt_v1_label_conflict
e1c084e2559b8ecd6e81abaed59aea3b,18ab826474d88a197a23dc710e4a5c22df65bffa6a2c4fe233581ec33a9317fd,0,5,0,5,4,bad_randomness|denial_service|reentrancy|unchecked_low_calls,,104|107|113|120|128,CodeSmells,C:\Users\Exauce\Documents\smart-contract-cgt\source\e1c084e2559b8ecd6e81abaed59aea3b.sol,0,val,True,
e21708560a41c4e69248853021afb37f,33250b5dd0474061637c04905d90eab26c8495e66c154d8dbd6cf6454433c3d3,1,7,4,3,6,arithmetic|bad_randomness|denial_service|front_running|reentrancy|unchecked_low_calls,arithmetic|bad_randomness|front_running|unchecked_low_calls,101|104|107|113|114|120,Zeus|eThor,C:\Users\Exauce\Documents\smart-contract-cgt\source\e21708560a41c4e69248853021afb37f.sol,1,train,True,
e2e2dfdd5b2aef9cb589386db546b554,24448eb764dfa1fd5b24f735e3eea1247cbfe9db4f2c88276863a6550bbdbf68,1,1,1,0,1,unchecked_low_calls,unchecked_low_calls,104,SBcurated,C:\Users\Exauce\Documents\smart-contract-cgt\source\e2e2dfdd5b2aef9cb589386db546b554.sol,1,test,True,
e33cc523fc940e79b8e656e7b6f1e85c,6fe3ad858aa50a16f3a31c9c0aa2fad93f682006e8349cfd55554d228c23b564,0,1,0,1,1,reentrancy,,107,Doublade,C:\Users\Exauce\Documents\smart-contract-cgt\source\e33cc523fc940e79b8e656e7b6f1e85c.sol,0,train,True,
e3c01148d63bfec52aaa64f137e02d6f,52b4880ce6e867fcf251afe3be80c8d20f517d294f3d9acfda4d9fc3ff9b187c,1,7,5,2,6,arithmetic|bad_randomness|denial_service|front_running|reentrancy|unchecked_low_calls,arithmetic|bad_randomness|front_running|reentrancy|unchecked_low_calls,101|104|107|113|114|120,Zeus|eThor,C:\Users\Exauce\Documents\smart-contract-cgt\source\e3c01148d63bfec52aaa64f137e02d6f.sol,1,train,True,
e451458f0dae796e25f570a8bd4cb2f4,2ef5549b320db6eda94b066833a639234b64878330c8cd1c8d3e8edbbdc0a00c,1,2,2,0,1,front_running,front_running,114,SBcurated|SWCregistry,C:\Users\Exauce\Documents\smart-contract-cgt\source\e451458f0dae796e25f570a8bd4cb2f4.sol,1,train,True,
e59ed76338ec32c14922bf858d3dd5fc,4167885d7d6ac14292cca3eaf8249617b1a7fb9a89760f10a83dbbb7559613a1,1,7,4,3,6,arithmetic|bad_randomness|denial_service|front_running|reentrancy|unchecked_low_calls,arithmetic|bad_randomness|denial_service|front_running,101|104|107|113|114|120,Zeus|eThor,C:\Users\Exauce\Documents\smart-contract-cgt\source\e59ed76338ec32c14922bf858d3dd5fc.sol,1,train,True,
e5b91a1fb63acdbf6ea0fabc18ffcb47,2a76e91934e300bf2e121a907cedab97e9849f2faba1bc78f998f33a8de2bd80,0,4,0,4,3,bad_randomness|denial_service|unchecked_low_calls,,104|113|120|128,CodeSmells,C:\Users\Exauce\Documents\smart-contract-cgt\source\e5b91a1fb63acdbf6ea0fabc18ffcb47.sol,1,val,False,cgt_v1_label_conflict
e710c808e54ef6263a3f9083f3ca26c0,eaa011c1052369bb6c89994e3314b02b32aea977a61f9d751806372f52058dae,1,6,2,4,5,bad_randomness|denial_service|front_running|reentrancy|unchecked_low_calls,reentrancy,104|107|113|114|120,Zeus|eThor,C:\Users\Exauce\Documents\smart-contract-cgt\source\e710c808e54ef6263a3f9083f3ca26c0.sol,1,train,True,
e75851a5d6b4c2c709655a946bfd0db2,fbcd27e48f5dce49bb72a1d8d1317736f9aff161dfcf2a89784b9ad725c1b092,1,7,2,5,6,arithmetic|bad_randomness|denial_service|front_running|reentrancy|unchecked_low_calls,arithmetic|front_running,101|104|107|113|114|120,Zeus|eThor,C:\Users\Exauce\Documents\smart-contract-cgt\source\e75851a5d6b4c2c709655a946bfd0db2.sol,1,train,True,
e790aa6364c6524b899deaa068ee25c1,8bd268812021e82a3dd7fd00c0421f2a7b0abef534131d9ad99df83cd958bf4e,1,7,3,4,6,arithmetic|bad_randomness|denial_service|front_running|reentrancy|unchecked_low_calls,arithmetic|front_running|reentrancy,101|104|107|113|114|120,Zeus|eThor,C:\Users\Exauce\Documents\smart-contract-cgt\source\e790aa6364c6524b899deaa068ee25c1.sol,1,val,True,
e7ba089a90aad5479a596c97daf7dce5,5c2e3f0d16e5d6be67455d593e1cc5fa5596f78d06d66684c36898e7020120a1,1,1,1,0,1,unchecked_low_calls,unchecked_low_calls,104,ContractFuzzer,C:\Users\Exauce\Documents\smart-contract-cgt\source\e7ba089a90aad5479a596c97daf7dce5.sol,1,train,True,
e7ee069717c1f8885efd8bb78dbda66e,9a535bae736a1549853e706e01d8955ef05af5e76b6e0546120ce5c09ba83aab,1,7,1,6,6,arithmetic|bad_randomness|denial_service|front_running|reentrancy|unchecked_low_calls,arithmetic,101|104|107|113|114|120,Zeus|eThor,C:\Users\Exauce\Documents\smart-contract-cgt\source\e7ee069717c1f8885efd8bb78dbda66e.sol,0,train,False,cgt_v1_label_conflict
e88c5179ce346e03fc3b346600f7aa36,0b0cea7fed1ba01e6cddc6f160c9c79fd1ba82586cad9d95506f758ff111536a,0,5,0,5,4,bad_randomness|denial_service|reentrancy|unchecked_low_calls,,104|107|113|120|128,CodeSmells,C:\Users\Exauce\Documents\smart-contract-cgt\source\e88c5179ce346e03fc3b346600f7aa36.sol,1,val,False,cgt_v1_label_conflict
e96b769b1ef8d36501e37d49c1b483d4,36f21074bd7264271a099555bcad756077a8542bc2d1381bddb31352ccd8d5e2,1,1,1,0,1,unchecked_low_calls,unchecked_low_calls,104,Doublade,C:\Users\Exauce\Documents\smart-contract-cgt\source\e96b769b1ef8d36501e37d49c1b483d4.sol,1,val,True,
e9f5fab52bc05798eba1733cead493ce,9fc492804e869163ba8782584937223d39263c700abb72ce86efacbd25ba53ff,0,5,0,5,4,bad_randomness|denial_service|reentrancy|unchecked_low_calls,,104|107|113|120|128,CodeSmells,C:\Users\Exauce\Documents\smart-contract-cgt\source\e9f5fab52bc05798eba1733cead493ce.sol,1,train,False,cgt_v1_label_conflict
ea02bfa2771ec251fdcb63789165af22,f226c4d77a384d856d59c3557c303daf0935272fef5c7dff3a78c3f71cf8805e,1,7,3,4,6,arithmetic|bad_randomness|denial_service|front_running|reentrancy|unchecked_low_calls,arithmetic|front_running|unchecked_low_calls,101|104|107|113|114|120,Zeus|eThor,C:\Users\Exauce\Documents\smart-contract-cgt\source\ea02bfa2771ec251fdcb63789165af22.sol,1,train,True,
ea0c6a170020a5a4fed21f18a2d4bb43,54372f5c295a933f9c05a2d21c8f4677c10c34c15c219dc901a41594c90536a4,0,5,0,5,4,bad_randomness|denial_service|reentrancy|unchecked_low_calls,,104|107|113|120|128,CodeSmells,C:\Users\Exauce\Documents\smart-contract-cgt\source\ea0c6a170020a5a4fed21f18a2d4bb43.sol,1,train,False,cgt_v1_label_conflict
ea3b01e6f185631860a4993056b5f710,a02bf3ad31c6202abe4dda47536cf0284aaa19bcd8bd09575169853da7728ab9,0,5,0,5,4,bad_randomness|denial_service|reentrancy|unchecked_low_calls,,104|107|113|120|128,CodeSmells,C:\Users\Exauce\Documents\smart-contract-cgt\source\ea3b01e6f185631860a4993056b5f710.sol,1,train,False,cgt_v1_label_conflict
ea84bfd3c197ff573905a6a1e0aad3aa,ac8e3550ab38c039c1b0eca90f89f1f22ff19fa79b34e3c92fed260995c3fe13,1,7,3,4,6,arithmetic|bad_randomness|denial_service|front_running|reentrancy|unchecked_low_calls,arithmetic|denial_service|front_running,101|104|107|113|114|120,Zeus|eThor,C:\Users\Exauce\Documents\smart-contract-cgt\source\ea84bfd3c197ff573905a6a1e0aad3aa.sol,1,train,True,
eb8f531bdd6151db0e60f045fce86d1a,47994867fa52f7e8388e5b44b3a4f13ebb2b03b2bb4dece1201bc93b9357b884,1,1,1,0,1,unchecked_low_calls,unchecked_low_calls,104,SBcurated,C:\Users\Exauce\Documents\smart-contract-cgt\source\eb8f531bdd6151db0e60f045fce86d1a.sol,1,test,True,
ec52fe5519874858981ccf66390fa1f8,9525c778b684c239426392bd4ae2d7ed77cc565d3e6a570069a0df7c807ff375,1,1,1,0,1,unchecked_low_calls,unchecked_low_calls,104,SBcurated,C:\Users\Exauce\Documents\smart-contract-cgt\source\ec52fe5519874858981ccf66390fa1f8.sol,1,train,True,
ec66c7985a3fca0c5b59dca74b1ab5c2,c17debbe1c13af8eb5675acb45d5498db3a7618fa1bcd7b549c26854633bc05a,0,5,0,5,4,bad_randomness|denial_service|reentrancy|unchecked_low_calls,,104|107|113|120|128,CodeSmells,C:\Users\Exauce\Documents\smart-contract-cgt\source\ec66c7985a3fca0c5b59dca74b1ab5c2.sol,1,train,False,cgt_v1_label_conflict
ec6b9b255a5963c51866349f95d26ea8,983cb1847aa61d826b9e6209196937c8308d2a00348deb873e397477db5f09be,0,12,0,12,6,arithmetic|bad_randomness|denial_service|front_running|reentrancy|unchecked_low_calls,,101|104|107|113|114|120|128,CodeSmells|Zeus|eThor,C:\Users\Exauce\Documents\smart-contract-cgt\source\ec6b9b255a5963c51866349f95d26ea8.sol,0,train,True,
ece94fd8c449a7175c8f4cd108c84ec8,0b9e36fff71fc2221475f817242f261b04b55d46f644d025f6f1c690e8555af2,1,7,4,3,6,arithmetic|bad_randomness|denial_service|front_running|reentrancy|unchecked_low_calls,arithmetic|bad_randomness|denial_service|front_running,101|104|107|113|114|120,Zeus|eThor,C:\Users\Exauce\Documents\smart-contract-cgt\source\ece94fd8c449a7175c8f4cd108c84ec8.sol,1,train,True,
ecfe4459532b6da306212bdd5108f72c,ae2903b738443ee79717e33b30f46ea26d09c542155dc48b7bd89e1ee1a55a28,1,7,3,4,6,arithmetic|bad_randomness|denial_service|front_running|reentrancy|unchecked_low_calls,arithmetic|front_running|unchecked_low_calls,101|104|107|113|114|120,Zeus|eThor,C:\Users\Exauce\Documents\smart-contract-cgt\source\ecfe4459532b6da306212bdd5108f72c.sol,1,train,True,
edc1d4665a50e846d3e10681ba9b7a52,31d0cae3913fa75ca5df0287e84992610ca41791f46103a7344949089bc3de5d,0,9,0,9,5,bad_randomness|denial_service|front_running|reentrancy|unchecked_low_calls,,104|107|113|114|120|128,CodeSmells|NPChecker,C:\Users\Exauce\Documents\smart-contract-cgt\source\edc1d4665a50e846d3e10681ba9b7a52.sol,0,train,True,
ef40083cf567b07fe108bb9cb8b17a9b,956b61c59a8d73a5a9d42274c1fb68ee8de91eb39e0533886d8d0be4d92cb202,0,7,0,7,6,arithmetic|bad_randomness|denial_service|front_running|reentrancy|unchecked_low_calls,,101|104|107|113|114|120,Zeus|eThor,C:\Users\Exauce\Documents\smart-contract-cgt\source\ef40083cf567b07fe108bb9cb8b17a9b.sol,0,train,True,
ef4048f9bb62bae6e6010b4c161bb819,654c016935c6a582b23fe4ab1e96f768fe78890e2a96b35ece073f4524406fdb,1,1,1,0,1,front_running,front_running,114,EthRacer,C:\Users\Exauce\Documents\smart-contract-cgt\source\ef4048f9bb62bae6e6010b4c161bb819.sol,0,train,False,cgt_v1_label_conflict
ef6061d5de563dbff5b33c33776c95db,eb9456aef8bf8cfa34017ff42e4d0ca00c95b9ecc63ff790b3888540800cbf48,1,1,1,0,1,front_running,front_running,114,EthRacer,C:\Users\Exauce\Documents\smart-contract-cgt\source\ef6061d5de563dbff5b33c33776c95db.sol,1,test,True,
f18ad371bdbe9e87d8c38cf708621d63,c7d4104f6705dd77d71515dcd6c565de0ae50119bf54aadd495511953b4fe39a,0,7,0,7,6,arithmetic|bad_randomness|denial_service|front_running|reentrancy|unchecked_low_calls,,101|104|107|113|114|120,Zeus|eThor,C:\Users\Exauce\Documents\smart-contract-cgt\source\f18ad371bdbe9e87d8c38cf708621d63.sol,0,test,True,
f1ebf70c7c03be63201aa30bdcd6b577,408cd00eea92d350aeebd09b41510d19617354a66b8f6241688bda7baba30515,1,1,1,0,1,time_manipulation,time_manipulation,116,ContractFuzzer,C:\Users\Exauce\Documents\smart-contract-cgt\source\f1ebf70c7c03be63201aa30bdcd6b577.sol,0,train,False,cgt_v1_label_conflict
f20d964d6fee201fd60a6a2814f0547d,4620b7425f24700ce2fd8c13a626de88ddcf25f035390e865c8d883a28c56e7e,1,8,1,7,6,arithmetic|bad_randomness|denial_service|front_running|reentrancy|unchecked_low_calls,denial_service,101|104|107|113|114|120,EthRacer|Zeus|eThor,C:\Users\Exauce\Documents\smart-contract-cgt\source\f20d964d6fee201fd60a6a2814f0547d.sol,0,train,False,cgt_v1_label_conflict
f2635dfba6c862534c98ef31e2bfea92,266c8ed59792b2f690f06842462cce9fe1e088ec8e8885e6d9a49dd0393d54b8,1,2,2,0,1,unchecked_low_calls,unchecked_low_calls,104,Doublade,C:\Users\Exauce\Documents\smart-contract-cgt\source\f2635dfba6c862534c98ef31e2bfea92.sol,1,train,True,
f2b9683eb7bb0e23c29400bbb3bf4df4,34e8500b675447990aad07f790dd86e3c0d4190216b9d5eaf73831e9c9a1f90e,1,7,3,4,6,arithmetic|bad_randomness|denial_service|front_running|reentrancy|unchecked_low_calls,denial_service|front_running|reentrancy,101|104|107|113|114|120,Zeus|eThor,C:\Users\Exauce\Documents\smart-contract-cgt\source\f2b9683eb7bb0e23c29400bbb3bf4df4.sol,0,val,False,cgt_v1_label_conflict
f2c3552764ea97a8f99a60c7fec7afb3,463c055f7dfceccc71b6a07a2821a970a54646acb860b95fa6d5ba16a7aa34ed,1,2,2,0,1,denial_service,denial_service,113,SBcurated|SWCregistry,C:\Users\Exauce\Documents\smart-contract-cgt\source\f2c3552764ea97a8f99a60c7fec7afb3.sol,1,val,True,
f3391a4b9e6004eb8a226a382795a413,295fb83b01b6cf6cc26db55e837ed750cca90a26b892fed4a42d7493a66ecaa7,1,6,4,2,6,arithmetic|bad_randomness|denial_service|front_running|reentrancy|unchecked_low_calls,arithmetic|bad_randomness|denial_service|front_running,101|104|107|113|114|120,Zeus,C:\Users\Exauce\Documents\smart-contract-cgt\source\f3391a4b9e6004eb8a226a382795a413.sol,1,train,True,
f40afd3fefac7bcb1b05c424d48579a7,3efcfbca9e968922a25cecc2bf2f7ea6611ed6ca833c24942a95da95b1245a31,1,7,1,6,6,arithmetic|bad_randomness|denial_service|front_running|reentrancy|unchecked_low_calls,reentrancy,101|104|107|113|114|120,Zeus|eThor,C:\Users\Exauce\Documents\smart-contract-cgt\source\f40afd3fefac7bcb1b05c424d48579a7.sol,0,test,False,cgt_v1_label_conflict
f4ed1381179dffe10df71f8a9265eadf,1f7769cc5dfb62b7dd2edff5801c49c54370f47f811be2e33581bf0bf26c82b2,1,7,4,3,6,arithmetic|bad_randomness|denial_service|front_running|reentrancy|unchecked_low_calls,arithmetic|bad_randomness|denial_service|front_running,101|104|107|113|114|120,Zeus|eThor,C:\Users\Exauce\Documents\smart-contract-cgt\source\f4ed1381179dffe10df71f8a9265eadf.sol,1,train,True,
f5b8b402b211826b1544e6dd4b5d0267,65647f313fe49c47c3b9a9e69a5708479bc4cdf404384eed9cda7ad590781b7e,1,5,1,4,4,bad_randomness|denial_service|reentrancy|unchecked_low_calls,bad_randomness,104|107|113|120|128,CodeSmells,C:\Users\Exauce\Documents\smart-contract-cgt\source\f5b8b402b211826b1544e6dd4b5d0267.sol,1,test,True,
f6ad51a70480782e0cdbac07a7e85167,a6cfa207c317ae6baafb358fb70710d63cb84898d96b3c6f3ed9cfcbbaa2e8c6,1,6,2,4,6,arithmetic|bad_randomness|denial_service|front_running|reentrancy|unchecked_low_calls,arithmetic|denial_service,101|104|107|113|114|120,Zeus,C:\Users\Exauce\Documents\smart-contract-cgt\source\f6ad51a70480782e0cdbac07a7e85167.sol,0,train,False,cgt_v1_label_conflict
f7252d9c5dc3476937b319adf6a292a1,c707232fefd1a0fea32dc591f0829a46e6fafa089de98eef4e445df82c9b47b1,1,7,4,3,6,arithmetic|bad_randomness|denial_service|front_running|reentrancy|unchecked_low_calls,arithmetic|bad_randomness|denial_service|front_running,101|104|107|113|114|120,Zeus|eThor,C:\Users\Exauce\Documents\smart-contract-cgt\source\f7252d9c5dc3476937b319adf6a292a1.sol,1,train,True,
f74464ec1f4663c077bee9fdaaa29056,0288b55d591abb5d07aa495eac6a95c2a6902ece02207b0091a38f2e2b97fda9,1,7,1,6,6,arithmetic|bad_randomness|denial_service|front_running|reentrancy|unchecked_low_calls,arithmetic,101|104|107|113|114|120,Zeus|eThor,C:\Users\Exauce\Documents\smart-contract-cgt\source\f74464ec1f4663c077bee9fdaaa29056.sol,0,train,False,cgt_v1_label_conflict
f9f3d002e97198d1e22d9503f64e6ef0,57e3c747d61c0ea156e30b8e603b448ae5c39e5663a3cfde0f03e75c639e362d,0,7,0,7,6,arithmetic|bad_randomness|denial_service|front_running|reentrancy|unchecked_low_calls,,101|104|107|113|114|120,Zeus|eThor,C:\Users\Exauce\Documents\smart-contract-cgt\source\f9f3d002e97198d1e22d9503f64e6ef0.sol,1,train,False,cgt_v1_label_conflict
fa0090b4c9fe41fe050b91251d4297c5,ef2245a29b85acd27384d9cc94995e4115754cc5319a3a7dbb788e1a2cf784ad,1,2,2,0,1,unchecked_low_calls,unchecked_low_calls,104,ContractFuzzer|SBcurated,C:\Users\Exauce\Documents\smart-contract-cgt\source\fa0090b4c9fe41fe050b91251d4297c5.sol,1,train,True,
fad5890ccc2db52467221021cf51c425,ca02946e8efefe59ce5f411554789bfa0248a223ec5a4e540a759c78ce839084,0,5,0,5,4,bad_randomness|denial_service|reentrancy|unchecked_low_calls,,104|107|113|120|128,CodeSmells,C:\Users\Exauce\Documents\smart-contract-cgt\source\fad5890ccc2db52467221021cf51c425.sol,0,test,True,
faf6edfa20b390a8cb2e2de26f2071cd,c7f5852e8a82b969905eb5e385e4cb36583b7a68ed172a0974503c8cee2dfe68,0,5,0,5,4,bad_randomness|denial_service|reentrancy|unchecked_low_calls,,104|107|113|120|128,CodeSmells,C:\Users\Exauce\Documents\smart-contract-cgt\source\faf6edfa20b390a8cb2e2de26f2071cd.sol,1,train,False,cgt_v1_label_conflict
fb3fe23b8f47d6ba8b1baed01f987dae,d3779fc96341525531343651dc4c3f913b0b20fc998c3f5b5e9af052a7006296,1,1,1,0,1,bad_randomness,bad_randomness,120,SBcurated,C:\Users\Exauce\Documents\smart-contract-cgt\source\fb3fe23b8f47d6ba8b1baed01f987dae.sol,1,val,True,
fbe6e21cde748db7d70bda8a2ad88c99,b851af3d91d6366b42b53b757ebc594c4ca3c8dadc196a19a07a66ba9bdbb464,1,1,1,0,1,time_manipulation,time_manipulation,116,ContractFuzzer,C:\Users\Exauce\Documents\smart-contract-cgt\source\fbe6e21cde748db7d70bda8a2ad88c99.sol,0,train,False,cgt_v1_label_conflict
fc5d64bfe5ccb35b4ed5cab3715c72f7,d60c82ae73a4347d39358cafd1fd337cdabea4b7e5626172ef87f8e9915c1ef5,0,1,0,1,1,reentrancy,,107,Doublade,C:\Users\Exauce\Documents\smart-contract-cgt\source\fc5d64bfe5ccb35b4ed5cab3715c72f7.sol,1,train,False,cgt_v1_label_conflict
fcdd06c3d73f2425c50916d0116ae936,887c19b345fb72ba473a0c21058e56702e83120e17494cb3e54b7dff448ba02a,1,5,1,4,4,bad_randomness|denial_service|reentrancy|unchecked_low_calls,bad_randomness,104|107|113|120|128,CodeSmells,C:\Users\Exauce\Documents\smart-contract-cgt\source\fcdd06c3d73f2425c50916d0116ae936.sol,1,train,True,
fd4ee69a534238270ed5fdc4ae33dd4b,bfee8e4220e493f037bff675621ed966d08b9f0dea1211fd5dcb8013c024a7f5,0,5,0,5,5,bad_randomness|denial_service|front_running|reentrancy|unchecked_low_calls,,104|107|113|114|120,NPChecker,C:\Users\Exauce\Documents\smart-contract-cgt\source\fd4ee69a534238270ed5fdc4ae33dd4b.sol,0,train,True,
fe26ab984b28c3245a9312aba657f5ed,c09cc5413f9ae5f59a76dff360824850ed5ecbd2aa96edb6afff92027cb2a860,1,1,1,0,1,unchecked_low_calls,unchecked_low_calls,104,ContractFuzzer,C:\Users\Exauce\Documents\smart-contract-cgt\source\fe26ab984b28c3245a9312aba657f5ed.sol,1,train,True,
feaa8e721d32ac82efbd38273bf55785,73e60eca39320617cdbe9767c15b4df850e6eedbce3a8827c5d56fc97198e9f7,1,7,3,4,6,arithmetic|bad_randomness|denial_service|front_running|reentrancy|unchecked_low_calls,arithmetic|bad_randomness|front_running,101|104|107|113|114|120,Zeus|eThor,C:\Users\Exauce\Documents\smart-contract-cgt\source\feaa8e721d32ac82efbd38273bf55785.sol,1,train,True,
fff6f70ab791abf2b3f03f6871fe929a,3e78e8130b74eb45f35486b1eac9f06d260c1337d913c9ab90016d01e7167e24,1,1,1,0,1,reentrancy,reentrancy,107,SBcurated,C:\Users\Exauce\Documents\smart-contract-cgt\source\fff6f70ab791abf2b3f03f6871fe929a.sol,1,train,True,
